Sample_Id,Sample,Biological_Age_Immune_Coefficient_PPP,Biological_Age_Immune_Coefficient_TM,Cumulative_Exposure_Immune_Coefficient_PPP,Cumulative_Exposure_Immune_Coefficient_TM,Recent_Exposure_Immune_Coefficient_PPP,Recent_Exposure_Immune_Coefficient_TM,Strain_Diversity_Immune_Coefficient_PPP,Strain_Diversity_Immune_Coefficient_TM,Malaria_Free_Interval_Immune_Coefficient_TM,Scale_Factor_Strain_Diversity_n,Scale_Factor_Rec_Exp_steepness,Prevalence_Threshold_For_Diversity,Scale_Factor_Free_Interval_a,Scale_Factor_Age_b,Parasite_Density_Wave_Sigma,Immune_Modifier_Include_Age,Immune_Modifier_Include_Cumulative_Exposure,Immune_Modifier_Include_Recent_Exposure,Immune_Modifier_Include_Strain_Diversity,Immune_Modifier_Include_Malaria_Free_Interval
95069dad-6674-ea11-a2c5-c4346bcb1550.000000,0,4.95011939923043,0.2114944663488768,1.220826623408539,0.6150751415552091,6.260696931668176,0.3568814234539054,1.514667724321432,0.7902710127250985,0.7977794757136276,0.3558092587414308,3.278875005937126,0.7794477834004413,0.01791042659537532,0.164030908778789,1.575177813543696,1,0,1,0,0
95069dad-6674-ea11-a2c5-c4346bcb1550.000001,1,1.156943120914653,0.3319080493586652,0.3628921068347205,0.3070058173364078,7.746706791207934,0.4114119164344394,4.274369543607875,0.4886351653376284,0.1671494698978918,4.09227640533463,0.06920635326778155,0.08335809197612536,0.1309375336635126,0.225330775143716,0.9281291035742781,0,1,0,0,0
95069dad-6674-ea11-a2c5-c4346bcb1550.000002,2,6.203406974789734,0.7839911961841951,5.951953686433002,0.8527526450710698,1.885941686379734,0.9442859291119514,4.859552366660228,0.2481620193473146,0.9547500343121611,2.372485674568621,4.221357596668668,0.366528688939165,0.1407315525110861,0.209050964040033,1.912513120807604,1,0,1,0,1
95069dad-6674-ea11-a2c5-c4346bcb1550.000003,3,2.587652458233368,0.04828069001389974,1.935229480760607,0.6478130201160022,1.789001251806689,0.1189933856927969,8.082380422475659,0.6849511749170768,0.5377233549027116,4.009706989807053,0.5778686342791995,0.3132643075683533,0.1820515301768707,0.1040309643051681,1.612126976148151,0,0,1,0,0
95069dad-6674-ea11-a2c5-c4346bcb1550.000004,4,0.8843953227489822,0.09686248227390967,9.30710679745909,0.2449154862559521,5.098540819796193,0.1022828904907692,0.7984052217131988,0.2081899577184502,0.333973789644408,2.572946455814609,3.954918628953303,0.5777176655379395,0.1586238810815579,0.1087161170788042,0.778085890995641,0,0,1,1,1
95069dad-6674-ea11-a2c5-c4346bcb1550.000005,5,4.271840813784636,0.8420382147174453,1.317938968825461,0.129626408005251,3.168284053654189,0.717101029459003,0.2009848050478316,0.740741763552895,0.8848832200794093,2.548448678953379,3.462634932832225,0.3173636895981051,0.07130173266526031,0.2542231736228603,1.986785526717166,0,1,0,1,0
95069dad-6674-ea11-a2c5-c4346bcb1550.000006,6,8.330999096038909,0.08231964216576279,8.146426670260485,0.2036346141457718,9.539725834897101,0.3237862287798046,8.115466056236087,0.5549480261810477,0.9478912630814911,0.2912732080342642,0.4134328160421512,0.6967355430075117,0.03154447049864365,0.2269629773312239,0.502639362219175,0,0,0,0,1
95069dad-6674-ea11-a2c5-c4346bcb1550.000007,7,9.734754106879944,0.7716162199403689,5.592505873447305,0.8276274694095287,4.569542914854666,0.9937101748278107,9.919538088922984,0.7689380787730793,0.02173702007658328,0.9020392671827595,1.106360038919072,0.1492613098732785,0.1515602486702008,0.2124321941286295,1.772277881173647,1,0,0,1,1
95069dad-6674-ea11-a2c5-c4346bcb1550.000008,8,8.362809150185988,0.3482566281351593,6.639886857910099,0.9339370581010016,9.914628268461655,0.2602598298291303,2.958042572596101,0.8755499652963851,0.04239840393487059,4.929822026372229,1.226304992424203,0.1792727203718845,0.1564038047744573,0.2482957612275101,1.236743285494272,1,0,0,1,1
95069dad-6674-ea11-a2c5-c4346bcb1550.000009,9,4.088851495431304,0.155487126408156,1.518000557278839,0.3178782909959485,7.242583422146645,0.8507060862640091,6.166382745176757,0.5223121403994478,0.7257566018781677,3.835549752425034,2.177020639598463,0.5179821533612113,0.1392354286580826,0.1416163424828777,1.66105366141439,0,0,0,1,1
95069dad-6674-ea11-a2c5-c4346bcb1550.000010,10,9.281690910113541,0.5903155546222821,7.336169837292958,0.132868164273534,6.481564874083135,0.1103463132958674,2.862555653297338,0.318597283921193,0.8463373309556531,2.711422278092144,3.89730396152638,0.712656155126042,0.1946426367445882,0.1745188933169506,1.023925200714369,1,0,1,1,0
95069dad-6674-ea11-a2c5-c4346bcb1550.000011,11,3.874454092365696,0.5422529732388123,6.509304663535093,0.8740402259626512,7.416167089502088,0.5863950015118478,9.59439629410527,0.5893830808795234,0.4287452617099566,1.035114362291089,4.512558669018437,0.1305060240823067,0.1102516605174713,0.1014539504978778,1.428489236761507,0,1,1,0,0
95069dad-6674-ea11-a2c5-c4346bcb1550.000012,12,7.946923991545615,0.7970485608277266,2.513351231920393,0.5239915774080053,8.60764206100309,0.158997769584144,5.75491448994682,0.7879468126635625,0.5068222707969632,2.141373865606026,4.562075811769076,0.8863871367070811,0.1730764371786159,0.2060416614423942,0.2984364852581538,0,1,0,1,0
95069dad-6674-ea11-a2c5-c4346bcb1550.000013,13,2.876383845575101,0.2291434424266977,7.559590005653661,0.3658411002848027,9.437991537132255,0.3622109485069679,5.49201872264094,0.5275314009700913,0.7675378047609566,4.07261571508317,1.670666453450687,0.5944951996807781,0.1872639832605396,0.2392148755296778,1.969004605901136,1,1,0,1,0
95069dad-6674-ea11-a2c5-c4346bcb1550.000014,14,7.265518963582457,0.3157101959406547,8.82982948937345,0.5607783363668608,8.869451017529075,0.9127803379753997,7.414916989259098,0.3747176225606107,0.07430120063163968,1.99537151623541,3.50035978511829,0.1572375029574865,0.01219233271037141,0.1637874335459082,0.2460663528010005,1,1,1,1,0
95069dad-6674-ea11-a2c5-c4346bcb1550.000015,15,0.3842409795861719,0.4940043667567431,0.5722234873412043,0.03021669525935425,0.9782767505220452,0.06015489732762939,9.223267907147534,0.9548660580673533,0.8149457446785455,2.643842774619518,4.124598774018041,0.2381353088775222,0.02384609553818464,0.1393758894908648,1.290748090754192,1,0,0,0,0
95069dad-6674-ea11-a2c5-c4346bcb1550.000016,16,2.490015921637605,0.4025964354801312,8.563463373082719,0.895477112632105,4.287997263164451,0.3477006276427332,6.217528528449434,0.558103768036059,0.1038100810504277,3.444136122708925,1.52435248277784,0.514711679444674,0.131186037586166,0.261390608062691,0.5942057191081921,0,0,0,0,1
95069dad-6674-ea11-a2c5-c4346bcb1550.000017,17,7.117817290287388,0.2635400714517454,5.117067612978039,0.1863240236744171,4.983642701245803,0.2506986561921674,7.265227621787197,0.8538202950376548,0.2868727483944849,0.7150434767706327,0.159400481273734,0.006421931437045988,0.06770124565232861,0.2443775922179956,0.7266548650250696,0,1,0,0,1
95069dad-6674-ea11-a2c5-c4346bcb1550.000018,18,3.793868263544593,0.9009952788736166,3.837890744738932,0.2876950177875439,5.459058716734265,0.4676068058603203,1.177095606301359,0.03806601870555004,0.4226309930111847,2.474764751838349,3.040734366971359,0.3090434758121549,0.1697243507882073,0.131713580672665,0.8865355761631135,1,1,0,0,0
95069dad-6674-ea11-a2c5-c4346bcb1550.000019,19,9.238028796245603,0.6320779906427229,1.662483155702688,0.02958334693284561,8.821366141980631,0.1084098101350245,4.563175405762127,0.08249964184344752,0.01093699208530051,2.507303168579997,2.69270495397013,0.07484860427054989,0.07915657091902667,0.2368669704868104,1.075759635189193,1,1,1,0,1
95069dad-6674-ea11-a2c5-c4346bcb1550.000020,20,4.010273302130038,0.2896381291990827,6.971647957657625,0.5805251636337622,0.2107081625377998,0.5040015140601225,9.439066925122116,0.3803457512576133,0.6573577540940962,3.462327320725229,1.850233597457759,0.6719644826291621,0.08337799115179782,0.2294582052153701,0.3890050547724226,0,1,0,0,1
95069dad-6674-ea11-a2c5-c4346bcb1550.000021,21,4.111011444495805,0.5537000819986251,2.762679799781406,0.7232938938111708,3.013151265340324,0.1611107110091868,0.7290231140921601,0.5423201369963853,0.7492960367114854,3.189130767017714,0.5125778363669207,0.7341451388996737,0.05204710191079841,0.2737421361620742,0.1252753398080438,0,0,0,0,1
95069dad-6674-ea11-a2c5-c4346bcb1550.000022,22,8.251901714236455,0.6426151277243922,5.275204947328763,0.4856453351978058,6.73612481093246,0.08147780272675476,2.120603800213375,0.8154660680878867,0.9756635503323786,4.538505586222138,2.060066264662095,0.4827486769651674,0.1996300054804592,0.1452371692926042,1.479316918280228,1,1,1,1,0
95069dad-6674-ea11-a2c5-c4346bcb1550.000023,23,4.625429991023868,0.1227154011026604,9.797320739480424,0.7993191193137141,6.161905005644655,0.9251470048506474,7.921125080005993,0.4445143278480195,0.3849241779745662,3.675298303829777,1.794880299476714,0.144641394844036,0.001401107399931212,0.2664443524771652,0.4861820587259423,1,0,1,0,0
95069dad-6674-ea11-a2c5-c4346bcb1550.000024,24,4.65240249720121,0.6495704542002253,0.4475696556965241,0.4778697239016254,9.310373887720989,0.4511910937422138,7.452144715859768,0.6593744876270851,0.7925739152349941,0.889731897188287,0.1028116125164268,0.1856588645049609,0.197738606711588,0.1262831669717687,0.7128559379727968,0,0,1,1,0
95069dad-6674-ea11-a2c5-c4346bcb1550.000025,25,7.707994959076531,0.4480488469869582,1.969320252450412,0.9661178820137707,3.631079649118978,0.5604007253575973,2.815687284285716,0.240410536530726,0.06053075738615108,0.1860893992314714,3.873803872302426,0.2677464083898282,0.1755203041926695,0.1942274044706329,0.9826646987410135,1,1,0,0,0
95069dad-6674-ea11-a2c5-c4346bcb1550.000026,26,2.14616276735986,0.218348758839064,7.980503638575154,0.008320026486186216,1.133079058080199,0.9748393976182387,2.691077477984821,0.8050084714785621,0.9442115125606325,4.746321989559495,2.454411140100044,0.8110726068404743,0.05917381434836091,0.1217650752304485,1.825213326327225,0,1,0,0,0
95069dad-6674-ea11-a2c5-c4346bcb1550.000027,27,2.287825684585663,0.2837906946425429,3.640006094694688,0.0784747186537447,8.705354033068012,0.5112006196819935,9.847585928873434,0.03050854068843214,0.4677590059924793,4.610080545016474,0.2114363939009852,0.3229266486562872,0.06692018894670537,0.1424084885707015,0.9559896526452712,0,1,0,1,0
95069dad-6674-ea11-a2c5-c4346bcb1550.000028,28,9.122655127482064,0.09385639275743554,7.81434717849919,0.715047329040596,4.212880181010404,0.6877688315365335,4.627719083484902,0.6063848300026686,0.2055923664710792,0.9632200784306333,1.458979285795754,0.5701837376840176,0.005313347623998595,0.1532162810486204,0.4451942515252885,1,1,1,0,0
95069dad-6674-ea11-a2c5-c4346bcb1550.000029,29,7.606282047526851,0.6638262400270586,7.671952596754674,0.0993725874130034,7.046092365085682,0.8274179961966035,2.792927738517452,0.9278995864226376,0.680458989418398,0.812431423178933,0.6989604300588594,0.07766436748956315,0.07551918473239816,0.1026232155195871,0.8123873963670007,0,1,1,0,1
95069dad-6674-ea11-a2c5-c4346bcb1550.000030,30,9.420817545942771,0.9160920179901064,2.677006206540391,0.9134672204196795,2.875592510568465,0.03939118735767763,1.580194363446009,0.9326090312070213,0.3779281748067957,3.927807465962141,0.1985821626986037,0.1534564478187528,0.1814029124859352,0.2080268124008527,0.5392884095518149,0,0,1,1,1
95069dad-6674-ea11-a2c5-c4346bcb1550.000031,31,3.257348439747452,0.002176032706139114,9.56533878900307,0.2742894823236111,9.77256686499761,0.8392522542340103,3.983795051323258,0.7813642030557754,0.31359061418416,3.882304664861927,4.824387630225496,0.2749665165448144,0.1505227962245158,0.1059896853109222,0.1724356311306953,1,1,1,0,0
95069dad-6674-ea11-a2c5-c4346bcb1550.000032,32,0.2996758605890765,0.4567337067903041,7.395573576790189,0.3323279816944426,2.832481493621346,0.2236885029112835,6.537332001109935,0.90949894696801,0.1629244091026616,3.616919761898986,4.487051358167295,0.1735852700605537,0.04297604372252165,0.1710571581301533,1.371262201560743,0,1,0,1,0
95069dad-6674-ea11-a2c5-c4346bcb1550.000033,33,5.728137139623442,0.151890071057156,2.415198165375946,0.5734815801489943,2.794113187416387,0.6630012347502288,4.365636098695739,0.1851319884485296,0.5642079775401931,3.333446147777397,3.747002215873188,0.8198554291377479,0.133722156087313,0.1587338941588163,1.883468113232373,1,0,1,0,1
95069dad-6674-ea11-a2c5-c4346bcb1550.000034,34,0.2126474832566275,0.6207786648240121,3.256961133204774,0.4257541368778248,4.499809398829159,0.8995112207555203,5.224778052893796,0.9463998262422961,0.5037991299033592,1.123860183268644,1.042413556014782,0.6147847354008997,0.163310860331264,0.1279420847618343,0.1029181073173894,0,1,1,1,0
95069dad-6674-ea11-a2c5-c4346bcb1550.000035,35,5.961374541432133,0.8986660784564228,2.894731635262793,0.1480061792659261,9.885574006756993,0.9389889368962145,7.861982294756922,0.7467883049473083,0.3254710949211739,0.7710598738012948,2.83107992238741,0.3879642092029203,0.05128675721830966,0.258029942514155,1.442506214006414,1,1,0,0,1
95069dad-6674-ea11-a2c5-c4346bcb1550.000036,36,3.537772154579031,0.9345043670200005,4.066168911039957,0.4340382877547683,1.321050367604048,0.9647060543112927,8.375965727140246,0.3037174671790954,0.3573776625270925,3.954112607375195,3.797943390755676,0.401140975337937,0.06472383461774565,0.2561704491402478,0.7048843774300876,1,1,0,0,1
95069dad-6674-ea11-a2c5-c4346bcb1550.000037,37,6.987273205384115,0.7345537900929311,3.088246619041128,0.4710499244948416,2.496323965454917,0.1541156259527687,2.069077107910266,0.4704158916454432,0.6957751442465422,1.53751927403026,2.148472528769068,0.4203757158379847,0.01811424324899524,0.1966373019145978,1.016182473790971,0,0,0,0,0
95069dad-6674-ea11-a2c5-c4346bcb1550.000038,38,6.18069349324272,0.7934713619297402,4.834647992708481,0.2625323864024883,5.343561805827466,0.6082656720663985,0.3203232698640789,0.8723417655231231,0.488951728140739,4.97159378614233,3.325375434428924,0.806005824298873,0.07492845438528498,0.1974163691867726,1.315495719627178,1,1,1,0,1
95069dad-6674-ea11-a2c5-c4346bcb1550.000039,39,7.452016166710173,0.5175165081564655,7.909150008533876,0.7353392633248551,6.556051396433929,0.8039612346500291,3.813713068553306,0.7026514877514574,0.5558366585040138,2.314945029355479,2.044470466709535,0.1968442204306941,0.1968573246937434,0.1099970883262777,1.087914190938081,1,0,1,0,0
95069dad-6674-ea11-a2c5-c4346bcb1550.000040,40,5.388442632538483,0.5085557135567216,4.293969628648856,0.509361144808474,3.7123019617297,0.9858254946159943,0.3661317354467933,0.5622520375236786,0.1316519812000319,3.149835083277595,1.259502717232578,0.6850126070141969,0.09387089683692981,0.2638035337710932,1.598254740746266,0,1,0,0,1
95069dad-6674-ea11-a2c5-c4346bcb1550.000041,41,8.666215023698136,0.01997685674095215,2.333600202826724,0.8165333166429866,3.410312822612529,0.137281492654763,8.033497638553794,0.09753061537927805,0.9692837098752471,1.315852779153933,1.441631825885094,0.5548466454587812,0.1480120973397133,0.2174867611273585,1.501276594009342,1,1,0,1,0
95069dad-6674-ea11-a2c5-c4346bcb1550.000042,42,4.366618503603141,0.07723262961709525,3.650824601674467,0.6045462810831415,3.136896739513997,0.9081120507925815,8.9594371414318,0.02873853833093484,0.2494868638554469,0.09764728758816144,1.956354912814015,0.7173970684935191,0.03228101259175644,0.2530560392742974,0.5356832325267308,0,0,1,1,0
95069dad-6674-ea11-a2c5-c4346bcb1550.000043,43,4.806579047912674,0.9052211518721665,5.014092246291079,0.7251638689677548,8.081952371143203,0.0896286453194096,9.279034238896202,0.2282692537973381,0.9858444599167069,4.876733817561249,3.690295357738457,0.4169268297352917,0.1125140845998625,0.1203586346465172,1.437439512303435,1,0,1,1,0
95069dad-6674-ea11-a2c5-c4346bcb1550.000044,44,1.023732893508296,0.1966930373939149,7.870828022830528,0.3405785343151165,5.406121442876777,0.4312080359068257,7.956480894141212,0.3690787354010135,0.5705470254512046,4.260051977429929,4.466989403544686,0.9534691641215448,0.1232391120044022,0.1479087070270735,1.253777308419946,0,1,0,1,1
95069dad-6674-ea11-a2c5-c4346bcb1550.000045,45,7.824093074048135,0.7208854658747738,4.690355517148484,0.4374799811053833,5.202589733346441,0.7411885421678107,2.745469705305857,0.1967082851679971,0.437935332506348,3.082729321731899,3.939166047569167,0.1396110572505381,0.004957544882714545,0.1248276284155375,0.2769089812295708,0,1,1,0,1
95069dad-6674-ea11-a2c5-c4346bcb1550.000046,46,3.491244405489427,0.4073102827325076,9.712518634901352,0.663325411095329,6.544479116532623,0.8565650488527847,7.133719564997294,0.3212720109267329,0.6010719651167334,2.775502676806488,3.274866081452857,0.5899823226897891,0.03719663373831605,0.2243148568670055,0.9442684271002751,1,0,1,1,1
95069dad-6674-ea11-a2c5-c4346bcb1550.000047,47,1.228185294097759,0.6287863568243289,6.709429372053463,0.994144636459541,7.93419228483191,0.6679813230196336,7.187990758409724,0.9241517751722408,0.3617789887224674,0.5094016174922941,2.548395282994495,0.6001901512505721,0.09191169069429278,0.1466205316460428,0.6415371995962984,0,1,0,0,1
95069dad-6674-ea11-a2c5-c4346bcb1550.000048,48,1.482121897296949,0.2992317423633813,4.515372489980851,0.6802137470252667,9.046638488231705,0.7376801953611263,1.714449483752708,0.8444751540288656,0.05246063095542427,1.448147361711258,4.41818375699949,0.7523268336674639,0.191498606094787,0.1611030435339095,1.285353740845143,0,0,0,0,0
95069dad-6674-ea11-a2c5-c4346bcb1550.000049,49,0.08904316638594115,0.5768514287876795,4.488232124217173,0.6655159987142132,8.355093257640798,0.8222347831808301,2.935844467390731,0.2763899040920526,0.09999046478062844,2.766675157233642,3.239739324533875,0.1908856100767311,0.03441613454747799,0.2407741445278135,0.2395179537160487,1,0,0,0,1
95069dad-6674-ea11-a2c5-c4346bcb1550.000050,50,6.832558947028837,0.8582211287613251,6.935537432405838,0.3285451981863449,8.662109289645189,0.391751958412004,5.05411468542447,0.0684391436175795,0.8631569842204131,4.194452748129271,2.504722859372638,0.8498630866208301,0.0686438606714751,0.2455430725558726,0.6189333275549312,0,0,1,0,0
95069dad-6674-ea11-a2c5-c4346bcb1550.000051,51,4.503424083218007,0.7544210503252452,5.513333058450899,0.6284859462593319,3.930496581493346,0.6130013909586806,8.553602627395591,0.2707059933629293,0.3446877996657278,1.556001545053661,3.20644358947514,0.9725752697372183,0.1341775298960791,0.2282991215775751,1.494931558133525,0,0,1,0,0
95069dad-6674-ea11-a2c5-c4346bcb1550.000052,52,8.761168329437234,0.06591893073095992,3.721516382483528,0.5778966399766774,5.554467169908345,0.5735432957205026,4.970453840828918,0.691784196217853,0.4133371122846957,3.531432936273418,4.244847514710173,0.5983482512155043,0.16683356154295,0.2811780788554341,0.7711112739435447,1,1,1,0,0
95069dad-6674-ea11-a2c5-c4346bcb1550.000053,53,5.892883880519287,0.2239629989766555,0.3330564425678677,0.5679869569262859,9.256355867074232,0.4715275858336685,3.71589401813907,0.4934058085008978,0.5904672998793478,0.3272569984248083,1.731094411737529,0.1845798038785024,0.1549168820397551,0.1666325081745242,1.787555921958903,1,1,1,0,0
95069dad-6674-ea11-a2c5-c4346bcb1550.000054,54,5.507864302072817,0.9722155250032396,7.281387886671276,0.06623190833740318,8.309248363613618,0.1840914695793579,5.033102520795701,0.2033518727772155,0.4499495486847686,1.206260336557894,3.084964727046989,0.05449005640339638,0.06913436695650424,0.2593582708375969,0.3200340007701677,1,0,0,0,0
95069dad-6674-ea11-a2c5-c4346bcb1550.000055,55,1.842902137646233,0.35800115665146,3.987291401881881,0.6067459700142777,5.744909465867693,0.1880890910453661,0.8890628841230028,0.1636835683075216,0.7317728168725488,1.054997008423273,1.718698035808294,0.487290858570386,0.02196692193635891,0.238622422270181,1.125472788481898,0,1,1,1,0
95069dad-6674-ea11-a2c5-c4346bcb1550.000056,56,6.592138183811279,0.9550109940662659,6.313707373492758,0.4595983272764669,6.753424983935603,0.429704527236531,1.690257741417508,0.4610592639386363,0.7591486584319241,4.799594265557682,3.992815795661331,0.7830753671842622,0.0724310647899964,0.2411439145197262,0.7457108120255738,0,0,1,1,0
95069dad-6674-ea11-a2c5-c4346bcb1550.000057,57,9.95003909555888,0.8204762177978765,0.753809601843214,0.3715540735653495,5.358105046727651,0.0997797054271185,9.605639427352573,0.02287024605579752,0.1188680416877129,3.282542640177999,1.097036916287534,0.4502486205583021,0.08721738789717032,0.2336181078319041,1.297454265387304,1,1,0,1,0
95069dad-6674-ea11-a2c5-c4346bcb1550.000058,58,4.156223454187064,0.9999165488491203,4.153591293120086,0.08032435177147947,0.1658509424467937,0.304804690335253,6.274613281712337,0.339477486534709,0.3963886321227121,4.704872355765351,0.9205561495289318,0.03725801192566464,0.1047257316141711,0.1787300506804454,1.840673629809959,0,1,0,1,1
95069dad-6674-ea11-a2c5-c4346bcb1550.000059,59,4.922894719719063,0.5821525342168409,0.7423416196561239,0.05960118958341601,4.118218186645509,0.2732548701478553,3.113776877764627,0.7644380446055943,0.2946039244940163,3.360892590454283,2.704202165075908,0.4551513398263007,0.1153554279091125,0.1673417334906221,1.766722861142292,0,1,0,0,1
95069dad-6674-ea11-a2c5-c4346bcb1550.000060,60,1.789702316565397,0.05375714008372069,1.578732226627141,0.7049057388076256,2.977169921497346,0.8718467107021106,5.395094657405226,0.868178876288652,0.5170899880118534,2.817663404039472,3.635939269275392,0.2029590230084367,0.02975232886065627,0.1321647889841616,1.753370678483855,1,1,0,1,0
95069dad-6674-ea11-a2c5-c4346bcb1550.000061,61,6.775083756897306,0.07050285071024887,1.624930479425304,0.2129848540974957,9.658022278350929,0.5566559527046081,7.702337760547648,0.5085503360250704,0.3490415023470698,0.3869936975100932,0.8359806888705363,0.2877448054817253,0.1058336864417757,0.112554044858734,0.8736741897117033,1,0,1,0,0
95069dad-6674-ea11-a2c5-c4346bcb1550.000062,62,0.4649190957793318,0.4431228977042178,3.938060005333738,0.925042504743056,0.7737358400733075,0.4456326861498506,1.610619742652997,0.857107857004552,0.4933770897949529,2.032441217335401,0.7285426268489374,0.2186816966821862,0.1114802533169736,0.1331469027910792,1.543407994518802,0,1,0,1,1
95069dad-6674-ea11-a2c5-c4346bcb1550.000063,63,1.132402192999225,0.7573689331808499,1.114106109963651,0.05390951035426009,1.905829610889631,0.7020499941203949,0.8107473677522808,0.3057260019118004,0.3926524996090429,0.5791977593513868,4.692106446680183,0.6384828784253117,0.02533843348636615,0.1774644719664135,1.530132578573606,1,1,1,1,1
95069dad-6674-ea11-a2c5-c4346bcb1550.000064,64,7.754458705706724,0.06112306428599656,9.631147390085523,0.8311876040688027,6.440337893981667,0.8146979603607252,2.453959233878171,0.6727061041283804,0.9371991012305427,4.120199628792065,0.6710319615375839,0.8385560446545363,0.1860204471740274,0.2789883183165656,1.559052760719558,0,1,1,1,1
95069dad-6674-ea11-a2c5-c4346bcb1550.000065,65,3.199168000539561,0.02614261872232844,6.478073915028506,0.207554267759266,4.017719363675509,0.05788615537885058,0.4567638554260066,0.1840509537611622,0.2610559180639284,1.765131157948633,4.964384712539545,0.9457160042985748,0.02466698990818207,0.1986570508445979,1.378928584219473,1,0,1,0,0
95069dad-6674-ea11-a2c5-c4346bcb1550.000066,66,7.204503103039973,0.8138730386545339,4.019813542283027,0.6901591549874909,8.925810249206213,0.2116231499037342,6.117103220094693,0.7568471303247898,0.432061113532735,2.056413497192494,4.263531738434435,0.8607450065057326,0.04574227401056553,0.1692241969403876,1.158034803678111,0,1,0,0,1
95069dad-6674-ea11-a2c5-c4346bcb1550.000067,67,6.136263457023605,0.976601862872103,9.15987279075642,0.1922560369165713,2.620032410647875,0.9022710609387412,8.198457126013558,0.6154938876825228,0.2243744164305785,0.2212575516135754,0.4369443109018018,0.6159068117658021,0.08227266670643003,0.1756570271609608,0.1627087935846542,0,0,1,1,1
95069dad-6674-ea11-a2c5-c4346bcb1550.000068,68,5.31159441493393,0.1615969305476038,9.214811846703823,0.9516605360583386,4.884472630590299,0.8193768866638114,4.727095952027621,0.9137348347023887,0.754238590596308,1.914236550023521,1.478619443644178,0.12317532121013,0.08140843096794498,0.2867398833810015,0.2592445872153546,0,1,1,0,1
95069dad-6674-ea11-a2c5-c4346bcb1550.000069,69,0.5071221797926957,0.3265073447925745,8.948519138505159,0.1381311586219327,5.54337445369769,0.5683360926652594,5.130737220140171,0.9952084472671151,0.580675351722641,3.666053795330192,4.044856004728204,0.1283313647746053,0.00629915776064644,0.2889562069898267,1.128123599389085,1,0,0,1,0
95069dad-6674-ea11-a2c5-c4346bcb1550.000070,70,5.587598348518164,0.7185495862172742,9.9022886445612,0.835554004047977,2.695221567281652,0.1482857444684965,5.419661884679138,0.9626358060477563,0.8042572233101604,4.494904961332838,1.055620819719283,0.7852223253620839,0.04852922756542397,0.2973736923867973,0.2259086722038779,0,0,1,1,0
95069dad-6674-ea11-a2c5-c4346bcb1550.000071,71,9.499356372686275,0.5987160862170283,6.767372909492969,0.2258662846314211,8.122842482381108,0.7301070968944386,0.1995544831612363,0.4690846718913661,0.3370931342676629,1.932974624594955,3.411425452108137,0.52961047177197,0.114865980447633,0.2911136985549838,1.630230524349042,1,1,0,1,0
95069dad-6674-ea11-a2c5-c4346bcb1550.000072,72,0.7502743033667468,0.4966108220603057,6.581461557272792,0.8871526374114099,8.529596100391556,0.1303307374373276,2.53243591900329,0.2533683062174969,0.1286912886527527,1.418508324402823,0.08749599679775026,0.7465573319940926,0.04393725944464426,0.2233745507360837,0.5758538026778223,0,0,1,0,1
95069dad-6674-ea11-a2c5-c4346bcb1550.000073,73,1.990848533921548,0.3738067621563265,4.561375904286606,0.2810150490226723,3.246810080838523,0.3276708875795475,5.892314248717657,0.5714705269971141,0.05812920937364063,2.655166669589893,2.732550133639701,0.5815558346319832,0.1063094841910237,0.1507807329975759,1.146714600126804,0,1,0,0,1
95069dad-6674-ea11-a2c5-c4346bcb1550.000074,74,8.7112480048078,0.04114653163173962,7.024688374741866,0.3947043145865313,0.6516642297665984,0.6287431799155724,5.298666008967807,0.4290284399248647,0.2574358193119839,4.471346990479625,3.319289988376473,0.1119803400941127,0.09922265807130942,0.176644170851852,0.5537696318011313,1,1,1,1,0
95069dad-6674-ea11-a2c5-c4346bcb1550.000075,75,5.094819934246368,0.4609096273521104,1.023026009746995,0.8104643396178086,1.581459493596706,0.2468870867615342,6.554258931662559,0.5790402525069399,0.3509203000577417,2.224388270997277,3.831182940400164,0.7936544046748202,0.1983854595768245,0.1283347170245362,1.643213513520859,1,0,0,0,1
95069dad-6674-ea11-a2c5-c4346bcb1550.000076,76,3.102587308887724,0.1301981508235022,3.208062694061411,0.302969694610257,6.371340446000064,0.1932611514903202,4.917564696859354,0.6875576425107074,0.1381067705954085,3.513633224348887,3.66794208133598,0.6770529432466568,0.01392300673113781,0.1161878628813053,0.3407863685241159,1,1,1,0,1
95069dad-6674-ea11-a2c5-c4346bcb1550.000077,77,9.571895794351075,0.9473509049019392,4.24129747969925,0.7429921567558134,3.661263028675437,0.4094956687659812,4.096480974488371,0.7748667835471272,0.03290974233252456,0.009509711656483148,1.810827339816595,0.7009728143755638,0.04918461072405508,0.1496703504788734,0.210659141802544,0,0,0,0,1
95069dad-6674-ea11-a2c5-c4346bcb1550.000078,78,7.893404237798781,0.4664021161400653,0.6248661789475355,0.9403166363806661,1.533785242249544,0.7838493429892209,8.242609934027564,0.8934965134958565,0.9621267369170746,4.581061662684959,3.379045673113281,0.7574243927745015,0.1412941469748285,0.28401002999314,0.9147767785803737,1,0,1,1,1
95069dad-6674-ea11-a2c5-c4346bcb1550.000079,79,6.343584692061662,0.6597596384170415,1.156630017508478,0.0737247785880839,0.3607157676338064,0.2869338312036843,3.888849570658215,0.4215977211411375,0.1062892602504542,3.81599925408392,1.012407785165532,0.5006416129408023,0.174457784695239,0.1880267493434798,1.794637112476907,0,1,0,0,0
95069dad-6674-ea11-a2c5-c4346bcb1550.000080,80,2.199411519002241,0.1171517824813921,9.500923156049673,0.8617863102287955,1.29511639120267,0.6916387513705446,4.33553027039016,0.1343553740363378,0.5879748692881873,1.522119823968677,4.088997305258976,0.0309527015749419,0.06049447260309087,0.2805498106689519,1.040111506249167,0,1,0,0,0
95069dad-6674-ea11-a2c5-c4346bcb1550.000081,81,2.725330548007313,0.7753795843809621,4.385243820832313,0.1137144494707463,0.3193503348993124,0.8308182877818473,1.015235531925658,0.9825670488105144,0.7184892723161305,2.685383803789325,2.94019216829598,0.3977451489075322,0.1842840893754677,0.2833896918344008,0.2885706349564814,1,0,1,0,1
95069dad-6674-ea11-a2c5-c4346bcb1550.000082,82,1.358619907797385,0.9361197083649913,5.93636757441251,0.6434575480191594,3.333016690132008,0.2273306274817693,0.4211039251026061,0.04254822938530178,0.5109821518004615,0.8642592155149326,4.332154718231642,0.4439252286258153,0.03691112843735863,0.2164334278027108,0.9844770297429692,1,0,0,0,1
95069dad-6674-ea11-a2c5-c4346bcb1550.000083,83,9.007086352882313,0.1284316118706816,8.781367083377633,0.1526926213429194,1.222142091318734,0.4820267277096446,1.111433406646654,0.09303127822335615,0.8850670522423364,2.912404137806597,3.494913038148859,0.2579621953057112,0.03886916057382342,0.1303082175824543,0.3634367799965427,0,1,1,0,0
95069dad-6674-ea11-a2c5-c4346bcb1550.000084,84,7.579572246733528,0.4368862423653851,4.405494010667638,0.1555142413583223,0.9132910005092387,0.2085286795296073,8.313552518509855,0.1418664568189776,0.5685747571607437,4.288048521914583,0.1349423679070325,0.6591323475218095,0.1722216103750506,0.1931407387716098,1.328058660897861,1,1,0,1,0
95069dad-6674-ea11-a2c5-c4346bcb1550.000085,85,6.484118498930716,0.5559688032408012,5.304517677854409,0.1611106872071341,7.073471646509995,0.7500671320034663,9.704076258180372,0.1535001532573735,0.6651279306831188,3.164498738989264,3.822561687966997,0.4476498625485558,0.1710200680663589,0.1903105002296279,0.3121679528999892,0,0,0,1,0
95069dad-6674-ea11-a2c5-c4346bcb1550.000086,86,7.050070015757312,0.804860383208137,7.509420196964991,0.9634882559316101,2.583641710373278,0.5929256841184336,6.84604913960876,0.4598329314565315,0.1464530512754739,3.588549999866028,1.612756777924048,0.3786087381066159,0.1626676552528006,0.2052415199609276,1.961789501512166,1,1,0,0,1
95069dad-6674-ea11-a2c5-c4346bcb1550.000087,87,6.077437358070674,0.8815413146165393,5.468190367066042,0.8555428832998866,4.918644151175301,0.268991321667884,4.652091296423809,0.2887668364513763,0.774748309970559,0.7790107823197387,4.985002466581431,0.4904478895320966,0.03324272161449553,0.1705395503418524,1.190979956138171,0,1,1,1,1
95069dad-6674-ea11-a2c5-c4346bcb1550.000088,88,8.142212767389879,0.9441787558254038,0.4926206893864449,0.0612524401123032,6.226037631890221,0.5196149554330163,2.208179935371503,0.7071204223387779,0.06926625636746654,0.07160549785999792,1.339189499461823,0.06757064330860608,0.1556985858648915,0.1297273111168284,0.8300766902762029,0,1,1,0,0
95069dad-6674-ea11-a2c5-c4346bcb1550.000089,89,3.387216039152628,0.2452092377587233,2.971151231183821,0.9781426489705868,4.745836253980792,0.1214573112590994,6.473793714066377,0.1735449291964005,0.4633248890227223,4.695639794536018,2.809762521935863,0.461121970260105,0.09238547496853483,0.2796939932344712,0.4276664601776228,1,1,0,0,1
95069dad-6674-ea11-a2c5-c4346bcb1550.000090,90,2.355343145114968,0.1075930992763006,7.41019317600129,0.4026291672711116,7.873211484114373,0.3755754464496683,6.722118255383723,0.7523344756424212,0.2822413380976852,4.833271281090759,1.390808071875702,0.5551503275907214,0.1384657984060927,0.1658924760874297,1.607154478680142,0,1,0,1,1
95069dad-6674-ea11-a2c5-c4346bcb1550.000091,91,0.7211070243584317,0.1464768011409207,7.712971006540234,0.611252427497319,7.995051310781578,0.007412367754068212,9.08601452032008,0.4391571041420063,0.1539620494126984,4.991349226495494,1.408983799562626,0.8588827371814555,0.119044396589797,0.1141237659606989,0.6078558605219272,0,1,0,0,0
95069dad-6674-ea11-a2c5-c4346bcb1550.000092,92,0.1574861224050188,0.1768560075041431,5.151939191736023,0.5125045474855632,1.740232913722866,0.3338206417749442,3.249819148527778,0.4116906882354447,0.4055527802694662,1.675715044982311,1.93589603274535,0.01909972454786128,0.03548491466117806,0.1918636297837116,1.583895651485181,1,0,1,0,0
95069dad-6674-ea11-a2c5-c4346bcb1550.000093,93,4.471206135748427,0.4854677976028503,6.270725897072618,0.8033898014439362,7.635870224978043,0.6709992796340986,5.664489806537426,0.2336442807181139,0.5457097166680702,1.605073013217168,3.446806933269464,0.6817379123406807,0.06527555044349195,0.2189150134418889,1.679366888249013,1,1,0,1,1
95069dad-6674-ea11-a2c5-c4346bcb1550.000094,94,9.685667642888102,0.712287604620205,5.745712422913071,0.9190605262025839,3.841779871856944,0.5430234060373722,8.472584168361527,0.1477905046322344,0.6254878145444105,3.121360025499341,1.641049524698637,0.0009068671836416487,0.1646010128195257,0.1959186314462079,0.817135876240651,0,0,1,1,1
95069dad-6674-ea11-a2c5-c4346bcb1550.000095,95,1.947493977096973,0.5328162441112844,1.275085139835936,0.9377292751084956,6.006897963067003,0.07401114411070585,3.083654548409366,0.4839357101317886,0.4533269922721795,4.515319784675834,4.441381559945627,0.2092514688852768,0.1264486773058093,0.1511920906722375,1.165984867512421,0,0,0,0,1
95069dad-6674-ea11-a2c5-c4346bcb1550.000096,96,1.525075224015303,0.3771409065443141,8.897435533119198,0.9205259403691474,7.106383951469764,0.8496574411811579,8.652214144868289,0.1661099090774568,0.296094309738821,2.964833992038973,2.107816065832263,0.99055328608878,0.08526436517209868,0.1226284653545227,1.649790566353305,0,1,0,0,1
95069dad-6674-ea11-a2c5-c4346bcb1550.000097,97,6.656167983345522,0.2563124583088142,3.328381010177506,0.4226059837210466,6.118981875175143,0.8873980382452306,6.40201311683834,0.1588186252000358,0.6769510370375944,1.14918770944288,1.197746147476651,0.1611664234841706,0.1605802404448515,0.292723837932351,1.51012377001521,0,1,1,1,1
95069dad-6674-ea11-a2c5-c4346bcb1550.000098,98,6.394129147916365,0.6128677189800202,2.257811276021357,0.4837658140934897,9.73664216752487,0.6351706118421485,6.343013672291917,0.9589405859846359,0.3036337092568014,0.3011986177602414,2.900952082327281,0.3039555126632447,0.02627505030355455,0.2001942750361346,1.978477730382932,0,0,1,0,0
95069dad-6674-ea11-a2c5-c4346bcb1550.000099,99,9.608694282072683,0.604434266007463,3.432242884063166,0.3788593340110151,5.872166387052683,0.6539982333883876,4.500705569569154,0.2640825815997627,0.4421807684933656,3.302946344580046,3.193878371782428,0.3730396353458545,0.178126605932449,0.1435137050035497,0.6394840176318939,1,0,1,0,0
95069dad-6674-ea11-a2c5-c4346bcb1550.000100,100,6.730161134717777,0.1435928175752982,7.76338424873955,0.3990188834587816,7.775296526572934,0.8074510826318997,2.623244554659848,0.9780876924322012,0.8985220515645455,2.193110085783612,3.023612635023719,0.8411472611353233,0.09406069064919806,0.2993640111028709,1.08840198553979,1,1,1,1,1
95069dad-6674-ea11-a2c5-c4346bcb1550.000101,101,5.298577167448001,0.3921315163549215,9.851564045106684,0.8493344221647579,2.094020656228346,0.238753189982962,7.217704553976113,0.05605048321883744,0.4804522185319028,2.421973554512179,2.270269572161984,0.6206181189100813,0.190663393422719,0.2278232000999584,0.1504696573899365,0,1,1,0,0
95069dad-6674-ea11-a2c5-c4346bcb1550.000102,102,2.211894702470364,0.3993068097394309,4.979979222857648,0.1733969188707631,0.5751494001716111,0.1442327567562088,2.02457970251643,0.714474794708219,0.8540251482533001,2.926335234518034,0.4731486409913949,0.6080323386931697,0.06306811124178117,0.2986952208766326,0.973057344858295,1,1,1,0,1
95069dad-6674-ea11-a2c5-c4346bcb1550.000103,103,6.039139083682596,0.03424294877186437,3.10784792149433,0.3516205989339256,1.967996935615961,0.04809788739524175,0.2926169440306502,0.8985119751714017,0.4039134028594827,1.298117178225341,0.527307455778795,0.6940023268360709,0.007997222841738653,0.2072686028169726,0.4208230011449868,1,1,1,0,0
95069dad-6674-ea11-a2c5-c4346bcb1550.000104,104,4.316033564313467,0.5144266394880431,6.235388455746245,0.7700483150345684,3.781953298930478,0.2900102750897969,1.275129510309627,0.5394756129861471,0.455565097260402,1.88676445610819,0.7907980523231884,0.4333496196679621,0.05898699273576587,0.1194136098624852,0.370816269136734,0,1,0,1,0
95069dad-6674-ea11-a2c5-c4346bcb1550.000105,105,2.764530340350162,0.1009210047363452,5.213042590063019,0.255522781207427,7.39727339651962,0.7600958381713443,5.918385781370547,0.1263249004145105,0.03767641651953304,4.317894785888141,4.023570617393113,0.5356769234349987,0.02060113734514628,0.192318933391034,0.7857012637015344,1,1,1,1,1
95069dad-6674-ea11-a2c5-c4346bcb1550.000106,106,9.3517892850575,0.1725385040186512,2.048349906359288,0.107807543303524,5.044668238625415,0.3671523506168098,8.52100009215063,0.2653634331495769,0.1968008443362434,1.636163601442212,2.893974060157923,0.9578536216981864,0.1240116552900796,0.2471596769093784,0.8320664662427066,0,0,1,1,1
95069dad-6674-ea11-a2c5-c4346bcb1550.000107,107,0.1099360136415476,0.9261392828373989,9.149708120510521,0.167281503658746,4.614950864042145,0.930033964639801,0.5150933541752627,0.9165579961046899,0.5327397120179357,3.045950317179952,2.641036818553019,0.4669050608949101,0.08046296148795815,0.234760945707624,1.919185260893554,0,0,0,0,0
95069dad-6674-ea11-a2c5-c4346bcb1550.000108,108,2.305315087646054,0.8864465269792148,4.339143076068116,0.5384352143772325,1.403234159945543,0.4432779913149584,9.037019395427627,0.8486556455564838,0.385983002225095,2.599861459826047,2.78310067219354,0.01441025788681992,0.1083672869448735,0.2772048574371828,1.347513383266817,1,1,1,0,1
95069dad-6674-ea11-a2c5-c4346bcb1550.000109,109,2.848911880239796,0.2321608689500244,8.669490950009566,0.7544098693549287,3.355295570436688,0.948847278167305,5.517253341778715,0.4189251737217992,0.4985496871191445,4.63565980216886,2.080170156283609,0.0457388944487204,0.08614364256157256,0.2729563344638294,1.867098603433095,0,1,1,1,1
95069dad-6674-ea11-a2c5-c4346bcb1550.000110,110,4.773338502182273,0.2705689248385925,5.863262877981268,0.7584307339913549,2.154633913266318,0.9199157041495962,0.9187006819605334,0.2582192868050597,0.8288913759329517,0.1223778698299715,1.169627113890801,0.5209173781356085,0.0769718420318967,0.2958712245394395,0.1147957896161149,0,0,1,0,0
95069dad-6674-ea11-a2c5-c4346bcb1550.000111,111,2.098543641710048,0.4223595604948615,0.9772546251907978,0.2339772539214491,2.410962178888964,0.01286214663485996,3.778956505851931,0.2185986002740791,0.3247291711325796,2.833834415601141,0.8068909473270512,0.7214330097582407,0.04440103855744815,0.1848777578162474,0.9972430392463212,0,0,1,1,1
95069dad-6674-ea11-a2c5-c4346bcb1550.000112,112,1.743832915263011,0.9245676652946103,2.94182292080724,0.01564380511071844,1.660863078937677,0.6403494740648864,6.031584669768454,0.4327359773665506,0.9213024658565211,4.384504948743823,3.903981164771956,0.7298200192097448,0.05014264215061274,0.2492071080770897,0.1423933656740005,0,0,1,1,1
95069dad-6674-ea11-a2c5-c4346bcb1550.000113,113,8.04822443506499,0.9507116075541953,2.220290817595128,0.1244775548034603,9.848520734305485,0.2959932380556437,3.381791827873314,0.6022760070876734,0.6055005952215307,4.125058033017084,2.217911315735402,0.9652579844411645,0.1071959528011359,0.2370463906131638,1.728585749508687,1,0,1,1,1
95069dad-6674-ea11-a2c5-c4346bcb1550.000114,114,0.5542869257597705,0.3687290316147102,0.8969429905240817,0.7645919721515881,9.389483595137456,0.07603949677897563,9.994902334775027,0.5328784533365055,0.8336202270035757,1.869836518655311,2.984664971279485,0.02917520069971436,0.1258516479382468,0.2192922351311588,0.6757840015718203,0,0,0,0,0
95069dad-6674-ea11-a2c5-c4346bcb1550.000115,115,2.980887493066179,0.1927420872718752,4.710444615970702,0.2926551243814213,7.497141215188046,0.4786723906088144,5.633274326162253,0.006231413527689479,0.6526522749349652,3.573859879441182,3.543179598318766,0.7437442653942716,0.1936159561922526,0.1079997894334925,0.2194726392231682,0,1,0,1,1
95069dad-6674-ea11-a2c5-c4346bcb1550.000116,116,0.4213451473501321,0.3249126692735489,4.930629666714676,0.5950854603738248,7.181941200895567,0.4858887449441739,7.36270290702241,0.5826350780798059,0.7084790397043002,3.756888279866751,4.892130493181982,0.02306906348890127,0.1459062396484737,0.2520426612756927,1.042888277590478,0,0,1,1,0
95069dad-6674-ea11-a2c5-c4346bcb1550.000117,117,7.196284633865229,0.02058700807255976,9.269141114198801,0.9571983306702034,4.378007451135912,0.4232994615956394,6.759075402893794,0.06186102481163353,0.04722278585271036,1.162566885954152,1.128507578747253,0.5448944393339439,0.07056215928376904,0.2693412125185765,1.098234502321061,1,1,1,0,0
95069dad-6674-ea11-a2c5-c4346bcb1550.000118,118,6.866218782712346,0.7000865289371632,3.859270655640177,0.9476272639562778,2.540211233091016,0.7088060205616903,3.328016358382255,0.1047089581528238,0.5411866871806165,0.485954220374092,2.605980468370573,0.549736811458269,0.1028834819711458,0.1622827612810838,1.178662348952842,1,1,0,0,1
95069dad-6674-ea11-a2c5-c4346bcb1550.000119,119,6.258154358727875,0.3059085746062821,9.951312295132016,0.6890606232034111,4.822575079589183,0.01767194046782484,1.961545768102722,0.01264827550964594,0.6707393761900968,0.8475276908935092,4.575018896078888,0.8502491351882814,0.09866987178030312,0.1006342276147875,1.856881541460407,0,0,0,1,0
95069dad-6674-ea11-a2c5-c4346bcb1550.000120,120,2.447373687506174,0.5711688394928185,0.8428284228048102,0.4164720713888077,6.659566836571972,0.8791525908019315,7.321453904189692,0.9672199336133425,0.07774918078420555,0.9434947229840387,2.152433031471407,0.9438455879727873,0.1686825715107937,0.2687430633632193,1.808508681368696,1,0,1,0,0
95069dad-6674-ea11-a2c5-c4346bcb1550.000121,121,9.907686460466751,0.8278014362669542,8.02978042114223,0.8213818469749458,5.992005154308027,0.2167643762570811,5.718326145206731,0.8806347515962532,0.01620907276891738,2.617081802159144,2.364942182985254,0.9984298639494507,0.01907211924936026,0.1721829933662216,1.740276182823185,0,0,0,1,0
95069dad-6674-ea11-a2c5-c4346bcb1550.000122,122,4.883368325718475,0.1827158884445435,1.351859352263505,0.0939152374040671,1.190826512982845,0.6971563391912343,9.86676617693577,0.003714808007170956,0.9322368053935378,0.5302127058193449,2.294954476935906,0.9350512196086603,0.01565758877839819,0.2942596460712245,1.93436698097168,0,1,0,1,1
95069dad-6674-ea11-a2c5-c4346bcb1550.000123,123,3.689537786313935,0.9882749791943264,6.679268204076191,0.8908429723872163,8.180252838864273,0.4982626392049432,5.801735078527074,0.4957626331220613,0.8417700930226825,4.227679739119942,2.334926889554677,0.1667334584666118,0.0005314401806756467,0.1400966873217941,1.35940120281819,0,1,1,0,1
95069dad-6674-ea11-a2c5-c4346bcb1550.000124,124,1.258827522627975,0.2689457647512398,1.082257825059793,0.903043499375429,8.207451875972072,0.04469916255598383,8.93980122572787,0.3576347424772595,0.1884592794655084,3.796556704578721,4.867315891625437,0.278998998801282,0.1356656313811271,0.2710813130617054,1.71992076451802,0,0,1,1,0
95069dad-6674-ea11-a2c5-c4346bcb1550.000125,125,4.588073917637879,0.3854494559650904,6.079814233032195,0.7844323788451733,0.7187155542312771,0.6763741205662996,7.646410008851047,0.9872587592517412,0.9100890223137109,4.768800386248492,0.6430228317443032,0.2542914863713762,0.1322745802205932,0.1375026555111389,0.5845162993231977,1,0,0,0,0
95069dad-6674-ea11-a2c5-c4346bcb1550.000126,126,2.539650807866026,0.2949459186709102,5.402687449715414,0.9723206324291368,0.4602308188107823,0.437923049635362,2.443091826544904,0.2968503418745079,0.2727186595136563,4.863872327122304,0.2945024265386111,0.08846214176124773,0.07843123034160839,0.2323790821583264,1.411703458480488,0,0,1,1,0
95069dad-6674-ea11-a2c5-c4346bcb1550.000127,127,0.6829359905049759,0.2505776007086979,9.386201469008498,0.6588742272701538,6.066364677878968,0.199991128848714,8.435340703013253,0.7972866231946496,0.7202493766858574,3.74722802034492,1.840465796826387,0.64998557107014,0.1034119675943718,0.2909125793356773,1.455647622129876,1,1,0,0,1
95069dad-6674-ea11-a2c5-c4346bcb1550.000128,128,7.651143360393762,0.6170988012838949,2.839438817001863,0.7750765700676061,9.169919143268382,0.3719224663195877,4.785802069985268,0.1222646070211971,0.1781845996574564,1.955892341170673,4.833850913362017,0.3519441451024245,0.04668256511221134,0.2222467998051386,1.998596937613717,0,1,1,1,0
95069dad-6674-ea11-a2c5-c4346bcb1550.000129,129,1.574079150079962,0.4310263151895375,2.16285878763229,0.5002660392745383,0.03160064893082097,0.7587666396577505,4.47696621275793,0.8043837155258966,0.2128591136900872,4.817120041487338,3.590691527672101,0.4278100426381518,0.05353837567971059,0.1182710765407883,1.206119409171525,0,1,0,1,0
95069dad-6674-ea11-a2c5-c4346bcb1550.000130,130,8.869660730356879,0.748709095212368,2.114878630135279,0.4520715717427021,0.4137209645278288,0.6462193406420225,4.047116227948546,0.5671439633077329,0.6237830366162954,1.655580658712926,2.759239522582115,0.4368438290576142,0.09500689234478885,0.2746341844061316,0.7956255658953868,1,0,1,1,1
95069dad-6674-ea11-a2c5-c4346bcb1550.000131,131,4.408694000748836,0.7261831839205036,0.0762366883875104,0.04506166333871413,5.625865223416299,0.5799263825449982,9.398003850420961,0.7280188701186173,0.0817653689189753,1.396545699730061,1.368245067677514,0.8325236601985339,0.1448972619113677,0.1605125152839726,1.829053057184707,1,1,0,0,1
95069dad-6674-ea11-a2c5-c4346bcb1550.000132,132,8.922700996329953,0.4254159149983112,9.67685717154017,0.5453191532794839,8.497593381077488,0.06851248533922365,0.004217437684627445,0.4512962752477181,0.2410848923473732,1.369223413089885,3.568738154811526,0.9636107565544598,0.02801108556420669,0.1827725535185399,1.891265279231122,0,0,0,1,0
95069dad-6674-ea11-a2c5-c4346bcb1550.000133,133,8.58138250996682,0.9149319647606141,9.42194808619338,0.03976805258919718,4.443700164366357,0.7134750265116191,0.6507212021008528,0.04790664484797187,0.8154014008119623,0.6190395855848898,3.131038654623082,0.24467513591754,0.1361967153151682,0.1481708598385053,0.5626268719892366,0,0,1,1,0
95069dad-6674-ea11-a2c5-c4346bcb1550.000134,134,5.126458557791747,0.03784792135245253,8.313308644183191,0.4487506406504573,8.445493548571564,0.6039293198445875,1.219749922645804,0.8331531842729947,0.02848581247379944,1.792615349204319,2.421656315690167,0.6646312539372492,0.1525740276408332,0.2649639026007579,1.39040272460823,1,0,1,1,0
95069dad-6674-ea11-a2c5-c4346bcb1550.000135,135,8.211872616090227,0.7653127975943287,9.058828733795055,0.6302565376727578,1.459058326210953,0.02672225480100504,0.9615167602464364,0.8227799056242201,0.87441545833817,4.56603490159388,2.2373918852262,0.9241994775190686,0.1374810911481777,0.2651453775713186,1.201901053517404,0,0,0,1,0
95069dad-6674-ea11-a2c5-c4346bcb1550.000136,136,7.035295958144987,0.4195143964893341,5.677952620249785,0.5530186848396359,4.06203832919621,0.7771307427335786,1.325314446312965,0.5105825436533408,0.1132757054920032,2.731393152836541,0.3307383601648323,0.2328207012000729,0.01461672831577437,0.1179225664712953,0.6644073644607718,1,0,0,1,1
95069dad-6674-ea11-a2c5-c4346bcb1550.000137,137,6.504381541237305,0.8673087694152489,2.595788804592694,0.2666796456334714,9.976847040878601,0.7660976043296308,1.449997038344418,0.8352536146135285,0.5968670412661281,0.4582409532502719,4.070539977664231,0.8985798477860398,0.08839328864260027,0.1554798183495656,1.897612067056473,0,1,1,1,1
95069dad-6674-ea11-a2c5-c4346bcb1550.000138,138,2.932689681170904,0.8155632405289753,0.2100016300769514,0.533693813579531,8.275340907435522,0.7737255923849876,4.849445030795476,0.6525430626137841,0.6926262525277236,3.978548574355874,3.074112403874786,0.4960272350821672,0.1420995184460243,0.1366656202443847,1.933225108213633,1,1,1,1,1
95069dad-6674-ea11-a2c5-c4346bcb1550.000139,139,5.461459925291738,0.4760684426699411,2.637004555910317,0.6992648291539286,2.038509967431956,0.02342642661505304,7.598751171580568,0.1059770445295388,0.0941064269639068,4.66807326198253,3.152593794732029,0.3462061274154416,0.1794809060224331,0.187604515699905,0.8635085290465557,1,1,1,1,1
95069dad-6674-ea11-a2c5-c4346bcb1550.000140,140,2.627324485859587,0.472456719829355,8.744959584762576,0.2230190134841122,6.96605070169973,0.3112101222152974,4.112503745607394,0.3628451229792493,0.7025989895029178,3.636441822011954,0.4858625480841272,0.04025674175797145,0.1462334731050547,0.2703135571546624,1.006487396411489,0,1,1,1,0
95069dad-6674-ea11-a2c5-c4346bcb1550.000141,141,9.335001905107351,0.3024838384428036,8.267237492449134,0.8080355478983487,2.146463355992433,0.9821746845760947,3.010284760366354,0.545411703599111,0.7422137453113586,0.9895036487906568,2.568006417432194,0.4735864945593469,0.0963733167471435,0.2870703297911059,1.338396048700042,1,0,1,1,0
95069dad-6674-ea11-a2c5-c4346bcb1550.000142,142,4.711174680834688,0.0888345191593331,3.575543072962635,0.5898705632786593,7.298340052274566,0.3845208020900096,8.860655244248058,0.222326151849831,0.3070177068533144,3.216408770328865,1.695726460417834,0.8753645115345664,0.01687390354227191,0.2505981561175388,0.4604367406214391,1,1,0,0,0
95069dad-6674-ea11-a2c5-c4346bcb1550.000143,143,6.616165784913655,0.4826732142121563,1.41337382863564,0.7476738966356391,9.590398302203532,0.4175784080028684,7.508831219422063,0.07348458992762151,0.610250493486497,2.990495846392601,0.9346538789078301,0.3556255816194656,0.1436973983958147,0.2214994442542742,1.225679836084469,1,0,0,0,1
95069dad-6674-ea11-a2c5-c4346bcb1550.000144,144,4.214590033551121,0.5602344542474802,3.383799093595758,0.3237913907592053,3.489123615345942,0.8815073641419964,6.692056481848718,0.2354766451240811,0.1914409557970088,4.344257712645561,3.710147526802738,0.6447180187795019,0.1653065972564591,0.1446031276430273,0.8477410180307872,0,0,0,0,0
95069dad-6674-ea11-a2c5-c4346bcb1550.000145,145,5.698433657257537,0.01124343953069625,8.607338870035019,0.08663942604198101,4.657757702327165,0.3178020455085638,7.795039508756735,0.9394070741216656,0.9998386411226057,4.433493961274512,2.32289195119721,0.9877995232229476,0.1677578580525638,0.1805812988581469,0.52200551634724,1,0,0,0,1
95069dad-6674-ea11-a2c5-c4346bcb1550.000146,146,9.154619015810562,0.5887835089431401,5.385557267257603,0.4117524331305273,6.309277156339046,0.8608115950534138,4.151238653945165,0.6490817235930881,0.0856684413591359,1.839299388151235,4.624973159842676,0.3846327931901098,0.05552694666348441,0.1032240369007941,0.3784350037742753,1,0,0,0,0
95069dad-6674-ea11-a2c5-c4346bcb1550.000147,147,0.605418298702793,0.8383611738724223,4.621995713876315,0.3844160658360347,3.539221301496064,0.5513619283600584,6.355939282164769,0.6224387567505317,0.6315399160334313,4.206978347420042,0.8999724779304441,0.09153054605943303,0.1165899044961048,0.2513304182038593,1.052490819962693,1,0,1,0,1
95069dad-6674-ea11-a2c5-c4346bcb1550.000148,148,3.408809991377806,0.1864869782663226,6.101379551549805,0.5440758146573607,4.531994865575363,0.3050993571295267,8.7137833416506,0.0773165377360598,0.2044955398679828,2.004938428346871,4.670939205680011,0.8223676711058304,0.009111037586172708,0.220948061098693,0.4653316361608182,0,0,1,1,1
95069dad-6674-ea11-a2c5-c4346bcb1550.000149,149,0.9210671182125194,0.7625294653230503,3.176433446784618,0.9998531509333941,1.364135422698398,0.4596665530326002,1.479923742872238,0.01609721451802942,0.9261494439214847,1.020235281899633,1.564533256406994,0.8728069235514967,0.05418891667877066,0.1355168755103474,1.274787271111355,1,0,0,1,0
95069dad-6674-ea11-a2c5-c4346bcb1550.000150,150,0.01612844164113669,0.5358129362112999,8.362220010497328,0.8842197727858286,1.62550457936973,0.595794533942691,7.686025866889898,0.1105003818677604,0.6402024439194496,2.487478726514164,4.16848241214887,0.5342628700716844,0.02242169856576634,0.1736636916660284,1.263713533977757,0,0,1,0,0
95069dad-6674-ea11-a2c5-c4346bcb1550.000151,151,5.603846646070227,0.7078177339470908,2.076740106990859,0.3589671136557598,5.144862393310458,0.4937536985485204,3.63310808273372,0.5969250039711358,0.3180676242276553,2.274689290083311,2.859180659064552,0.4142770790910768,0.06161758961207525,0.1837723236590405,0.1988659422206948,0,1,1,1,1
95069dad-6674-ea11-a2c5-c4346bcb1550.000152,152,9.868895091649877,0.8610519186813218,6.168851662909805,0.5192288369572258,8.048052229299996,0.004601623920308559,9.339790387678939,0.6287694335114294,0.7840141414740123,2.086240559388732,4.940843974840249,0.9107643492592769,0.1599627100418522,0.1855596388224636,1.700972931370312,1,0,1,1,1
95069dad-6674-ea11-a2c5-c4346bcb1550.000153,153,5.429395222980489,0.05597419093641863,4.88076803026568,0.9861795244009383,0.06643865862878057,0.6314740258307184,9.674577845108344,0.7201097496892336,0.9157270219186716,2.866171981646615,0.0319689801675892,0.7645160282972842,0.1702699956966637,0.2428617882029956,0.4708061175245043,0,1,1,1,0
95069dad-6674-ea11-a2c5-c4346bcb1550.000154,154,0.3456398422307592,0.3441931583210668,0.546880069758459,0.498120316540772,5.275611820203498,0.4014666626351946,3.413256755761414,0.8877320429404978,0.892684991632528,0.231463517204038,4.276013324994665,0.9311544616219778,0.129318705199151,0.1111292968634829,1.569201870323577,0,1,0,0,0
95069dad-6674-ea11-a2c5-c4346bcb1550.000155,155,9.546122491820357,0.3648144694964253,6.832057005696801,0.2979944350369711,0.5370465741027615,0.2771902861755095,3.272432879968545,0.4459483622247603,0.3661297382805661,4.358640464642877,2.016326863071002,0.6262397635954475,0.02786652501723877,0.2031116233291966,0.6951380970911047,1,1,0,1,0
95069dad-6674-ea11-a2c5-c4346bcb1550.000156,156,5.819185917600742,0.6679303336706243,4.796309532770612,0.1840974766059848,8.59133454228935,0.5331594155339663,3.673952212040389,0.6349918790295719,0.9741747916555735,1.71265392596362,2.435279397613531,0.8020214849575917,0.0416176209886577,0.159971146331638,1.689569299423973,0,0,0,0,1
95069dad-6674-ea11-a2c5-c4346bcb1550.000157,157,3.057093646146187,0.8334224958405263,5.649977477985026,0.2381100174154738,1.095979725107885,0.05135965247065887,0.08356155990188391,0.1764489703201661,0.6858247106007255,3.860042606601101,0.01765040857879265,0.3263157239446418,0.15350470079969,0.2671966459363716,0.1835778287744123,1,1,0,1,0
95069dad-6674-ea11-a2c5-c4346bcb1550.000158,158,1.052758783086429,0.244971588506459,8.545963115299408,0.01008957649721509,5.658061899630262,0.6213332825253677,3.53485542577977,0.732779794055914,0.7354560409608096,3.720140377938623,0.3593610412107456,0.09816870895646344,0.1286373954701161,0.2603795786731763,0.2999560374354729,0,0,0,1,1
95069dad-6674-ea11-a2c5-c4346bcb1550.000159,159,3.935721789267146,0.7424377053913515,6.883591273945632,0.04024131353095872,0.8648928719644228,0.998896762279767,0.5703942085217969,0.3780407707369143,0.6363613024517476,2.278666907569321,4.713233655426997,0.3447774760578917,0.09762732384063488,0.293467369678471,1.817428110082544,1,1,0,1,1
95069dad-6674-ea11-a2c5-c4346bcb1550.000160,160,7.334542163760105,0.6736415035051833,0.9068181352210234,0.103953654482522,2.343557578099551,0.2837325766040066,0.1299666321928513,0.4055683281928616,0.8051693555343633,2.444851553164884,4.199693492733279,0.4085578043252536,0.1617308707633419,0.1527116652072454,0.7479354008935546,0,1,1,1,1
95069dad-6674-ea11-a2c5-c4346bcb1550.000161,161,1.421634542361556,0.6815277678591485,3.006884110226169,0.7301215497440102,9.245199564481148,0.8689054521446683,7.086780007890392,0.6658981214630096,0.7128412350407721,4.920288052087866,2.478769239866673,0.1043870977764195,0.003347148578337122,0.1819406702909985,1.140908905666065,1,1,1,1,0
95069dad-6674-ea11-a2c5-c4346bcb1550.000162,162,3.969457057712429,0.809342260498399,7.610501005475939,0.4404346122489738,2.917038379921912,0.03052060158597373,1.927979224946883,0.3873962180356978,0.4702337119607674,3.907348539945388,0.3878563484153497,0.2967951967673895,0.1571479043568665,0.2628841660213871,0.9069186991569752,1,1,0,0,0
95069dad-6674-ea11-a2c5-c4346bcb1550.000163,163,8.545098270846353,0.6957137203397817,7.453222271314185,0.5933385983522144,9.638399977673963,0.5261851360788385,5.555154316204285,0.2838958982879533,0.7874811607758886,3.004482613713588,4.129733705212198,0.9005848225523911,0.1490646767122965,0.1797529393827798,1.406592186923282,0,0,0,1,1
95069dad-6674-ea11-a2c5-c4346bcb1550.000164,164,2.036342498713037,0.8944784982557419,4.121243406775298,0.9844916322143811,5.833618203950953,0.4636606118722817,6.851990381448401,0.6135854688358772,0.8246405165663575,2.238780815076867,1.993442048129151,0.7388210605912464,0.1007673172614827,0.2964341579025777,1.112314993925576,0,1,1,1,0
95069dad-6674-ea11-a2c5-c4346bcb1550.000165,165,1.631976318387618,0.9604379563364486,0.01931491692341617,0.003623489980954495,3.999546902648942,0.2044726727208069,5.172493928871508,0.8279748825438212,0.277946458515774,1.817253639309537,0.2539591755005049,0.2116608548074464,0.1270716482071609,0.2308601167150434,0.8520361992758366,1,0,0,1,0
95069dad-6674-ea11-a2c5-c4346bcb1550.000166,166,0.9709619131080216,0.9903019116149189,8.223160579397385,0.2168390476449357,7.808599082664167,0.3855447204432893,1.378998981602882,0.3917085612280571,0.6191091260391138,1.236351212601924,4.798086081922582,0.2263966370260353,0.1222827356873073,0.28568691150684,0.5744675560410669,0,0,0,1,0
95069dad-6674-ea11-a2c5-c4346bcb1550.000167,167,8.403733748187639,0.6503209169252882,8.077014773221302,0.3871091239568696,1.826397930672902,0.09255940347996447,6.960582531784035,0.7354573705991592,0.4768464685764702,0.4121738573091979,3.371913680686709,0.1161338589282859,0.1131544711265979,0.2556035319034152,0.3500653020975913,1,1,1,1,1
95069dad-6674-ea11-a2c5-c4346bcb1550.000168,168,5.027002674654849,0.84518735519789,2.478280742539835,0.6215014101567425,3.272875689336354,0.7231338575739265,7.024974457012719,0.9907986446652493,0.2174137582217952,1.327403002163801,1.767456463710819,0.1071460498474626,0.1172015950455069,0.1992517430532919,1.671875678329302,1,0,0,1,1
95069dad-6674-ea11-a2c5-c4346bcb1550.000169,169,1.877700450541606,0.4108948858987175,5.073818453820591,0.3626567982140725,6.62099567971318,0.9211232173438595,1.758740068180341,0.05103865471810503,0.6600173987579255,3.478484445496159,3.107618891156529,0.5678232625339861,0.04066206885970738,0.2468557383260384,0.6240348156332703,1,0,1,1,0
95069dad-6674-ea11-a2c5-c4346bcb1550.000170,170,5.167573266595595,0.5262915948961818,1.827250592875662,0.4652018361278641,6.843392595569025,0.9550031631608882,2.315128698429936,0.3276047736625275,0.5786217304740073,3.229648535128935,1.526288947190669,0.8281018843038316,0.1473616482123823,0.2571785171052923,1.859450202943494,0,1,0,1,1
95069dad-6674-ea11-a2c5-c4346bcb1550.000171,171,3.83772847913211,0.20242716380097,1.736389722716277,0.02029122494506141,9.073396993489316,0.9652257600572831,8.253108054617776,0.1381078594115152,0.1554665047896033,4.153291716819601,2.384524684681355,0.7667835071481629,0.1896299767907653,0.204844535961983,0.9545912265741864,0,1,0,0,1
95069dad-6674-ea11-a2c5-c4346bcb1550.000172,172,6.447589425209568,0.7389964679287175,0.1002978073548043,0.2787189442177224,4.339571644434973,0.3441929020362751,6.080771041801762,0.860557047632732,0.003580400253791618,0.7437021418755352,0.2417301965548019,0.6339053681830799,0.002282277067811768,0.1154196770796291,1.398354570963971,0,1,0,1,0
95069dad-6674-ea11-a2c5-c4346bcb1550.000173,173,9.839041722665396,0.5046233213948392,9.496994846139518,0.5290856369471921,3.889277143906567,0.5454405751097957,4.429878748852606,0.3485027113773014,0.2651618805598411,0.02943854572918068,0.7238015227563049,0.908056296249129,0.06245670631077221,0.2109176188209239,0.4119835176208922,1,1,0,0,0
95069dad-6674-ea11-a2c5-c4346bcb1550.000174,174,3.338889268355387,0.8539916604097874,7.062645874342826,0.4929081924664341,2.364132777075965,0.3364122869245407,8.778813874073405,0.9426811193184602,0.23751637284372,3.250672319129124,1.878667997379854,0.290420381921545,0.008583933200119968,0.1562513034517263,1.706374632285205,1,0,1,1,0
95069dad-6674-ea11-a2c5-c4346bcb1550.000175,175,8.62494623531177,0.2772822076309632,2.371596210420742,0.4081717886592931,1.008400320763055,0.7862475353761622,8.81871063090517,0.6389371170466261,0.9938342182592166,3.074711615181587,1.599192795616937,0.2814633746594128,0.1959057012436128,0.154661827244003,1.248804555595862,1,0,1,1,1
95069dad-6674-ea11-a2c5-c4346bcb1550.000176,176,1.301741282426378,0.4530389018162277,7.104724044336667,0.843499606269613,9.475491322637101,0.7973301491849092,3.555361417301426,0.6998271887617056,0.8650629160056238,0.6997342469180007,0.3061783991012286,0.6668816556489843,0.05630865540713691,0.2890456712469479,1.321057458702392,0,0,0,1,1
95069dad-6674-ea11-a2c5-c4346bcb1550.000177,177,8.180088739424413,0.3123630173326328,9.849956977347492,0.7879895620467366,7.336039982380371,0.1288546395093797,2.266833171782311,0.350404854696436,0.8588344099516344,2.345860164173452,2.576624829117252,0.8848969040830126,0.1776243685221635,0.1100725851746957,1.517326991384943,1,1,1,0,1
95069dad-6674-ea11-a2c5-c4346bcb1550.000178,178,7.538493975590414,0.6393421410563885,6.401281819552858,0.2458537142192919,0.2609694883458142,0.7478141845667299,9.182412747365682,0.9040083011961029,0.1808193455618588,0.1429746966359914,0.8706150483052179,0.05714994526861662,0.1835412635992081,0.123586249291075,0.7589112867742555,1,0,1,0,0
95069dad-6674-ea11-a2c5-c4346bcb1550.000179,179,5.78841589865868,0.5212890999627099,6.017774099663217,0.1960605813442388,5.940918299517478,0.8439721013643834,1.052543240174455,0.5036096720317996,0.9087795468844462,4.036971968697055,3.755233239874568,0.981191197770027,0.03966970469036206,0.1573055291304682,1.620821422787843,1,0,1,0,1
95069dad-6674-ea11-a2c5-c4346bcb1550.000180,180,0.8499692554565296,0.35033320613111,1.883302544295363,0.7919874210651978,6.948945261046605,0.2569234394123882,2.57975128969345,0.8118799174450694,0.7612014016204344,0.6332883326248616,4.767448801131959,0.3399373176110206,0.1760000457028958,0.1862409526277496,0.4026638888172873,1,0,1,0,1
95069dad-6674-ea11-a2c5-c4346bcb1550.000181,181,3.60380046487672,0.9675177548498032,1.763417110335269,0.1789171628955258,3.070079671239327,0.2304031731915383,8.649446203187575,0.5932916357915535,0.2529723854964144,1.176673466871058,1.307168578685735,0.9181533727122955,0.05758438357707388,0.1685819287611818,0.2673199437908954,1,0,0,0,1
95069dad-6674-ea11-a2c5-c4346bcb1550.000182,182,7.964994862348235,0.2072540282110689,3.458496715495718,0.5583456589848615,0.8001423002139857,0.72805572435679,6.640687705374152,0.39843946758254,0.5527258018940648,4.418400731339503,1.284074263682063,0.0648648721833935,0.1013374668956199,0.1062696969927139,0.3338578089985694,0,1,0,1,0
95069dad-6674-ea11-a2c5-c4346bcb1550.000183,183,1.652499290052061,0.69472014869806,7.249024728132146,0.6705876337899914,3.599571552456546,0.5819149440450652,5.966450575814012,0.6784462477608871,0.4167274804077252,1.732865124027434,0.7708284281024456,0.3323003329776936,0.1201619583647413,0.1138299696247026,1.951748433864088,0,0,1,0,1
95069dad-6674-ea11-a2c5-c4346bcb1550.000184,184,7.434487891720128,0.6769662191520627,1.455200666405049,0.1400780302785237,7.687323768825434,0.3968079544640497,3.493461400126062,0.7186758952707136,0.1247452981567402,2.378896705390495,4.306220280213421,0.5065680978513112,0.1886399208269944,0.2317231038012,0.7309187391487151,0,0,1,0,1
95069dad-6674-ea11-a2c5-c4346bcb1550.000185,185,2.695141164330866,0.3362324545027584,8.188283396530775,0.8783246334785854,7.566350725664662,0.2414428695781563,9.50722229387565,0.292588602666552,0.6461979007615131,1.489179203718044,1.916896965451716,0.2476871421477575,0.0846949790772521,0.2011078913957709,0.51168196394689,1,1,0,1,1
95069dad-6674-ea11-a2c5-c4346bcb1550.000186,186,3.245103826258082,0.7878659760894674,8.498506649627952,0.905255876249756,9.113329979482064,0.9541946195175415,1.842585606639567,0.6625778883096857,0.229447956766189,0.2676416806678655,4.903578487807035,0.560421665663279,0.1927058327392649,0.2026080803413847,1.068901970531326,1,1,1,1,1
95069dad-6674-ea11-a2c5-c4346bcb1550.000187,187,8.983101337609211,0.5479838364334979,8.989091480942122,0.6371270906166115,6.85105565366136,0.1673273741195863,4.238442546926899,0.3303287576613936,0.9569690442902703,0.1608410451967085,4.549337479817327,0.7057615250159642,0.04739370832815899,0.2433248616972109,0.4342463628697887,1,0,0,1,1
95069dad-6674-ea11-a2c5-c4346bcb1550.000188,188,5.937861179606694,0.98404820281766,3.50600753591714,0.3141929605237219,7.549609997826684,0.1749871651904237,2.163151989268522,0.08775014966429152,0.5266196623804537,0.5749537286577111,2.654414381606667,0.7712900945585394,0.1210806434583891,0.2768400623067628,1.214200504523826,1,0,1,0,1
95069dad-6674-ea11-a2c5-c4346bcb1550.000189,189,9.76516958279137,0.5670228211326447,0.2609622465837705,0.1184745683001004,0.1413874443403168,0.8909142025423451,9.132580329179754,0.6438783566101485,0.5211824652088548,0.6726317609195585,4.39435145175036,0.9265178403288785,0.01022802696996217,0.2350209911002365,0.8978046958040787,1,0,0,1,1
95069dad-6674-ea11-a2c5-c4346bcb1550.000190,190,7.355974112963871,0.3806130325952797,7.152689391720916,0.2517806599038498,5.152206118024182,0.6839282780704486,3.949041911331949,0.5196704635273947,0.877079060374929,1.251406953425988,0.5538393903268737,0.6505315057948601,0.1853055098791349,0.2750311127378121,1.459858983476483,1,0,0,0,0
95069dad-6674-ea11-a2c5-c4346bcb1550.000191,191,8.48052555792377,0.8774616131076933,0.6708845059432454,0.3458868666609,8.958503256057345,0.5398656547966241,9.470780425102998,0.7775757359244957,0.008656691966171668,2.896544178659774,4.632026706727678,0.4767792600497427,0.08990992525727126,0.1899706238961674,1.546757914238967,1,0,0,0,0
95069dad-6674-ea11-a2c5-c4346bcb1550.000192,192,5.242356656863705,0.2357248150368957,6.386038001603965,0.8699897313590764,8.793728595179193,0.7904057448838016,3.153867555388842,0.3105913583690803,0.9041505523636696,1.085957777423811,3.621503519719514,0.8673438999454665,0.1182537424260959,0.2824715003197946,0.1877130654185471,1,1,1,1,0
95069dad-6674-ea11-a2c5-c4346bcb1550.000193,193,3.559948606845499,0.1667830872580265,5.779899301159203,0.7654493236571719,2.714905659560628,0.6180643343774114,0.63068950092729,0.3449941284894542,0.1707126736392357,1.599157606099808,0.6227157041500854,0.9779917278055853,0.0776568166949847,0.134948724955871,0.6804700587553972,1,0,0,1,1
95069dad-6674-ea11-a2c5-c4346bcb1550.000194,194,3.03125200864118,0.1377723017835194,8.419442092363841,0.4636829357511353,5.775702027873649,0.5210865649863387,5.348843394169424,0.970091262723788,0.2345918533868415,3.41168971967595,0.9619541812534278,0.8945944140072936,0.07322713960289334,0.2114636374729555,1.468848890264966,0,1,1,0,1
95069dad-6674-ea11-a2c5-c4346bcb1550.000195,195,6.91509357761337,0.005183013964239756,2.732093518526535,0.7129676266180971,4.771318746956393,0.5095609809743606,1.869917105430782,0.4782117842199251,0.3715387270762427,0.4449728465884285,4.356778081046361,0.3648169244422276,0.0901388329394691,0.2158844206318746,0.6590845205053943,1,0,0,0,1
95069dad-6674-ea11-a2c5-c4346bcb1550.000196,196,8.091609664989427,0.6868767155244725,5.824796982247701,0.3389262332827401,2.250910151316149,0.1798183392264503,7.808562469258307,0.1159801106091867,0.8385065698205431,2.107145413823682,4.740926063900633,0.7974408813577842,0.1098544150950377,0.1380934816033697,1.751171369882897,1,1,0,0,0
95069dad-6674-ea11-a2c5-c4346bcb1550.000197,197,3.7268667268193,0.1149473398395898,3.791056489548128,0.6519371153965585,2.235903938919547,0.6559456393958167,6.900644114745411,0.4031856318275794,0.7783027942940349,2.172544128792897,0.9793014819170082,0.392074882403633,0.01160534995805922,0.1250505855612193,0.4935658137719471,1,0,1,0,0
95069dad-6674-ea11-a2c5-c4346bcb1550.000198,198,8.837757962202009,0.8723140305789804,9.003755001570873,0.6788441690244617,4.186862994197547,0.3544674746715187,9.779131729964098,0.2128601918024527,0.1430813695550348,1.450672034002143,1.205192090824654,0.2627289366195993,0.1804413400876496,0.2142325430888705,0.131878351623631,0,0,0,0,1
95069dad-6674-ea11-a2c5-c4346bcb1550.000199,199,9.073341224903784,0.6052490522576361,0.1744773540039458,0.7091141017791943,0.6087845275975796,0.9769860238676125,2.384991866791742,0.1927826642181564,0.983827644163323,3.37770795401981,2.96476639637844,0.2245057607423133,0.03049533254522139,0.2139917443127632,0.9256928883119384,0,0,0,1,0
