Sample_Id,Sample,Biological_Age_Immune_Coefficient_PPP,Biological_Age_Immune_Coefficient_TM,Cumulative_Exposure_Immune_Coefficient_PPP,Cumulative_Exposure_Immune_Coefficient_TM,Scale_Factor_Age_a,Parasite_Density_Wave_Sigma,Immune_Modifier_Include_Age,Immune_Modifier_Include_Cumulative_Exposure
7d95a4cd-dd60-ea11-a2c5-c4346bcb1550.000000,0,4.272025141511524,0.8090104659190367,6.772211661637545,0.9078845144625306,3.555922109646906,0.8683421929713236,0.5511985269736528,0.808479838960261
7d95a4cd-dd60-ea11-a2c5-c4346bcb1550.000001,1,7.667221400620692,0.9060357295113063,9.812810160328283,0.6422016441365257,3.607425026237312,0.7457725981120724,0.00718004517613223,0.4467995965455793
7d95a4cd-dd60-ea11-a2c5-c4346bcb1550.000002,2,1.307403407101128,0.8718901019490559,9.108892636903034,0.7619449174341483,3.771000530344236,0.7945441904842918,0.1296941269312864,0.6015132682952408
7d95a4cd-dd60-ea11-a2c5-c4346bcb1550.000003,3,5.161346628162029,0.1072543580952411,4.633328454463285,0.6042747863102605,3.140111959927673,0.6361757041139298,0.06327001246051238,0.4388299959306208
7d95a4cd-dd60-ea11-a2c5-c4346bcb1550.000004,4,1.71589454843456,0.3396923544774483,7.698960979740805,0.8192743624944392,4.472260589208512,0.9022694019101343,0.3955730190811242,0.7403408823346533
7d95a4cd-dd60-ea11-a2c5-c4346bcb1550.000005,5,7.372502914203254,0.7936245996675044,6.234527096863608,0.8742156930203394,3.574262544901203,0.8318148985840383,0.3306494319825435,0.6691278102523267
7d95a4cd-dd60-ea11-a2c5-c4346bcb1550.000006,6,9.737297149445677,0.9558234898607035,6.546748286171635,0.2689017543031912,4.014977482617763,0.6751429854494353,0.5334190621812043,0.8587351215415495
7d95a4cd-dd60-ea11-a2c5-c4346bcb1550.000007,7,6.157227683505643,0.09602737137958582,5.18644969915584,0.589404920825635,3.109913700280395,0.7245810205542044,0.04940299442695426,0.507521375758202
7d95a4cd-dd60-ea11-a2c5-c4346bcb1550.000008,8,7.833076877980599,0.847813505467903,9.982292372161607,0.4981967158847819,4.752287930923226,0.6603825103485453,0.09002481162749902,0.5989691652475766
7d95a4cd-dd60-ea11-a2c5-c4346bcb1550.000009,9,3.439157543859435,0.6991554636445858,7.257118242907296,0.8963401747456763,3.753296986704085,0.9893778754885963,0.502369712066444,0.7666091662379386
7d95a4cd-dd60-ea11-a2c5-c4346bcb1550.000010,10,0.3172679552269681,0.6152060152289781,8.808732625344781,0.6745855035560764,4.366970410371876,0.7882038837641979,0.8627638272783746,0.8350557770426014
7d95a4cd-dd60-ea11-a2c5-c4346bcb1550.000011,11,8.787224195917068,0.8406886415051612,5.571310560955611,0.8118345179567039,4.19356521831449,0.8529594838436749,0.09716001503269535,0.5574470652086579
7d95a4cd-dd60-ea11-a2c5-c4346bcb1550.000012,12,2.402555135093607,0.5594079630889531,7.397982275380174,0.9439966656222054,4.330374577995109,0.6788051523043419,0.1925425557826197,0.3181063511042944
7d95a4cd-dd60-ea11-a2c5-c4346bcb1550.000013,13,6.718152532945496,0.04225495475608875,8.65923576506006,0.8785443173242105,3.393649391810977,0.7271653626079391,0.5333049245587824,0.7054824193062237
7d95a4cd-dd60-ea11-a2c5-c4346bcb1550.000014,14,0.1575843076372005,0.4592101728050498,8.362907253262877,0.7603146754507254,3.788917127411278,0.6918188035775649,0.001132439527910485,0.4382281256654249
7d95a4cd-dd60-ea11-a2c5-c4346bcb1550.000015,15,1.118366028838958,0.02104958982646638,6.584722388701146,0.9574940597825612,3.592827862422807,0.6843452371106318,0.512617010049537,0.6916675657809952
7d95a4cd-dd60-ea11-a2c5-c4346bcb1550.000016,16,5.731866456020175,0.6167672819910774,7.262807061185282,0.9924449938513933,4.989717239693268,0.9195539807883549,0.126140719049972,0.5717211433103654
7d95a4cd-dd60-ea11-a2c5-c4346bcb1550.000017,17,8.040313780261023,0.3548191205472389,9.5223760538778,0.6815343910893995,3.254202623217632,0.6241309831247008,0.6698197591984175,0.6785316847857109
7d95a4cd-dd60-ea11-a2c5-c4346bcb1550.000018,18,3.602342165524433,0.5056705357353102,4.942108365611632,0.8436748535234392,3.509155339126715,0.7624476461785903,0.3301179684958952,0.7047105005542839
7d95a4cd-dd60-ea11-a2c5-c4346bcb1550.000019,19,3.96984031436435,0.4061648181223503,9.700101943523284,0.8442115983068915,3.478862319885216,0.6154118911982475,0.2900144747099938,0.3448624062757668
7d95a4cd-dd60-ea11-a2c5-c4346bcb1550.000020,20,6.154701495376647,0.3508080197724639,6.984409701703084,0.7330060939634586,3.306534610884843,0.7023234460775285,0.3308272885315146,0.6508100187872413
7d95a4cd-dd60-ea11-a2c5-c4346bcb1550.000021,21,3.813544933821011,0.8750879095255141,5.571569637383858,0.4355384797865602,4.92289970639148,0.6805315946387352,0.003334875279630832,0.4338613809831409
7d95a4cd-dd60-ea11-a2c5-c4346bcb1550.000022,22,2.863741740517201,0.6577774490957411,8.934715846399788,0.7980565929139961,4.023710390535196,0.6635682942468242,0.2245065035936419,0.3115137309162197
7d95a4cd-dd60-ea11-a2c5-c4346bcb1550.000023,23,0.3925854289398404,0.452224974927142,8.529996400334653,0.7536314910135639,3.846746039862651,0.6258367482346864,0.8908489698481877,0.6991060252191389
7d95a4cd-dd60-ea11-a2c5-c4346bcb1550.000024,24,7.579404219726399,0.7256830049176687,8.376120124481652,0.7984123380963657,3.19553504217421,0.6850097680593992,0.2764305714479754,0.6235893077915433
7d95a4cd-dd60-ea11-a2c5-c4346bcb1550.000025,25,6.386047130795367,0.8374879675989452,5.811160839570407,0.5020449660134441,3.571793031915572,0.7168837413892084,0.1220931261104295,0.636929326602283
7d95a4cd-dd60-ea11-a2c5-c4346bcb1550.000026,26,0.244992813347724,0.5062501450531798,7.033631363633726,0.9274482154937627,3.243888363223102,0.6072294854143291,0.4632053802791278,0.5392717359184944
7d95a4cd-dd60-ea11-a2c5-c4346bcb1550.000027,27,9.096545282827975,0.8633060648622345,9.399997335159732,0.8249144471053658,3.998313296764596,0.648265829252435,0.8628460965362693,0.7258836988157781
7d95a4cd-dd60-ea11-a2c5-c4346bcb1550.000028,28,7.18122978250138,0.4995551526274336,8.795869352885449,0.8061048442716402,4.944297125921202,0.7008187054160777,0.3483836656075794,0.6548848974305714
7d95a4cd-dd60-ea11-a2c5-c4346bcb1550.000029,29,1.942997535716349,0.9476102810592143,6.23892327517486,0.9564006610410994,4.959494979264234,1.008889174778229,0.2822968673558014,0.6940832282301791
7d95a4cd-dd60-ea11-a2c5-c4346bcb1550.000030,30,8.309716745374818,0.4124444382925589,6.340600478011876,0.8752823406147511,3.078902699128212,0.806102230212822,0.1685700173694717,0.6396741209664036
7d95a4cd-dd60-ea11-a2c5-c4346bcb1550.000031,31,0.139060305684331,0.3048376218371088,8.162254529957044,0.8563734423632011,3.474392592511622,0.6962109277076295,0.5569174177230991,0.7172529184633686
7d95a4cd-dd60-ea11-a2c5-c4346bcb1550.000032,32,5.535135634118729,0.9344101003758098,9.327543194572756,0.8366308719573065,4.067784192183828,0.6596557193820167,0.2858794852489785,0.269084537280748
7d95a4cd-dd60-ea11-a2c5-c4346bcb1550.000033,33,0.3440713833071607,0.851100296029564,4.936516910495,0.4546881341251281,3.273567571022184,0.7018612349877593,0.0341710586619729,0.5744685221108936
7d95a4cd-dd60-ea11-a2c5-c4346bcb1550.000034,34,5.33617785282913,0.1743149008059183,7.511661256911097,0.7921875996874861,4.646247714178767,0.7077657990055234,0.7506409379601872,0.8009458789321598
7d95a4cd-dd60-ea11-a2c5-c4346bcb1550.000035,35,1.743251415917807,0.8638883845063162,5.57291462697957,0.8851868116089544,3.068974418210817,0.9754987618189706,0.1213576946833432,0.578183620824532
7d95a4cd-dd60-ea11-a2c5-c4346bcb1550.000036,36,3.39587573240193,0.9785376631231876,9.916390420023633,0.821317914365422,4.725477647637689,0.7665350465971075,0.7877584211549492,0.646003945445452
7d95a4cd-dd60-ea11-a2c5-c4346bcb1550.000037,37,4.805641533809283,0.7883337797962809,9.684151232327249,0.9965212878435661,3.517382142856656,1.081685596003328,0.04303225178172043,0.4393224407810685
7d95a4cd-dd60-ea11-a2c5-c4346bcb1550.000038,38,6.985711521682234,0.2376203732125175,5.061344813714487,0.9066551288661968,3.406278761407631,0.619577559668422,0.3426451460024401,0.7260192013567014
7d95a4cd-dd60-ea11-a2c5-c4346bcb1550.000039,39,9.518787698468433,0.2623242222209988,9.769879656296332,0.6721220360788825,3.070746253256747,0.6552569683559993,0.8482001399195936,0.7179042269113782
7d95a4cd-dd60-ea11-a2c5-c4346bcb1550.000040,40,7.569829981643902,0.2795431854796658,7.7337360387998,0.9140283588713178,3.050937057410552,0.6087435924470332,0.9862788460559282,0.8300586084088354
7d95a4cd-dd60-ea11-a2c5-c4346bcb1550.000041,41,2.757456858237435,0.915525338646067,9.679295840853866,0.8007122957167246,4.730930145909976,0.6345545548198039,0.2597218136288074,0.5199242227063705
7d95a4cd-dd60-ea11-a2c5-c4346bcb1550.000042,42,3.058724878766366,0.7180114067794678,9.233363790827347,0.9725762270895141,3.473214998180628,0.8929826207405375,0.1619566513809212,0.5440797412208259
7d95a4cd-dd60-ea11-a2c5-c4346bcb1550.000043,43,9.235860284060786,0.5377068464654735,9.762134186944738,0.8821454897492835,3.555434064104148,0.6638040031881174,0.1438745982624818,0.3045544293738385
7d95a4cd-dd60-ea11-a2c5-c4346bcb1550.000044,44,0.8906647229616531,0.4507486006707288,6.232932545241679,0.7134574275710924,4.244208023267507,0.6714462585829147,0.3897199579878626,0.644026806163757
7d95a4cd-dd60-ea11-a2c5-c4346bcb1550.000045,45,8.365159362134492,0.1607070483012695,5.505600562991587,0.8646472225747668,3.493172655764043,0.8600021379309741,0.04144743763580885,0.3539891302788759
7d95a4cd-dd60-ea11-a2c5-c4346bcb1550.000046,46,6.413162775464341,0.9358548141397764,5.096935186872031,0.8550714182329628,3.372667296728034,0.72392754320832,0.256599631090044,0.6123125951883454
7d95a4cd-dd60-ea11-a2c5-c4346bcb1550.000047,47,7.930476769678355,0.6307555985339851,9.020877293650699,0.8530028829176447,4.601890368187853,0.9025418116254447,0.9115929805676762,0.8085773291785098
7d95a4cd-dd60-ea11-a2c5-c4346bcb1550.000048,48,5.475513520786786,0.4946053190337648,8.630344417327883,0.5738970529596362,3.795477671539138,0.7187132698130928,0.9236677101102294,0.8279075012969698
7d95a4cd-dd60-ea11-a2c5-c4346bcb1550.000049,49,3.79463977860207,0.4690763007034378,9.902360020131663,0.7372028192043336,4.648796899315313,0.7162280743291385,0.4347873915175593,0.6355929883061011
7d95a4cd-dd60-ea11-a2c5-c4346bcb1550.000050,50,2.083809967775732,0.5947227926557838,7.719928973665886,0.7463061832916769,3.989257430918813,0.6053113819071869,0.3453847488584633,0.3510392980310589
7d95a4cd-dd60-ea11-a2c5-c4346bcb1550.000051,51,8.247685577819553,0.3127612791581941,9.817895503311679,0.4111426818794495,3.28473007614247,0.8968205023262177,0.03593488726033778,0.6994458832171567
7d95a4cd-dd60-ea11-a2c5-c4346bcb1550.000052,52,5.595469690011723,0.4801116673770279,6.898226067310503,0.7857514889338294,3.957871526850989,0.781836886618378,0.1022666526938053,0.5804322051962212
7d95a4cd-dd60-ea11-a2c5-c4346bcb1550.000053,53,4.123356690639154,0.7421908805439381,5.733808640459762,0.8756113041073805,4.928395735342542,0.7912782308065234,0.37570143228333,0.6814490565225568
7d95a4cd-dd60-ea11-a2c5-c4346bcb1550.000054,54,3.544598659992888,0.538952021138948,4.842768197815934,0.7616339904906901,3.242744936740886,0.7901369865044918,0.0846755772491673,0.431880841554569
7d95a4cd-dd60-ea11-a2c5-c4346bcb1550.000055,55,5.010940230207566,0.870441118750926,5.169886786935405,0.7231073385847122,4.689409175268143,0.7159372330187488,0.152530619815765,0.66432146140473
7d95a4cd-dd60-ea11-a2c5-c4346bcb1550.000056,56,7.427358072532529,0.6236763444895457,6.608132371609599,0.8250945062040619,3.236266222223145,0.6496287307247893,0.2006242437492397,0.5820038759192596
7d95a4cd-dd60-ea11-a2c5-c4346bcb1550.000057,57,5.689455552912587,0.6240520047653692,8.210067939906695,0.6300416696027272,3.108922433684243,0.8342265877424568,0.5755732516248206,0.8040611297849353
7d95a4cd-dd60-ea11-a2c5-c4346bcb1550.000058,58,4.910497463870284,0.1910729547834885,6.939033565364385,0.6813138168795151,3.532275137187637,0.6897343956921378,0.09248491148673237,0.613497555598386
7d95a4cd-dd60-ea11-a2c5-c4346bcb1550.000059,59,4.227499181955704,0.5719339012856938,6.051618822252446,0.9555017274006486,3.637639878419964,0.6741425880356119,0.1736894220510641,0.3266654754898169
7d95a4cd-dd60-ea11-a2c5-c4346bcb1550.000060,60,9.207474777427556,0.7185408835474437,4.891343824904032,0.9686469255174225,4.746582739019495,0.6702396432273687,0.4263755989897159,0.8181008676282403
7d95a4cd-dd60-ea11-a2c5-c4346bcb1550.000061,61,8.519968510300744,0.2817224383486758,6.814557668146596,0.8910995642582581,4.339220898345776,0.7725952620764684,0.05064218063934187,0.4287254759000428
7d95a4cd-dd60-ea11-a2c5-c4346bcb1550.000062,62,6.474402442753046,0.07875633755334989,9.66377938167734,0.888125403535514,3.062624524579508,0.768663721359205,0.8099355968363277,0.6979476986207611
7d95a4cd-dd60-ea11-a2c5-c4346bcb1550.000063,63,2.541166310545029,0.3278536649256554,9.89574619776468,0.7291059684293503,3.993422365346028,0.6608767813335952,0.8470640493542605,0.7105417214072708
7d95a4cd-dd60-ea11-a2c5-c4346bcb1550.000064,64,1.50542739172042,0.8609672694876809,9.801372557062233,0.4714195801044281,3.116098521228735,0.6387290102016551,0.1109210842043622,0.6541274522319672
7d95a4cd-dd60-ea11-a2c5-c4346bcb1550.000065,65,9.884762720955077,0.9911874925117894,8.963505339470487,0.9098307112098616,3.763845566194924,0.8282232299048216,0.1429081198063937,0.3811691719142118
7d95a4cd-dd60-ea11-a2c5-c4346bcb1550.000066,66,0.3689827621341169,0.7110492735811123,6.665964836725035,0.7533120106454315,4.447057084245036,0.6949511729814362,0.3280072875336337,0.6412743912914155
7d95a4cd-dd60-ea11-a2c5-c4346bcb1550.000067,67,3.945273835412675,0.9121183582540797,9.747537484742141,0.8751824832654369,3.980636537315628,0.7278567068112576,0.6796296534257481,0.6172820269700421
7d95a4cd-dd60-ea11-a2c5-c4346bcb1550.000068,68,4.233312883286697,0.780014319398451,9.09167787531318,0.7059771258855455,3.422451707884275,0.6468538989812274,0.5306109957999658,0.4414166691831323
7d95a4cd-dd60-ea11-a2c5-c4346bcb1550.000069,69,0.5089346391344919,0.8048557385649531,7.462113875118113,0.9189082956674128,3.05201793356678,0.6496444851313851,0.1542246296389907,0.4067963919468285
7d95a4cd-dd60-ea11-a2c5-c4346bcb1550.000070,70,6.987713049290864,0.5167732018257662,8.447873326714404,0.9708337104030573,4.301782137131107,0.6268558311886046,0.6902855935047909,0.6092953697883011
7d95a4cd-dd60-ea11-a2c5-c4346bcb1550.000071,71,6.325387276696909,0.3448693957887532,5.294943652104092,0.8802742413766191,3.777645401522159,0.8334613185576698,0.05597569518637054,0.6385700192747418
7d95a4cd-dd60-ea11-a2c5-c4346bcb1550.000072,72,2.176687321716776,0.8057284356225936,7.789153783457569,0.4285507591091877,3.742548549803472,0.6613682538929837,0.7199032954626025,0.8272157204746863
7d95a4cd-dd60-ea11-a2c5-c4346bcb1550.000073,73,7.421255732713354,0.7814241007551008,7.946111588939383,0.8682113260339623,3.066744019552444,0.8940545487956664,0.6996978207680861,0.8316968305986151
7d95a4cd-dd60-ea11-a2c5-c4346bcb1550.000074,74,3.322377447875824,0.9324209761947339,5.31816641214744,0.4972752435144117,4.835611316753235,0.8729339668562466,0.003645977981596423,0.6481430689357671
7d95a4cd-dd60-ea11-a2c5-c4346bcb1550.000075,75,3.182375554980359,0.4848517458543323,9.911328700080588,0.9474154796535249,3.525941891100254,0.7792875344587931,0.7719098498653187,0.6399931006207671
7d95a4cd-dd60-ea11-a2c5-c4346bcb1550.000076,76,3.228569672110813,0.5666294377496314,4.652853543700318,0.8764400025542242,4.447457417458003,0.766203711386783,0.1712120129158754,0.6139022332761938
7d95a4cd-dd60-ea11-a2c5-c4346bcb1550.000077,77,1.291373763925344,0.2093869078046806,9.999033847627192,0.957480984321838,3.33293078069174,0.7641961643933114,0.4707284959076697,0.4848620896785128
7d95a4cd-dd60-ea11-a2c5-c4346bcb1550.000078,78,8.290333051028762,0.4323205242592041,9.806411816488245,0.9955040934355461,3.346192180670811,0.7166438026925873,0.2481192081741914,0.4254322523372668
7d95a4cd-dd60-ea11-a2c5-c4346bcb1550.000079,79,7.32161253685844,0.5869699844148214,6.357541724577351,0.9488770505494591,3.211628922793727,0.9221812462644543,0.1348549723974351,0.6584175741159237
7d95a4cd-dd60-ea11-a2c5-c4346bcb1550.000080,80,2.678620948649226,0.4634752062282577,9.871449423222797,0.798172017091693,4.725534365930874,0.829374949235008,0.2764971788012605,0.6317738262236416
7d95a4cd-dd60-ea11-a2c5-c4346bcb1550.000081,81,4.500634568193217,0.66369996360971,9.814301576491154,0.8949074761663282,3.231258366108724,0.9401494847353268,0.8760770251620836,0.8119057333538094
7d95a4cd-dd60-ea11-a2c5-c4346bcb1550.000082,82,4.728349592299011,0.8259611244616223,8.33994122435854,0.7509652872281615,4.009880627410372,0.7764347124011847,0.957336688681563,0.8111353333206891
7d95a4cd-dd60-ea11-a2c5-c4346bcb1550.000083,83,1.466570397334936,0.3139936487216184,9.374537423151107,0.731836296946963,3.124641934511959,0.6306195011983756,0.3788605621001279,0.6015741552901513
7d95a4cd-dd60-ea11-a2c5-c4346bcb1550.000084,84,6.635419591075083,0.5235126828292973,8.192190497367191,0.9217207431980852,4.01307179088086,0.81927123593169,0.07745827802115016,0.5299658611790804
7d95a4cd-dd60-ea11-a2c5-c4346bcb1550.000085,85,1.081236951282333,0.191185169963323,7.450056081022465,0.6973540975511027,4.422797333708358,0.6155527470747983,0.3717196016089221,0.5722380090543074
7d95a4cd-dd60-ea11-a2c5-c4346bcb1550.000086,86,0.1638461496001236,0.9710767283316456,5.730642483235471,0.9196374188652898,4.692280563195401,0.9833141313126619,0.08552823602265908,0.4874529287759413
7d95a4cd-dd60-ea11-a2c5-c4346bcb1550.000087,87,3.772709791407374,0.8420970303306187,8.010652479982031,0.8260646200200975,3.392281064256514,0.6354917019255042,0.7756104565342812,0.6899343856694221
7d95a4cd-dd60-ea11-a2c5-c4346bcb1550.000088,88,9.213264943475503,0.6724216593280855,4.815676131756932,0.7557381634742381,4.184125234982515,0.7066133723113833,0.1156568998166933,0.4306165234014997
7d95a4cd-dd60-ea11-a2c5-c4346bcb1550.000089,89,2.261631606657235,0.2868019632582469,8.823862148578932,0.7860283077459037,3.987355650714449,0.7764911969085493,0.1494003543230906,0.6409085540757292
7d95a4cd-dd60-ea11-a2c5-c4346bcb1550.000090,90,8.427031116300327,0.478174492383003,4.818866083318992,0.9204885433899311,4.635889453877958,0.8118068427727252,0.1068355156632927,0.4939418214218291
7d95a4cd-dd60-ea11-a2c5-c4346bcb1550.000091,91,7.253691151292257,0.1148374264866777,5.461940666501123,0.5535825469790467,4.164729075253625,0.6616095080740031,0.007493747834963276,0.4033710212770099
7d95a4cd-dd60-ea11-a2c5-c4346bcb1550.000092,92,7.798026331411227,0.7110191536186378,7.796772503176051,0.7469291546576893,4.664394074146415,0.7683145637367618,0.03451673709400481,0.5244454347084065
7d95a4cd-dd60-ea11-a2c5-c4346bcb1550.000093,93,0.6782753061490842,0.6526518845691774,7.011557858267894,0.579256350078072,3.734945929035783,0.7133764192432439,0.6035277535224258,0.7920575363418368
7d95a4cd-dd60-ea11-a2c5-c4346bcb1550.000094,94,1.451814515980883,0.5263844439502697,9.288121721797095,0.8109356161672286,4.683218824645319,0.9257548143662616,0.6705349678945971,0.8054593713539713
7d95a4cd-dd60-ea11-a2c5-c4346bcb1550.000095,95,6.364065458820481,0.6141533274851104,9.794323820236391,0.8196208783354934,3.742541424820978,0.8704330111068301,0.08023247044957055,0.5158782081897116
7d95a4cd-dd60-ea11-a2c5-c4346bcb1550.000096,96,5.249856123769357,0.7840566177523196,6.903452672698699,0.6989961101347439,3.791732599520633,0.6494664615760464,0.5443602899505391,0.7433349491783965
7d95a4cd-dd60-ea11-a2c5-c4346bcb1550.000097,97,3.369979947113089,0.9681265119011411,9.643151546949017,0.5807805661819824,4.832833618784537,0.8106914234744577,0.8471922709941794,0.8130883692535877
7d95a4cd-dd60-ea11-a2c5-c4346bcb1550.000098,98,5.651129829899922,0.3915931053488991,8.365003017514933,0.72240265229254,4.06516296193827,0.6276144089069365,0.526937884439105,0.6983770850918889
7d95a4cd-dd60-ea11-a2c5-c4346bcb1550.000099,99,8.74737148263076,0.5228130401828447,9.73655631555824,0.9584584953032683,4.94484643036703,0.7104450602921104,0.1179323419961382,0.2745734539480026
7d95a4cd-dd60-ea11-a2c5-c4346bcb1550.000100,100,4.479481605009535,0.8093761623412122,5.168092840749069,0.5940499663468565,4.544342783628281,0.7376219703389595,0.04829206835590456,0.5140887131683944
7d95a4cd-dd60-ea11-a2c5-c4346bcb1550.000101,101,0.3700603834279605,0.8158479520377763,4.509628647461471,0.9144109430269685,4.542145188630126,0.6960576770337418,0.2651542757236241,0.6762614137729893
7d95a4cd-dd60-ea11-a2c5-c4346bcb1550.000102,102,0.6793051031706566,0.1969434826700424,7.925159779365956,0.6702359927785432,3.352648730780623,0.6184714167548171,0.9857198989113795,0.8190166754942557
7d95a4cd-dd60-ea11-a2c5-c4346bcb1550.000103,103,9.167415276106269,0.247283502258451,5.326902367852826,0.7710607358608328,3.720538040208237,0.7356794419542095,0.149990905485938,0.6823363978500154
7d95a4cd-dd60-ea11-a2c5-c4346bcb1550.000104,104,2.098066601704737,0.8647382013937086,8.539444930244796,0.8703590244176335,3.230107527019893,0.7693858343985788,0.4686880685654811,0.5453861192513082
7d95a4cd-dd60-ea11-a2c5-c4346bcb1550.000105,105,5.665510466623672,0.5290885406083008,5.758526247638621,0.6785872093135399,4.686955578622699,0.7195004424617701,0.468767490372254,0.7080649780775983
7d95a4cd-dd60-ea11-a2c5-c4346bcb1550.000106,106,4.392660991750193,0.1682657038649642,7.835262828932235,0.8528658005370664,3.819518937271604,0.7544710333871331,0.580952060261821,0.7274382961477823
7d95a4cd-dd60-ea11-a2c5-c4346bcb1550.000107,107,2.892263962564843,0.7741627945772082,9.464216474517427,0.9851700124662103,3.197074837627901,0.8385539355500666,0.3470090924880073,0.365126210818492
7d95a4cd-dd60-ea11-a2c5-c4346bcb1550.000108,108,3.560798571677403,0.972288667549633,8.286703203807658,0.6192692464068286,3.277669530761742,0.7163189090262676,0.7340669303649291,0.7870091713691728
7d95a4cd-dd60-ea11-a2c5-c4346bcb1550.000109,109,4.85996715468378,0.3858227288490052,9.548060609562443,0.9357930408529889,4.229355645596225,0.6779421979513046,0.4546279702012584,0.4252119524664255
7d95a4cd-dd60-ea11-a2c5-c4346bcb1550.000110,110,0.6905229796856499,0.08509729402366566,9.474669007110197,0.8114268805510354,3.677299914080979,0.6288724049589491,0.2780065970956023,0.6142451697498886
7d95a4cd-dd60-ea11-a2c5-c4346bcb1550.000111,111,3.888350234928945,0.1594370962667145,5.395732359440414,0.9286279297555514,3.934535562368457,0.6497088196953966,0.1788576962558533,0.3769951510211472
7d95a4cd-dd60-ea11-a2c5-c4346bcb1550.000112,112,2.124889258696351,0.82983256817023,6.56288875877729,0.8162125455160544,4.558282311983419,0.7376719331430006,0.05193500344727132,0.3840108484453265
7d95a4cd-dd60-ea11-a2c5-c4346bcb1550.000113,113,4.010322249629946,0.3129957790681734,9.286053112247973,0.9068391862977944,4.571692136400664,0.7194315228401778,0.9651721160452917,0.6662506405499848
7d95a4cd-dd60-ea11-a2c5-c4346bcb1550.000114,114,2.1827613894622,0.6880520034964316,6.899100929088018,0.6506587821734883,3.575806235669779,0.6053865126809803,0.2652698982778712,0.623342583763829
7d95a4cd-dd60-ea11-a2c5-c4346bcb1550.000115,115,6.148557171401059,0.3083383002483241,5.315851362622613,0.8218120593748045,4.855096465937315,0.8142798626723426,0.3079338811609897,0.728158393944973
7d95a4cd-dd60-ea11-a2c5-c4346bcb1550.000116,116,4.856167632901598,0.154116910219377,9.519759184798657,0.9758587289557475,3.83090449274118,0.8908930299369275,0.3331226579732776,0.5731460071719562
7d95a4cd-dd60-ea11-a2c5-c4346bcb1550.000117,117,7.302253188080886,0.9060841275603075,7.924023846676269,0.6604147243981344,3.759359486613497,0.7517529490542744,0.3450377138098375,0.7102548143180455
7d95a4cd-dd60-ea11-a2c5-c4346bcb1550.000118,118,3.175101135428075,0.817978849315506,7.094184913328405,0.7262618518387262,3.142165385249556,0.6213806521144075,0.4039571301217643,0.6020422015585304
7d95a4cd-dd60-ea11-a2c5-c4346bcb1550.000119,119,3.312930688386071,0.6364360048385215,6.763584822716568,0.8587523412901035,3.480824857931771,0.6027952588418886,0.1313124715945855,0.3346892866358476
7d95a4cd-dd60-ea11-a2c5-c4346bcb1550.000120,120,8.81177555901447,0.004046044891984507,5.192090284102765,0.901892661080097,3.722034191831155,0.8704030814974062,0.0460711898427844,0.538095126402723
7d95a4cd-dd60-ea11-a2c5-c4346bcb1550.000121,121,3.442807308182214,0.9801173772165536,8.174987191743783,0.6345435145972986,3.241485765849818,0.6193830050687177,0.3688082291738402,0.3642767007786963
7d95a4cd-dd60-ea11-a2c5-c4346bcb1550.000122,122,9.497758873654,0.8898441511197325,8.164413774588734,0.9263238308285052,4.895358857721464,0.7989265426875823,0.3091591670367709,0.5712435479998162
7d95a4cd-dd60-ea11-a2c5-c4346bcb1550.000123,123,8.588011851588794,0.4895998344503757,9.48883553118573,0.6554845232485447,3.29750883986842,0.688112096253602,0.9724400458064196,0.7263466672884106
7d95a4cd-dd60-ea11-a2c5-c4346bcb1550.000124,124,9.842724253448395,0.4381872617472934,5.272443087272228,0.6949072240915711,3.296596012767731,0.7551628074837888,0.1086948176251709,0.37123881775506
7d95a4cd-dd60-ea11-a2c5-c4346bcb1550.000125,125,3.139739450212406,0.04336704805215448,4.939377509425197,0.9798524997679559,4.923843549057229,0.9185231883625071,0.1257926496852376,0.5793439930364116
7d95a4cd-dd60-ea11-a2c5-c4346bcb1550.000126,126,9.95205296634131,0.8176219407559757,7.748720745952006,0.9266346070979795,4.560935462939241,0.7068514236276003,0.6581952629062683,0.6684643412859178
7d95a4cd-dd60-ea11-a2c5-c4346bcb1550.000127,127,8.802976328810667,0.8515183645737633,8.62340651526434,0.823703327391234,3.531166953620331,0.7603647408556252,0.5157375297707757,0.6942958426156062
7d95a4cd-dd60-ea11-a2c5-c4346bcb1550.000128,128,0.9766310114832443,0.4785932229406449,7.237502455407487,0.8233869898290496,3.721094176676896,0.605198579041287,0.2370329197778645,0.3595746731451327
7d95a4cd-dd60-ea11-a2c5-c4346bcb1550.000129,129,0.3752127199746237,0.7017595508381405,8.136299807560146,0.6672081389447404,4.637241090703676,0.7483974541239514,0.8704671320796108,0.796226317393365
7d95a4cd-dd60-ea11-a2c5-c4346bcb1550.000130,130,2.448526075332322,0.8570474943761232,6.285567369275454,0.71498118186369,4.960797813676438,0.8521458014598489,0.0755602811859915,0.6571696597985137
7d95a4cd-dd60-ea11-a2c5-c4346bcb1550.000131,131,0.2202402933591764,0.8752305563752081,7.779723220641611,0.75044030947947,4.780190871222767,0.8260060595715221,0.4283389710189427,0.7144022076880973
7d95a4cd-dd60-ea11-a2c5-c4346bcb1550.000132,132,1.723304500857891,0.0858095898198094,4.43675778552529,0.9805910754153787,3.102749190885305,0.6732981905885382,0.04906643978695761,0.5510629398444649
7d95a4cd-dd60-ea11-a2c5-c4346bcb1550.000133,133,0.1381273294086959,0.4860147008061902,7.453922335351569,0.9323383845966454,4.252244244553379,0.846038777564514,0.6030891863338632,0.7691061229058928
7d95a4cd-dd60-ea11-a2c5-c4346bcb1550.000134,134,3.662979339870605,0.2290150058260697,9.968057760972659,0.8184983294667217,4.535367193639925,0.8156544754297744,0.6898077784526151,0.6879525996076781
7d95a4cd-dd60-ea11-a2c5-c4346bcb1550.000135,135,6.549970818113529,0.8609296110551667,9.355914631145787,0.58115986770646,3.041181945035903,0.7464594036704527,0.5599749237538508,0.7845728514296975
7d95a4cd-dd60-ea11-a2c5-c4346bcb1550.000136,136,9.227827800189836,0.5648554527825959,5.418923469631438,0.5303233673277186,3.977148735043078,0.7250501481218585,0.3543779607769364,0.7930001734566202
7d95a4cd-dd60-ea11-a2c5-c4346bcb1550.000137,137,8.485611887951286,0.2435952577207152,7.661589574494545,0.9840021260748234,4.604188894288479,0.7197004982377645,0.2307250106502268,0.4883502562289319
7d95a4cd-dd60-ea11-a2c5-c4346bcb1550.000138,138,5.83558002089556,0.1805452776469356,6.550268081399687,0.9235185467982295,3.921427546866043,0.7793298440496592,0.5641471885600093,0.8176027527204262
7d95a4cd-dd60-ea11-a2c5-c4346bcb1550.000139,139,2.927442176272858,0.9727344616280247,8.854250571138103,0.7602739209536521,4.320806037524329,0.6871502279594884,0.7989204417153037,0.718786710161301
7d95a4cd-dd60-ea11-a2c5-c4346bcb1550.000140,140,8.87489173415707,0.03824950519288073,8.727398888987265,0.9333016951092334,3.999279070895451,0.6860867775775851,0.1441407344583539,0.4582499621222349
7d95a4cd-dd60-ea11-a2c5-c4346bcb1550.000141,141,2.593076961769462,0.1128822633005862,6.366202531056141,0.6322092423750985,4.79568701118705,0.6273239382128937,0.02907855896679953,0.563639029954532
7d95a4cd-dd60-ea11-a2c5-c4346bcb1550.000142,142,2.57466750816532,0.5294166539310189,8.30302790593181,0.9746328284955732,3.221860631295489,0.6651767975956753,0.7175712969819847,0.6218269605837861
7d95a4cd-dd60-ea11-a2c5-c4346bcb1550.000143,143,4.052203681595997,0.7177918404269007,6.794743036264437,0.9606085533551014,4.774337865130454,0.9366218494176739,0.6437900455946337,0.8353731828492145
7d95a4cd-dd60-ea11-a2c5-c4346bcb1550.000144,144,7.581032670866942,0.7825051521761616,5.781247763253862,0.8096195230892563,3.2892453258925,0.7422093225732312,0.4457968674059425,0.7620757010789646
7d95a4cd-dd60-ea11-a2c5-c4346bcb1550.000145,145,5.826782875999919,0.3957032041348693,5.166727818740087,0.8815665997966294,3.992458855933075,0.649778651070314,0.235389997812712,0.4716467148033982
7d95a4cd-dd60-ea11-a2c5-c4346bcb1550.000146,146,5.291321544158677,0.08485758049711571,6.418127227897652,0.7361583992207161,4.446639480384077,0.6272252802978283,0.3399015815515223,0.5397085106209641
7d95a4cd-dd60-ea11-a2c5-c4346bcb1550.000147,147,8.155466605590455,0.9302149321444753,7.665773076156342,0.7831171621713139,3.851259260830626,0.681974987623509,0.1863525011430675,0.5127528443998155
7d95a4cd-dd60-ea11-a2c5-c4346bcb1550.000148,148,0.7414606300055315,0.6311911778424609,4.712542659088305,0.9033700322837185,3.634286287253587,0.6686468386710158,0.2940240444062948,0.6137244901841359
7d95a4cd-dd60-ea11-a2c5-c4346bcb1550.000149,149,2.565130295916078,0.3651361352742817,4.973484545079351,0.8867397761201982,4.071257235231973,0.6598005643813656,0.2617005218506838,0.6816082275107948
7d95a4cd-dd60-ea11-a2c5-c4346bcb1550.000150,150,3.672616522594712,0.794890820383096,9.496534268977364,0.7886199567111067,4.71728760978144,0.868397497678398,0.1517394645012341,0.6247896582828351
7d95a4cd-dd60-ea11-a2c5-c4346bcb1550.000151,151,3.55525197636082,0.1459227024165915,8.048191621838516,0.9755435393810136,4.288739263281792,0.8245988332675783,0.5946899652444188,0.7435747706460294
7d95a4cd-dd60-ea11-a2c5-c4346bcb1550.000152,152,9.927619139132725,0.6680790260105447,9.579045982602327,0.7318184051463505,4.500029768324819,0.8306442935491681,0.2145763368749637,0.6516447947895643
7d95a4cd-dd60-ea11-a2c5-c4346bcb1550.000153,153,4.648958953943922,0.412014641329165,6.518096501706246,0.6645155471484631,4.762395086236396,0.6600843412677828,0.4599728228989557,0.7139593868898566
7d95a4cd-dd60-ea11-a2c5-c4346bcb1550.000154,154,9.289724993280917,0.9992993934624794,9.940502199159422,0.9052967410496903,3.25348156170946,0.8271467184279395,0.917021512990721,0.718800780885092
7d95a4cd-dd60-ea11-a2c5-c4346bcb1550.000155,155,7.485301854390439,0.02036529877666501,5.122606861484815,0.8832912755464585,3.923987386582462,0.7601289895982708,0.2516616984941477,0.611376974947471
7d95a4cd-dd60-ea11-a2c5-c4346bcb1550.000156,156,4.840457672490939,0.8529567934608883,9.211839572789668,0.5249503722765909,4.076121879926486,0.8416622754279979,0.7164765692948207,0.847026278694837
7d95a4cd-dd60-ea11-a2c5-c4346bcb1550.000157,157,1.438021896716192,0.7664081614935612,8.012695114968412,0.4283173818384059,4.360044989429539,0.6260621542784223,0.860644210287611,0.82207210430037
7d95a4cd-dd60-ea11-a2c5-c4346bcb1550.000158,158,8.74050477284776,0.5893772258614499,9.746898944289605,0.9081311355071363,3.597829165175893,1.10070790609288,0.217846424541508,0.6780089371729289
7d95a4cd-dd60-ea11-a2c5-c4346bcb1550.000159,159,0.3370383987408234,0.4598593754273273,8.278893064744626,0.9466203565308828,4.534861623355026,0.6477925134869833,0.7948355770673077,0.6791339235750209
7d95a4cd-dd60-ea11-a2c5-c4346bcb1550.000160,160,1.465954020763472,0.7485300339516928,7.854760920317799,0.6187091700080204,3.199743808840237,0.6651704246008749,0.6243970778958006,0.7806021869491987
7d95a4cd-dd60-ea11-a2c5-c4346bcb1550.000161,161,8.91179932439329,0.4010813437532043,9.572941422190311,0.9323348306579359,4.282196129113511,0.6637463557484236,0.4659377011631795,0.5170770748774985
7d95a4cd-dd60-ea11-a2c5-c4346bcb1550.000162,162,2.909239770162364,0.7975535536015883,9.282834525911893,0.5516676168317834,4.187470647824593,0.6326859501135422,0.3319029965161368,0.7184192638587767
7d95a4cd-dd60-ea11-a2c5-c4346bcb1550.000163,163,7.705468115823813,0.9254990081082034,8.995722758010565,0.6277795504850795,3.414553173704792,0.7315426363604366,0.4420602183471154,0.7239601945448046
7d95a4cd-dd60-ea11-a2c5-c4346bcb1550.000164,164,4.315618481481411,0.02860933040338261,6.23382955048559,0.9805925820508258,4.299455470142419,0.9726939460328371,0.5037043049321503,0.8156839346915545
7d95a4cd-dd60-ea11-a2c5-c4346bcb1550.000165,165,9.112160032061205,0.8874852031267056,5.57538790631,0.9587001188307476,4.649725032161459,0.7109051859655661,0.3757942912417842,0.6620462160422851
7d95a4cd-dd60-ea11-a2c5-c4346bcb1550.000166,166,1.004497772184379,0.9134931699962051,9.10708684372448,0.9264563601579716,4.266882321199597,1.278753694848166,0.6560631747987684,0.831553011816373
7d95a4cd-dd60-ea11-a2c5-c4346bcb1550.000167,167,2.868421763873916,0.2692090303653665,6.754859292035747,0.953240974909525,3.892251645399309,0.6093655765798044,0.141888969631971,0.3142874894917331
7d95a4cd-dd60-ea11-a2c5-c4346bcb1550.000168,168,5.168222017150969,0.6343602326341563,7.563849567884087,0.530978679974492,4.70853252738398,0.6978049797746811,0.001878184958444361,0.6058537112187159
7d95a4cd-dd60-ea11-a2c5-c4346bcb1550.000169,169,8.754453633037174,0.6644590552893449,9.299285890478139,0.8272192932406304,4.78096863043209,0.7589073428460054,0.8691078087268895,0.7064555900147703
7d95a4cd-dd60-ea11-a2c5-c4346bcb1550.000170,170,6.240690372848533,0.5719364396848106,5.695031670102272,0.6566460826662209,3.806245016299315,0.731104839425841,0.1796243006000663,0.5170485980487244
7d95a4cd-dd60-ea11-a2c5-c4346bcb1550.000171,171,5.744075829943549,0.843652945009389,8.807446309888427,0.9771956762084917,4.706022957284698,1.11348216860122,0.08058217326548797,0.5408689435929964
7d95a4cd-dd60-ea11-a2c5-c4346bcb1550.000172,172,6.829611579513687,0.6567033557332248,9.277919259524419,0.5548454652804599,4.723960163298266,1.301579407140225,0.0004621807263797383,0.7340096378442753
7d95a4cd-dd60-ea11-a2c5-c4346bcb1550.000173,173,1.477973654099656,0.6676407755596333,5.461328589501355,0.782926032095808,3.560410369729237,0.7929770934134671,0.446808862309626,0.7517930474259983
7d95a4cd-dd60-ea11-a2c5-c4346bcb1550.000174,174,6.398678908998475,0.4950815934986507,5.18500708124971,0.540766348769271,3.125779119922937,0.6155448312322289,0.03774758722142773,0.6118890203972454
7d95a4cd-dd60-ea11-a2c5-c4346bcb1550.000175,175,6.132089278028575,0.6375593319059247,9.563162336263463,0.5030438496876123,3.370265600210925,0.7215621049831433,0.7047209860707812,0.8101286823083739
7d95a4cd-dd60-ea11-a2c5-c4346bcb1550.000176,176,9.709010079901425,0.3353934489771938,8.373224902426555,0.9681078409943321,3.197384016913162,0.702076186902533,0.9385616965697655,0.6867470345606781
7d95a4cd-dd60-ea11-a2c5-c4346bcb1550.000177,177,9.575264573598355,0.7284428569281768,7.592161952935087,0.6637960075363284,4.610366803828862,0.653722013933331,0.7201357043144365,0.8068689805190123
7d95a4cd-dd60-ea11-a2c5-c4346bcb1550.000178,178,8.624609437195163,0.05261573728977729,6.218248176036154,0.5055377972592229,3.300990888532192,0.6767794394984626,0.336349411476014,0.7770591789415888
7d95a4cd-dd60-ea11-a2c5-c4346bcb1550.000179,179,5.570679023460569,0.6315150963407311,9.554800242179812,0.7194815213559039,3.75806973047008,0.8609812318327341,0.9892460433512528,0.8197963371515575
7d95a4cd-dd60-ea11-a2c5-c4346bcb1550.000180,180,8.147382532387104,0.797234814875478,9.19758777894787,0.924921232988982,4.679915916809806,0.609875940322803,0.9414927573996928,0.5991430315645286
7d95a4cd-dd60-ea11-a2c5-c4346bcb1550.000181,181,7.894103674640849,0.7336869108594762,9.380497376145374,0.833535170181546,4.408963155082645,1.052299712487736,0.08247546831635238,0.6086025554171699
7d95a4cd-dd60-ea11-a2c5-c4346bcb1550.000182,182,2.835777435924936,0.2393386091116827,8.364099427778797,0.9473469823745854,4.537457698419205,0.7222942411820393,0.3957686703012585,0.5863656721252856
7d95a4cd-dd60-ea11-a2c5-c4346bcb1550.000183,183,8.155777361145159,0.2586304742609327,6.924140291841359,0.9787909229625886,3.126530626437963,0.9147229858284864,0.1956710874576721,0.6883809175873974
7d95a4cd-dd60-ea11-a2c5-c4346bcb1550.000184,184,1.8884627747561,0.786776773511216,8.326659093187713,0.8098571957968264,3.461559667096796,0.7557897136919198,0.521720454151199,0.6997004346388522
7d95a4cd-dd60-ea11-a2c5-c4346bcb1550.000185,185,1.63339096258004,0.7489004401983509,9.194388989437103,0.7913494510629305,4.007712468585973,0.6218924479831869,0.02038636673829521,0.3760604355117167
7d95a4cd-dd60-ea11-a2c5-c4346bcb1550.000186,186,4.274585808598266,0.2947278536517226,4.650928939229174,0.8083203404897055,4.490492206274867,0.6734040026127733,0.1100177824972484,0.4411893552331044
7d95a4cd-dd60-ea11-a2c5-c4346bcb1550.000187,187,2.59443320200556,0.9544650557499589,8.231991612908772,0.9955088138158772,3.481896952415485,0.9971946989037723,0.2029897093492421,0.635980650588277
7d95a4cd-dd60-ea11-a2c5-c4346bcb1550.000188,188,3.60161479523873,0.9465125430529304,6.081657471801697,0.5877786753586338,4.03922454113302,0.7580671169549066,0.2580975628937349,0.6556949571222418
7d95a4cd-dd60-ea11-a2c5-c4346bcb1550.000189,189,6.891711429239761,0.7846230689642849,9.055748787200411,0.8823458154348933,4.88517787204456,0.7559836034318353,0.003776218570016635,0.3771540260845763
7d95a4cd-dd60-ea11-a2c5-c4346bcb1550.000190,190,6.37681362133592,0.6018644672675948,9.351739075030741,0.7247172346097108,4.500080024567025,0.6525955369107039,0.5301595606798478,0.4961882242680696
7d95a4cd-dd60-ea11-a2c5-c4346bcb1550.000191,191,0.5637090531392737,0.578048920495091,5.106116586637182,0.9449418376790806,3.840172060688563,0.7231456698407682,0.1342613640925895,0.3526460770909187
7d95a4cd-dd60-ea11-a2c5-c4346bcb1550.000192,192,6.706939397957723,0.8000736705924124,7.064113410477779,0.8694643742466784,3.714100534619507,0.7040142818657252,0.5844646107567749,0.698226333897474
7d95a4cd-dd60-ea11-a2c5-c4346bcb1550.000193,193,6.178166845882139,0.7733798035301328,5.012993528898303,0.9119904604674804,4.905995584733179,0.7838399003929494,0.165754321911742,0.5644364120138823
7d95a4cd-dd60-ea11-a2c5-c4346bcb1550.000194,194,9.196170733589586,0.4718601521716267,9.732847991179604,0.9953534823422447,4.925122612903309,1.360997629012573,0.5417149097245543,0.7955424901943803
7d95a4cd-dd60-ea11-a2c5-c4346bcb1550.000195,195,3.901796493025959,0.3871163428583608,7.348623268857772,0.9667290674307683,4.887192090075944,0.7092853556661222,0.1147452729322506,0.2820694819478213
7d95a4cd-dd60-ea11-a2c5-c4346bcb1550.000196,196,1.892505969445785,0.1480082275790371,9.74596354176359,0.738297284988878,4.697133141525488,0.8446647011118107,0.3683916061423698,0.7149014174912967
7d95a4cd-dd60-ea11-a2c5-c4346bcb1550.000197,197,9.873701773372927,0.8644156486474632,7.016666604482712,0.9024122260032116,4.479326861626642,0.6609012386572268,0.823639827554701,0.8399899605064607
7d95a4cd-dd60-ea11-a2c5-c4346bcb1550.000198,198,2.612120257805524,0.153112367761329,9.798928812706432,0.6456816112804318,3.683696899147391,0.665720243102381,0.6329579537063251,0.7606885829286922
7d95a4cd-dd60-ea11-a2c5-c4346bcb1550.000199,199,9.611429608993404,0.2054136650482215,4.896843729932553,0.7577271857339245,3.112004781220007,0.695402294605282,0.1792977407217975,0.540402257883253
