,sample,sim_id,age_cat,value
0,47,ab172099-8db8-e911-a2c1-c4346bcb1555,0.0-1.0,
0,47,ab172099-8db8-e911-a2c1-c4346bcb1555,1.0-3.0,
0,47,ab172099-8db8-e911-a2c1-c4346bcb1555,3.0-5.0,
0,47,ab172099-8db8-e911-a2c1-c4346bcb1555,5.0-10.0,
0,47,ab172099-8db8-e911-a2c1-c4346bcb1555,10.0-20.0,
0,47,ab172099-8db8-e911-a2c1-c4346bcb1555,20.0-40.0,121.331
0,47,ab172099-8db8-e911-a2c1-c4346bcb1555,40.0-60.0,
0,47,ab172099-8db8-e911-a2c1-c4346bcb1555,60.0-200.0,
0,14,9b172099-8db8-e911-a2c1-c4346bcb1555,0.0-1.0,
0,14,9b172099-8db8-e911-a2c1-c4346bcb1555,1.0-3.0,
0,14,9b172099-8db8-e911-a2c1-c4346bcb1555,3.0-5.0,
0,14,9b172099-8db8-e911-a2c1-c4346bcb1555,5.0-10.0,
0,14,9b172099-8db8-e911-a2c1-c4346bcb1555,10.0-20.0,
0,14,9b172099-8db8-e911-a2c1-c4346bcb1555,20.0-40.0,126.42742742742743
0,14,9b172099-8db8-e911-a2c1-c4346bcb1555,40.0-60.0,
0,14,9b172099-8db8-e911-a2c1-c4346bcb1555,60.0-200.0,
0,23,ba172099-8db8-e911-a2c1-c4346bcb1555,0.0-1.0,
0,23,ba172099-8db8-e911-a2c1-c4346bcb1555,1.0-3.0,
0,23,ba172099-8db8-e911-a2c1-c4346bcb1555,3.0-5.0,
0,23,ba172099-8db8-e911-a2c1-c4346bcb1555,5.0-10.0,
0,23,ba172099-8db8-e911-a2c1-c4346bcb1555,10.0-20.0,
0,23,ba172099-8db8-e911-a2c1-c4346bcb1555,20.0-40.0,64.43243243243244
0,23,ba172099-8db8-e911-a2c1-c4346bcb1555,40.0-60.0,
0,23,ba172099-8db8-e911-a2c1-c4346bcb1555,60.0-200.0,
0,18,9f172099-8db8-e911-a2c1-c4346bcb1555,0.0-1.0,
0,18,9f172099-8db8-e911-a2c1-c4346bcb1555,1.0-3.0,
0,18,9f172099-8db8-e911-a2c1-c4346bcb1555,3.0-5.0,
0,18,9f172099-8db8-e911-a2c1-c4346bcb1555,5.0-10.0,
0,18,9f172099-8db8-e911-a2c1-c4346bcb1555,10.0-20.0,
0,18,9f172099-8db8-e911-a2c1-c4346bcb1555,20.0-40.0,115.84784784784785
0,18,9f172099-8db8-e911-a2c1-c4346bcb1555,40.0-60.0,
0,18,9f172099-8db8-e911-a2c1-c4346bcb1555,60.0-200.0,
0,5,92172099-8db8-e911-a2c1-c4346bcb1555,0.0-1.0,
0,5,92172099-8db8-e911-a2c1-c4346bcb1555,1.0-3.0,
0,5,92172099-8db8-e911-a2c1-c4346bcb1555,3.0-5.0,
0,5,92172099-8db8-e911-a2c1-c4346bcb1555,5.0-10.0,
0,5,92172099-8db8-e911-a2c1-c4346bcb1555,10.0-20.0,
0,5,92172099-8db8-e911-a2c1-c4346bcb1555,20.0-40.0,116.356
0,5,92172099-8db8-e911-a2c1-c4346bcb1555,40.0-60.0,
0,5,92172099-8db8-e911-a2c1-c4346bcb1555,60.0-200.0,
0,51,af172099-8db8-e911-a2c1-c4346bcb1555,0.0-1.0,
0,51,af172099-8db8-e911-a2c1-c4346bcb1555,1.0-3.0,
0,51,af172099-8db8-e911-a2c1-c4346bcb1555,3.0-5.0,
0,51,af172099-8db8-e911-a2c1-c4346bcb1555,5.0-10.0,
0,51,af172099-8db8-e911-a2c1-c4346bcb1555,10.0-20.0,
0,51,af172099-8db8-e911-a2c1-c4346bcb1555,20.0-40.0,49.749
0,51,af172099-8db8-e911-a2c1-c4346bcb1555,40.0-60.0,
0,51,af172099-8db8-e911-a2c1-c4346bcb1555,60.0-200.0,
0,26,be172099-8db8-e911-a2c1-c4346bcb1555,0.0-1.0,
0,26,be172099-8db8-e911-a2c1-c4346bcb1555,1.0-3.0,
0,26,be172099-8db8-e911-a2c1-c4346bcb1555,3.0-5.0,
0,26,be172099-8db8-e911-a2c1-c4346bcb1555,5.0-10.0,
0,26,be172099-8db8-e911-a2c1-c4346bcb1555,10.0-20.0,
0,26,be172099-8db8-e911-a2c1-c4346bcb1555,20.0-40.0,128.4679358717435
0,26,be172099-8db8-e911-a2c1-c4346bcb1555,40.0-60.0,
0,26,be172099-8db8-e911-a2c1-c4346bcb1555,60.0-200.0,
0,53,b1172099-8db8-e911-a2c1-c4346bcb1555,0.0-1.0,
0,53,b1172099-8db8-e911-a2c1-c4346bcb1555,1.0-3.0,
0,53,b1172099-8db8-e911-a2c1-c4346bcb1555,3.0-5.0,
0,53,b1172099-8db8-e911-a2c1-c4346bcb1555,5.0-10.0,
0,53,b1172099-8db8-e911-a2c1-c4346bcb1555,10.0-20.0,
0,53,b1172099-8db8-e911-a2c1-c4346bcb1555,20.0-40.0,123.049
0,53,b1172099-8db8-e911-a2c1-c4346bcb1555,40.0-60.0,
0,53,b1172099-8db8-e911-a2c1-c4346bcb1555,60.0-200.0,
0,42,a6172099-8db8-e911-a2c1-c4346bcb1555,0.0-1.0,
0,42,a6172099-8db8-e911-a2c1-c4346bcb1555,1.0-3.0,
0,42,a6172099-8db8-e911-a2c1-c4346bcb1555,3.0-5.0,
0,42,a6172099-8db8-e911-a2c1-c4346bcb1555,5.0-10.0,
0,42,a6172099-8db8-e911-a2c1-c4346bcb1555,10.0-20.0,
0,42,a6172099-8db8-e911-a2c1-c4346bcb1555,20.0-40.0,42.913
0,42,a6172099-8db8-e911-a2c1-c4346bcb1555,40.0-60.0,
0,42,a6172099-8db8-e911-a2c1-c4346bcb1555,60.0-200.0,
0,9,96172099-8db8-e911-a2c1-c4346bcb1555,0.0-1.0,
0,9,96172099-8db8-e911-a2c1-c4346bcb1555,1.0-3.0,
0,9,96172099-8db8-e911-a2c1-c4346bcb1555,3.0-5.0,
0,9,96172099-8db8-e911-a2c1-c4346bcb1555,5.0-10.0,
0,9,96172099-8db8-e911-a2c1-c4346bcb1555,10.0-20.0,
0,9,96172099-8db8-e911-a2c1-c4346bcb1555,20.0-40.0,58.965
0,9,96172099-8db8-e911-a2c1-c4346bcb1555,40.0-60.0,
0,9,96172099-8db8-e911-a2c1-c4346bcb1555,60.0-200.0,
0,28,c0172099-8db8-e911-a2c1-c4346bcb1555,0.0-1.0,
0,28,c0172099-8db8-e911-a2c1-c4346bcb1555,1.0-3.0,
0,28,c0172099-8db8-e911-a2c1-c4346bcb1555,3.0-5.0,
0,28,c0172099-8db8-e911-a2c1-c4346bcb1555,5.0-10.0,
0,28,c0172099-8db8-e911-a2c1-c4346bcb1555,10.0-20.0,
0,28,c0172099-8db8-e911-a2c1-c4346bcb1555,20.0-40.0,119.529
0,28,c0172099-8db8-e911-a2c1-c4346bcb1555,40.0-60.0,
0,28,c0172099-8db8-e911-a2c1-c4346bcb1555,60.0-200.0,
0,56,b5172099-8db8-e911-a2c1-c4346bcb1555,0.0-1.0,
0,56,b5172099-8db8-e911-a2c1-c4346bcb1555,1.0-3.0,
0,56,b5172099-8db8-e911-a2c1-c4346bcb1555,3.0-5.0,
0,56,b5172099-8db8-e911-a2c1-c4346bcb1555,5.0-10.0,
0,56,b5172099-8db8-e911-a2c1-c4346bcb1555,10.0-20.0,
0,56,b5172099-8db8-e911-a2c1-c4346bcb1555,20.0-40.0,120.998
0,56,b5172099-8db8-e911-a2c1-c4346bcb1555,40.0-60.0,
0,56,b5172099-8db8-e911-a2c1-c4346bcb1555,60.0-200.0,
0,58,b9172099-8db8-e911-a2c1-c4346bcb1555,0.0-1.0,
0,58,b9172099-8db8-e911-a2c1-c4346bcb1555,1.0-3.0,
0,58,b9172099-8db8-e911-a2c1-c4346bcb1555,3.0-5.0,
0,58,b9172099-8db8-e911-a2c1-c4346bcb1555,5.0-10.0,
0,58,b9172099-8db8-e911-a2c1-c4346bcb1555,10.0-20.0,
0,58,b9172099-8db8-e911-a2c1-c4346bcb1555,20.0-40.0,44.366
0,58,b9172099-8db8-e911-a2c1-c4346bcb1555,40.0-60.0,
0,58,b9172099-8db8-e911-a2c1-c4346bcb1555,60.0-200.0,
0,32,c4172099-8db8-e911-a2c1-c4346bcb1555,0.0-1.0,
0,32,c4172099-8db8-e911-a2c1-c4346bcb1555,1.0-3.0,
0,32,c4172099-8db8-e911-a2c1-c4346bcb1555,3.0-5.0,
0,32,c4172099-8db8-e911-a2c1-c4346bcb1555,5.0-10.0,
0,32,c4172099-8db8-e911-a2c1-c4346bcb1555,10.0-20.0,
0,32,c4172099-8db8-e911-a2c1-c4346bcb1555,20.0-40.0,46.994
0,32,c4172099-8db8-e911-a2c1-c4346bcb1555,40.0-60.0,
0,32,c4172099-8db8-e911-a2c1-c4346bcb1555,60.0-200.0,
0,99,f9172099-8db8-e911-a2c1-c4346bcb1555,0.0-1.0,
0,99,f9172099-8db8-e911-a2c1-c4346bcb1555,1.0-3.0,
0,99,f9172099-8db8-e911-a2c1-c4346bcb1555,3.0-5.0,
0,99,f9172099-8db8-e911-a2c1-c4346bcb1555,5.0-10.0,
0,99,f9172099-8db8-e911-a2c1-c4346bcb1555,10.0-20.0,
0,99,f9172099-8db8-e911-a2c1-c4346bcb1555,20.0-40.0,60.451
0,99,f9172099-8db8-e911-a2c1-c4346bcb1555,40.0-60.0,
0,99,f9172099-8db8-e911-a2c1-c4346bcb1555,60.0-200.0,
0,100,f5172099-8db8-e911-a2c1-c4346bcb1555,0.0-1.0,
0,100,f5172099-8db8-e911-a2c1-c4346bcb1555,1.0-3.0,
0,100,f5172099-8db8-e911-a2c1-c4346bcb1555,3.0-5.0,
0,100,f5172099-8db8-e911-a2c1-c4346bcb1555,5.0-10.0,
0,100,f5172099-8db8-e911-a2c1-c4346bcb1555,10.0-20.0,
0,100,f5172099-8db8-e911-a2c1-c4346bcb1555,20.0-40.0,128.916
0,100,f5172099-8db8-e911-a2c1-c4346bcb1555,40.0-60.0,
0,100,f5172099-8db8-e911-a2c1-c4346bcb1555,60.0-200.0,
0,113,9459189f-8db8-e911-a2c1-c4346bcb1555,0.0-1.0,
0,113,9459189f-8db8-e911-a2c1-c4346bcb1555,1.0-3.0,
0,113,9459189f-8db8-e911-a2c1-c4346bcb1555,3.0-5.0,
0,113,9459189f-8db8-e911-a2c1-c4346bcb1555,5.0-10.0,
0,113,9459189f-8db8-e911-a2c1-c4346bcb1555,10.0-20.0,
0,113,9459189f-8db8-e911-a2c1-c4346bcb1555,20.0-40.0,52.675
0,113,9459189f-8db8-e911-a2c1-c4346bcb1555,40.0-60.0,
0,113,9459189f-8db8-e911-a2c1-c4346bcb1555,60.0-200.0,
0,88,eb172099-8db8-e911-a2c1-c4346bcb1555,0.0-1.0,
0,88,eb172099-8db8-e911-a2c1-c4346bcb1555,1.0-3.0,
0,88,eb172099-8db8-e911-a2c1-c4346bcb1555,3.0-5.0,
0,88,eb172099-8db8-e911-a2c1-c4346bcb1555,5.0-10.0,
0,88,eb172099-8db8-e911-a2c1-c4346bcb1555,10.0-20.0,
0,88,eb172099-8db8-e911-a2c1-c4346bcb1555,20.0-40.0,54.052
0,88,eb172099-8db8-e911-a2c1-c4346bcb1555,40.0-60.0,
0,88,eb172099-8db8-e911-a2c1-c4346bcb1555,60.0-200.0,
0,36,c8172099-8db8-e911-a2c1-c4346bcb1555,0.0-1.0,
0,36,c8172099-8db8-e911-a2c1-c4346bcb1555,1.0-3.0,
0,36,c8172099-8db8-e911-a2c1-c4346bcb1555,3.0-5.0,
0,36,c8172099-8db8-e911-a2c1-c4346bcb1555,5.0-10.0,
0,36,c8172099-8db8-e911-a2c1-c4346bcb1555,10.0-20.0,
0,36,c8172099-8db8-e911-a2c1-c4346bcb1555,20.0-40.0,125.66
0,36,c8172099-8db8-e911-a2c1-c4346bcb1555,40.0-60.0,
0,36,c8172099-8db8-e911-a2c1-c4346bcb1555,60.0-200.0,
0,103,fa172099-8db8-e911-a2c1-c4346bcb1555,0.0-1.0,
0,103,fa172099-8db8-e911-a2c1-c4346bcb1555,1.0-3.0,
0,103,fa172099-8db8-e911-a2c1-c4346bcb1555,3.0-5.0,
0,103,fa172099-8db8-e911-a2c1-c4346bcb1555,5.0-10.0,
0,103,fa172099-8db8-e911-a2c1-c4346bcb1555,10.0-20.0,
0,103,fa172099-8db8-e911-a2c1-c4346bcb1555,20.0-40.0,125.616
0,103,fa172099-8db8-e911-a2c1-c4346bcb1555,40.0-60.0,
0,103,fa172099-8db8-e911-a2c1-c4346bcb1555,60.0-200.0,
0,117,9859189f-8db8-e911-a2c1-c4346bcb1555,0.0-1.0,
0,117,9859189f-8db8-e911-a2c1-c4346bcb1555,1.0-3.0,
0,117,9859189f-8db8-e911-a2c1-c4346bcb1555,3.0-5.0,
0,117,9859189f-8db8-e911-a2c1-c4346bcb1555,5.0-10.0,
0,117,9859189f-8db8-e911-a2c1-c4346bcb1555,10.0-20.0,
0,117,9859189f-8db8-e911-a2c1-c4346bcb1555,20.0-40.0,47.833
0,117,9859189f-8db8-e911-a2c1-c4346bcb1555,40.0-60.0,
0,117,9859189f-8db8-e911-a2c1-c4346bcb1555,60.0-200.0,
0,92,ef172099-8db8-e911-a2c1-c4346bcb1555,0.0-1.0,
0,92,ef172099-8db8-e911-a2c1-c4346bcb1555,1.0-3.0,
0,92,ef172099-8db8-e911-a2c1-c4346bcb1555,3.0-5.0,
0,92,ef172099-8db8-e911-a2c1-c4346bcb1555,5.0-10.0,
0,92,ef172099-8db8-e911-a2c1-c4346bcb1555,10.0-20.0,
0,92,ef172099-8db8-e911-a2c1-c4346bcb1555,20.0-40.0,85.222
0,92,ef172099-8db8-e911-a2c1-c4346bcb1555,40.0-60.0,
0,92,ef172099-8db8-e911-a2c1-c4346bcb1555,60.0-200.0,
0,106,fe172099-8db8-e911-a2c1-c4346bcb1555,0.0-1.0,
0,106,fe172099-8db8-e911-a2c1-c4346bcb1555,1.0-3.0,
0,106,fe172099-8db8-e911-a2c1-c4346bcb1555,3.0-5.0,
0,106,fe172099-8db8-e911-a2c1-c4346bcb1555,5.0-10.0,
0,106,fe172099-8db8-e911-a2c1-c4346bcb1555,10.0-20.0,
0,106,fe172099-8db8-e911-a2c1-c4346bcb1555,20.0-40.0,49.505
0,106,fe172099-8db8-e911-a2c1-c4346bcb1555,40.0-60.0,
0,106,fe172099-8db8-e911-a2c1-c4346bcb1555,60.0-200.0,
0,94,f1172099-8db8-e911-a2c1-c4346bcb1555,0.0-1.0,
0,94,f1172099-8db8-e911-a2c1-c4346bcb1555,1.0-3.0,
0,94,f1172099-8db8-e911-a2c1-c4346bcb1555,3.0-5.0,
0,94,f1172099-8db8-e911-a2c1-c4346bcb1555,5.0-10.0,
0,94,f1172099-8db8-e911-a2c1-c4346bcb1555,10.0-20.0,
0,94,f1172099-8db8-e911-a2c1-c4346bcb1555,20.0-40.0,134.725
0,94,f1172099-8db8-e911-a2c1-c4346bcb1555,40.0-60.0,
0,94,f1172099-8db8-e911-a2c1-c4346bcb1555,60.0-200.0,
0,109,9059189f-8db8-e911-a2c1-c4346bcb1555,0.0-1.0,
0,109,9059189f-8db8-e911-a2c1-c4346bcb1555,1.0-3.0,
0,109,9059189f-8db8-e911-a2c1-c4346bcb1555,3.0-5.0,
0,109,9059189f-8db8-e911-a2c1-c4346bcb1555,5.0-10.0,
0,109,9059189f-8db8-e911-a2c1-c4346bcb1555,10.0-20.0,
0,109,9059189f-8db8-e911-a2c1-c4346bcb1555,20.0-40.0,42.439
0,109,9059189f-8db8-e911-a2c1-c4346bcb1555,40.0-60.0,
0,109,9059189f-8db8-e911-a2c1-c4346bcb1555,60.0-200.0,
0,83,e6172099-8db8-e911-a2c1-c4346bcb1555,0.0-1.0,
0,83,e6172099-8db8-e911-a2c1-c4346bcb1555,1.0-3.0,
0,83,e6172099-8db8-e911-a2c1-c4346bcb1555,3.0-5.0,
0,83,e6172099-8db8-e911-a2c1-c4346bcb1555,5.0-10.0,
0,83,e6172099-8db8-e911-a2c1-c4346bcb1555,10.0-20.0,
0,83,e6172099-8db8-e911-a2c1-c4346bcb1555,20.0-40.0,41.570570570570574
0,83,e6172099-8db8-e911-a2c1-c4346bcb1555,40.0-60.0,
0,83,e6172099-8db8-e911-a2c1-c4346bcb1555,60.0-200.0,
0,62,9d59189f-8db8-e911-a2c1-c4346bcb1555,0.0-1.0,
0,62,9d59189f-8db8-e911-a2c1-c4346bcb1555,1.0-3.0,
0,62,9d59189f-8db8-e911-a2c1-c4346bcb1555,3.0-5.0,
0,62,9d59189f-8db8-e911-a2c1-c4346bcb1555,5.0-10.0,
0,62,9d59189f-8db8-e911-a2c1-c4346bcb1555,10.0-20.0,
0,62,9d59189f-8db8-e911-a2c1-c4346bcb1555,20.0-40.0,80.044
0,62,9d59189f-8db8-e911-a2c1-c4346bcb1555,40.0-60.0,
0,62,9d59189f-8db8-e911-a2c1-c4346bcb1555,60.0-200.0,
0,65,a059189f-8db8-e911-a2c1-c4346bcb1555,0.0-1.0,
0,65,a059189f-8db8-e911-a2c1-c4346bcb1555,1.0-3.0,
0,65,a059189f-8db8-e911-a2c1-c4346bcb1555,3.0-5.0,
0,65,a059189f-8db8-e911-a2c1-c4346bcb1555,5.0-10.0,
0,65,a059189f-8db8-e911-a2c1-c4346bcb1555,10.0-20.0,
0,65,a059189f-8db8-e911-a2c1-c4346bcb1555,20.0-40.0,133.603
0,65,a059189f-8db8-e911-a2c1-c4346bcb1555,40.0-60.0,
0,65,a059189f-8db8-e911-a2c1-c4346bcb1555,60.0-200.0,
0,78,ad59189f-8db8-e911-a2c1-c4346bcb1555,0.0-1.0,
0,78,ad59189f-8db8-e911-a2c1-c4346bcb1555,1.0-3.0,
0,78,ad59189f-8db8-e911-a2c1-c4346bcb1555,3.0-5.0,
0,78,ad59189f-8db8-e911-a2c1-c4346bcb1555,5.0-10.0,
0,78,ad59189f-8db8-e911-a2c1-c4346bcb1555,10.0-20.0,
0,78,ad59189f-8db8-e911-a2c1-c4346bcb1555,20.0-40.0,79.63463463463464
0,78,ad59189f-8db8-e911-a2c1-c4346bcb1555,40.0-60.0,
0,78,ad59189f-8db8-e911-a2c1-c4346bcb1555,60.0-200.0,
0,132,c259189f-8db8-e911-a2c1-c4346bcb1555,0.0-1.0,
0,132,c259189f-8db8-e911-a2c1-c4346bcb1555,1.0-3.0,
0,132,c259189f-8db8-e911-a2c1-c4346bcb1555,3.0-5.0,
0,132,c259189f-8db8-e911-a2c1-c4346bcb1555,5.0-10.0,
0,132,c259189f-8db8-e911-a2c1-c4346bcb1555,10.0-20.0,
0,132,c259189f-8db8-e911-a2c1-c4346bcb1555,20.0-40.0,93.872
0,132,c259189f-8db8-e911-a2c1-c4346bcb1555,40.0-60.0,
0,132,c259189f-8db8-e911-a2c1-c4346bcb1555,60.0-200.0,
0,134,c659189f-8db8-e911-a2c1-c4346bcb1555,0.0-1.0,
0,134,c659189f-8db8-e911-a2c1-c4346bcb1555,1.0-3.0,
0,134,c659189f-8db8-e911-a2c1-c4346bcb1555,3.0-5.0,
0,134,c659189f-8db8-e911-a2c1-c4346bcb1555,5.0-10.0,
0,134,c659189f-8db8-e911-a2c1-c4346bcb1555,10.0-20.0,
0,134,c659189f-8db8-e911-a2c1-c4346bcb1555,20.0-40.0,127.482
0,134,c659189f-8db8-e911-a2c1-c4346bcb1555,40.0-60.0,
0,134,c659189f-8db8-e911-a2c1-c4346bcb1555,60.0-200.0,
0,69,a459189f-8db8-e911-a2c1-c4346bcb1555,0.0-1.0,
0,69,a459189f-8db8-e911-a2c1-c4346bcb1555,1.0-3.0,
0,69,a459189f-8db8-e911-a2c1-c4346bcb1555,3.0-5.0,
0,69,a459189f-8db8-e911-a2c1-c4346bcb1555,5.0-10.0,
0,69,a459189f-8db8-e911-a2c1-c4346bcb1555,10.0-20.0,
0,69,a459189f-8db8-e911-a2c1-c4346bcb1555,20.0-40.0,133.7067067067067
0,69,a459189f-8db8-e911-a2c1-c4346bcb1555,40.0-60.0,
0,69,a459189f-8db8-e911-a2c1-c4346bcb1555,60.0-200.0,
0,123,b359189f-8db8-e911-a2c1-c4346bcb1555,0.0-1.0,
0,123,b359189f-8db8-e911-a2c1-c4346bcb1555,1.0-3.0,
0,123,b359189f-8db8-e911-a2c1-c4346bcb1555,3.0-5.0,
0,123,b359189f-8db8-e911-a2c1-c4346bcb1555,5.0-10.0,
0,123,b359189f-8db8-e911-a2c1-c4346bcb1555,10.0-20.0,
0,123,b359189f-8db8-e911-a2c1-c4346bcb1555,20.0-40.0,124.456
0,123,b359189f-8db8-e911-a2c1-c4346bcb1555,40.0-60.0,
0,123,b359189f-8db8-e911-a2c1-c4346bcb1555,60.0-200.0,
0,150,d159189f-8db8-e911-a2c1-c4346bcb1555,0.0-1.0,
0,150,d159189f-8db8-e911-a2c1-c4346bcb1555,1.0-3.0,
0,150,d159189f-8db8-e911-a2c1-c4346bcb1555,3.0-5.0,
0,150,d159189f-8db8-e911-a2c1-c4346bcb1555,5.0-10.0,
0,150,d159189f-8db8-e911-a2c1-c4346bcb1555,10.0-20.0,
0,150,d159189f-8db8-e911-a2c1-c4346bcb1555,20.0-40.0,123.283
0,150,d159189f-8db8-e911-a2c1-c4346bcb1555,40.0-60.0,
0,150,d159189f-8db8-e911-a2c1-c4346bcb1555,60.0-200.0,
0,137,cb59189f-8db8-e911-a2c1-c4346bcb1555,0.0-1.0,
0,137,cb59189f-8db8-e911-a2c1-c4346bcb1555,1.0-3.0,
0,137,cb59189f-8db8-e911-a2c1-c4346bcb1555,3.0-5.0,
0,137,cb59189f-8db8-e911-a2c1-c4346bcb1555,5.0-10.0,
0,137,cb59189f-8db8-e911-a2c1-c4346bcb1555,10.0-20.0,
0,137,cb59189f-8db8-e911-a2c1-c4346bcb1555,20.0-40.0,83.71171171171171
0,137,cb59189f-8db8-e911-a2c1-c4346bcb1555,40.0-60.0,
0,137,cb59189f-8db8-e911-a2c1-c4346bcb1555,60.0-200.0,
0,126,b759189f-8db8-e911-a2c1-c4346bcb1555,0.0-1.0,
0,126,b759189f-8db8-e911-a2c1-c4346bcb1555,1.0-3.0,
0,126,b759189f-8db8-e911-a2c1-c4346bcb1555,3.0-5.0,
0,126,b759189f-8db8-e911-a2c1-c4346bcb1555,5.0-10.0,
0,126,b759189f-8db8-e911-a2c1-c4346bcb1555,10.0-20.0,
0,126,b759189f-8db8-e911-a2c1-c4346bcb1555,20.0-40.0,52.957
0,126,b759189f-8db8-e911-a2c1-c4346bcb1555,40.0-60.0,
0,126,b759189f-8db8-e911-a2c1-c4346bcb1555,60.0-200.0,
0,73,a859189f-8db8-e911-a2c1-c4346bcb1555,0.0-1.0,
0,73,a859189f-8db8-e911-a2c1-c4346bcb1555,1.0-3.0,
0,73,a859189f-8db8-e911-a2c1-c4346bcb1555,3.0-5.0,
0,73,a859189f-8db8-e911-a2c1-c4346bcb1555,5.0-10.0,
0,73,a859189f-8db8-e911-a2c1-c4346bcb1555,10.0-20.0,
0,73,a859189f-8db8-e911-a2c1-c4346bcb1555,20.0-40.0,123.789
0,73,a859189f-8db8-e911-a2c1-c4346bcb1555,40.0-60.0,
0,73,a859189f-8db8-e911-a2c1-c4346bcb1555,60.0-200.0,
0,139,cf59189f-8db8-e911-a2c1-c4346bcb1555,0.0-1.0,
0,139,cf59189f-8db8-e911-a2c1-c4346bcb1555,1.0-3.0,
0,139,cf59189f-8db8-e911-a2c1-c4346bcb1555,3.0-5.0,
0,139,cf59189f-8db8-e911-a2c1-c4346bcb1555,5.0-10.0,
0,139,cf59189f-8db8-e911-a2c1-c4346bcb1555,10.0-20.0,
0,139,cf59189f-8db8-e911-a2c1-c4346bcb1555,20.0-40.0,124.422
0,139,cf59189f-8db8-e911-a2c1-c4346bcb1555,40.0-60.0,
0,139,cf59189f-8db8-e911-a2c1-c4346bcb1555,60.0-200.0,
0,154,d559189f-8db8-e911-a2c1-c4346bcb1555,0.0-1.0,
0,154,d559189f-8db8-e911-a2c1-c4346bcb1555,1.0-3.0,
0,154,d559189f-8db8-e911-a2c1-c4346bcb1555,3.0-5.0,
0,154,d559189f-8db8-e911-a2c1-c4346bcb1555,5.0-10.0,
0,154,d559189f-8db8-e911-a2c1-c4346bcb1555,10.0-20.0,
0,154,d559189f-8db8-e911-a2c1-c4346bcb1555,20.0-40.0,111.57757757757757
0,154,d559189f-8db8-e911-a2c1-c4346bcb1555,40.0-60.0,
0,154,d559189f-8db8-e911-a2c1-c4346bcb1555,60.0-200.0,
0,169,e459189f-8db8-e911-a2c1-c4346bcb1555,0.0-1.0,
0,169,e459189f-8db8-e911-a2c1-c4346bcb1555,1.0-3.0,
0,169,e459189f-8db8-e911-a2c1-c4346bcb1555,3.0-5.0,
0,169,e459189f-8db8-e911-a2c1-c4346bcb1555,5.0-10.0,
0,169,e459189f-8db8-e911-a2c1-c4346bcb1555,10.0-20.0,
0,169,e459189f-8db8-e911-a2c1-c4346bcb1555,20.0-40.0,128.875
0,169,e459189f-8db8-e911-a2c1-c4346bcb1555,40.0-60.0,
0,169,e459189f-8db8-e911-a2c1-c4346bcb1555,60.0-200.0,
0,158,d959189f-8db8-e911-a2c1-c4346bcb1555,0.0-1.0,
0,158,d959189f-8db8-e911-a2c1-c4346bcb1555,1.0-3.0,
0,158,d959189f-8db8-e911-a2c1-c4346bcb1555,3.0-5.0,
0,158,d959189f-8db8-e911-a2c1-c4346bcb1555,5.0-10.0,
0,158,d959189f-8db8-e911-a2c1-c4346bcb1555,10.0-20.0,
0,158,d959189f-8db8-e911-a2c1-c4346bcb1555,20.0-40.0,89.675
0,158,d959189f-8db8-e911-a2c1-c4346bcb1555,40.0-60.0,
0,158,d959189f-8db8-e911-a2c1-c4346bcb1555,60.0-200.0,
0,184,f359189f-8db8-e911-a2c1-c4346bcb1555,0.0-1.0,
0,184,f359189f-8db8-e911-a2c1-c4346bcb1555,1.0-3.0,
0,184,f359189f-8db8-e911-a2c1-c4346bcb1555,3.0-5.0,
0,184,f359189f-8db8-e911-a2c1-c4346bcb1555,5.0-10.0,
0,184,f359189f-8db8-e911-a2c1-c4346bcb1555,10.0-20.0,
0,184,f359189f-8db8-e911-a2c1-c4346bcb1555,20.0-40.0,121.216
0,184,f359189f-8db8-e911-a2c1-c4346bcb1555,40.0-60.0,
0,184,f359189f-8db8-e911-a2c1-c4346bcb1555,60.0-200.0,
0,198,015a189f-8db8-e911-a2c1-c4346bcb1555,0.0-1.0,
0,198,015a189f-8db8-e911-a2c1-c4346bcb1555,1.0-3.0,
0,198,015a189f-8db8-e911-a2c1-c4346bcb1555,3.0-5.0,
0,198,015a189f-8db8-e911-a2c1-c4346bcb1555,5.0-10.0,
0,198,015a189f-8db8-e911-a2c1-c4346bcb1555,10.0-20.0,
0,198,015a189f-8db8-e911-a2c1-c4346bcb1555,20.0-40.0,129.6
0,198,015a189f-8db8-e911-a2c1-c4346bcb1555,40.0-60.0,
0,198,015a189f-8db8-e911-a2c1-c4346bcb1555,60.0-200.0,
0,160,da59189f-8db8-e911-a2c1-c4346bcb1555,0.0-1.0,
0,160,da59189f-8db8-e911-a2c1-c4346bcb1555,1.0-3.0,
0,160,da59189f-8db8-e911-a2c1-c4346bcb1555,3.0-5.0,
0,160,da59189f-8db8-e911-a2c1-c4346bcb1555,5.0-10.0,
0,160,da59189f-8db8-e911-a2c1-c4346bcb1555,10.0-20.0,
0,160,da59189f-8db8-e911-a2c1-c4346bcb1555,20.0-40.0,64.254
0,160,da59189f-8db8-e911-a2c1-c4346bcb1555,40.0-60.0,
0,160,da59189f-8db8-e911-a2c1-c4346bcb1555,60.0-200.0,
0,173,e859189f-8db8-e911-a2c1-c4346bcb1555,0.0-1.0,
0,173,e859189f-8db8-e911-a2c1-c4346bcb1555,1.0-3.0,
0,173,e859189f-8db8-e911-a2c1-c4346bcb1555,3.0-5.0,
0,173,e859189f-8db8-e911-a2c1-c4346bcb1555,5.0-10.0,
0,173,e859189f-8db8-e911-a2c1-c4346bcb1555,10.0-20.0,
0,173,e859189f-8db8-e911-a2c1-c4346bcb1555,20.0-40.0,41.602
0,173,e859189f-8db8-e911-a2c1-c4346bcb1555,40.0-60.0,
0,173,e859189f-8db8-e911-a2c1-c4346bcb1555,60.0-200.0,
0,188,f759189f-8db8-e911-a2c1-c4346bcb1555,0.0-1.0,
0,188,f759189f-8db8-e911-a2c1-c4346bcb1555,1.0-3.0,
0,188,f759189f-8db8-e911-a2c1-c4346bcb1555,3.0-5.0,
0,188,f759189f-8db8-e911-a2c1-c4346bcb1555,5.0-10.0,
0,188,f759189f-8db8-e911-a2c1-c4346bcb1555,10.0-20.0,
0,188,f759189f-8db8-e911-a2c1-c4346bcb1555,20.0-40.0,131.94294294294295
0,188,f759189f-8db8-e911-a2c1-c4346bcb1555,40.0-60.0,
0,188,f759189f-8db8-e911-a2c1-c4346bcb1555,60.0-200.0,
0,163,de59189f-8db8-e911-a2c1-c4346bcb1555,0.0-1.0,
0,163,de59189f-8db8-e911-a2c1-c4346bcb1555,1.0-3.0,
0,163,de59189f-8db8-e911-a2c1-c4346bcb1555,3.0-5.0,
0,163,de59189f-8db8-e911-a2c1-c4346bcb1555,5.0-10.0,
0,163,de59189f-8db8-e911-a2c1-c4346bcb1555,10.0-20.0,
0,163,de59189f-8db8-e911-a2c1-c4346bcb1555,20.0-40.0,67.116
0,163,de59189f-8db8-e911-a2c1-c4346bcb1555,40.0-60.0,
0,163,de59189f-8db8-e911-a2c1-c4346bcb1555,60.0-200.0,
0,165,e059189f-8db8-e911-a2c1-c4346bcb1555,0.0-1.0,
0,165,e059189f-8db8-e911-a2c1-c4346bcb1555,1.0-3.0,
0,165,e059189f-8db8-e911-a2c1-c4346bcb1555,3.0-5.0,
0,165,e059189f-8db8-e911-a2c1-c4346bcb1555,5.0-10.0,
0,165,e059189f-8db8-e911-a2c1-c4346bcb1555,10.0-20.0,
0,165,e059189f-8db8-e911-a2c1-c4346bcb1555,20.0-40.0,99.369
0,165,e059189f-8db8-e911-a2c1-c4346bcb1555,40.0-60.0,
0,165,e059189f-8db8-e911-a2c1-c4346bcb1555,60.0-200.0,
0,178,ed59189f-8db8-e911-a2c1-c4346bcb1555,0.0-1.0,
0,178,ed59189f-8db8-e911-a2c1-c4346bcb1555,1.0-3.0,
0,178,ed59189f-8db8-e911-a2c1-c4346bcb1555,3.0-5.0,
0,178,ed59189f-8db8-e911-a2c1-c4346bcb1555,5.0-10.0,
0,178,ed59189f-8db8-e911-a2c1-c4346bcb1555,10.0-20.0,
0,178,ed59189f-8db8-e911-a2c1-c4346bcb1555,20.0-40.0,135.823
0,178,ed59189f-8db8-e911-a2c1-c4346bcb1555,40.0-60.0,
0,178,ed59189f-8db8-e911-a2c1-c4346bcb1555,60.0-200.0,
0,193,fc59189f-8db8-e911-a2c1-c4346bcb1555,0.0-1.0,
0,193,fc59189f-8db8-e911-a2c1-c4346bcb1555,1.0-3.0,
0,193,fc59189f-8db8-e911-a2c1-c4346bcb1555,3.0-5.0,
0,193,fc59189f-8db8-e911-a2c1-c4346bcb1555,5.0-10.0,
0,193,fc59189f-8db8-e911-a2c1-c4346bcb1555,10.0-20.0,
0,193,fc59189f-8db8-e911-a2c1-c4346bcb1555,20.0-40.0,48.5
0,193,fc59189f-8db8-e911-a2c1-c4346bcb1555,40.0-60.0,
0,193,fc59189f-8db8-e911-a2c1-c4346bcb1555,60.0-200.0,
0,0,8d172099-8db8-e911-a2c1-c4346bcb1555,0.0-1.0,
0,0,8d172099-8db8-e911-a2c1-c4346bcb1555,1.0-3.0,
0,0,8d172099-8db8-e911-a2c1-c4346bcb1555,3.0-5.0,
0,0,8d172099-8db8-e911-a2c1-c4346bcb1555,5.0-10.0,
0,0,8d172099-8db8-e911-a2c1-c4346bcb1555,10.0-20.0,
0,0,8d172099-8db8-e911-a2c1-c4346bcb1555,20.0-40.0,58.301
0,0,8d172099-8db8-e911-a2c1-c4346bcb1555,40.0-60.0,
0,0,8d172099-8db8-e911-a2c1-c4346bcb1555,60.0-200.0,
0,59,bb172099-8db8-e911-a2c1-c4346bcb1555,0.0-1.0,
0,59,bb172099-8db8-e911-a2c1-c4346bcb1555,1.0-3.0,
0,59,bb172099-8db8-e911-a2c1-c4346bcb1555,3.0-5.0,
0,59,bb172099-8db8-e911-a2c1-c4346bcb1555,5.0-10.0,
0,59,bb172099-8db8-e911-a2c1-c4346bcb1555,10.0-20.0,
0,59,bb172099-8db8-e911-a2c1-c4346bcb1555,20.0-40.0,111.159
0,59,bb172099-8db8-e911-a2c1-c4346bcb1555,40.0-60.0,
0,59,bb172099-8db8-e911-a2c1-c4346bcb1555,60.0-200.0,
0,48,ac172099-8db8-e911-a2c1-c4346bcb1555,0.0-1.0,
0,48,ac172099-8db8-e911-a2c1-c4346bcb1555,1.0-3.0,
0,48,ac172099-8db8-e911-a2c1-c4346bcb1555,3.0-5.0,
0,48,ac172099-8db8-e911-a2c1-c4346bcb1555,5.0-10.0,
0,48,ac172099-8db8-e911-a2c1-c4346bcb1555,10.0-20.0,
0,48,ac172099-8db8-e911-a2c1-c4346bcb1555,20.0-40.0,47.921
0,48,ac172099-8db8-e911-a2c1-c4346bcb1555,40.0-60.0,
0,48,ac172099-8db8-e911-a2c1-c4346bcb1555,60.0-200.0,
0,15,9c172099-8db8-e911-a2c1-c4346bcb1555,0.0-1.0,
0,15,9c172099-8db8-e911-a2c1-c4346bcb1555,1.0-3.0,
0,15,9c172099-8db8-e911-a2c1-c4346bcb1555,3.0-5.0,
0,15,9c172099-8db8-e911-a2c1-c4346bcb1555,5.0-10.0,
0,15,9c172099-8db8-e911-a2c1-c4346bcb1555,10.0-20.0,
0,15,9c172099-8db8-e911-a2c1-c4346bcb1555,20.0-40.0,113.009
0,15,9c172099-8db8-e911-a2c1-c4346bcb1555,40.0-60.0,
0,15,9c172099-8db8-e911-a2c1-c4346bcb1555,60.0-200.0,
0,21,b6172099-8db8-e911-a2c1-c4346bcb1555,0.0-1.0,
0,21,b6172099-8db8-e911-a2c1-c4346bcb1555,1.0-3.0,
0,21,b6172099-8db8-e911-a2c1-c4346bcb1555,3.0-5.0,
0,21,b6172099-8db8-e911-a2c1-c4346bcb1555,5.0-10.0,
0,21,b6172099-8db8-e911-a2c1-c4346bcb1555,10.0-20.0,
0,21,b6172099-8db8-e911-a2c1-c4346bcb1555,20.0-40.0,124.947
0,21,b6172099-8db8-e911-a2c1-c4346bcb1555,40.0-60.0,
0,21,b6172099-8db8-e911-a2c1-c4346bcb1555,60.0-200.0,
0,6,93172099-8db8-e911-a2c1-c4346bcb1555,0.0-1.0,
0,6,93172099-8db8-e911-a2c1-c4346bcb1555,1.0-3.0,
0,6,93172099-8db8-e911-a2c1-c4346bcb1555,3.0-5.0,
0,6,93172099-8db8-e911-a2c1-c4346bcb1555,5.0-10.0,
0,6,93172099-8db8-e911-a2c1-c4346bcb1555,10.0-20.0,
0,6,93172099-8db8-e911-a2c1-c4346bcb1555,20.0-40.0,59.637
0,6,93172099-8db8-e911-a2c1-c4346bcb1555,40.0-60.0,
0,6,93172099-8db8-e911-a2c1-c4346bcb1555,60.0-200.0,
0,27,bf172099-8db8-e911-a2c1-c4346bcb1555,0.0-1.0,
0,27,bf172099-8db8-e911-a2c1-c4346bcb1555,1.0-3.0,
0,27,bf172099-8db8-e911-a2c1-c4346bcb1555,3.0-5.0,
0,27,bf172099-8db8-e911-a2c1-c4346bcb1555,5.0-10.0,
0,27,bf172099-8db8-e911-a2c1-c4346bcb1555,10.0-20.0,
0,27,bf172099-8db8-e911-a2c1-c4346bcb1555,20.0-40.0,72.95995995995996
0,27,bf172099-8db8-e911-a2c1-c4346bcb1555,40.0-60.0,
0,27,bf172099-8db8-e911-a2c1-c4346bcb1555,60.0-200.0,
0,54,b2172099-8db8-e911-a2c1-c4346bcb1555,0.0-1.0,
0,54,b2172099-8db8-e911-a2c1-c4346bcb1555,1.0-3.0,
0,54,b2172099-8db8-e911-a2c1-c4346bcb1555,3.0-5.0,
0,54,b2172099-8db8-e911-a2c1-c4346bcb1555,5.0-10.0,
0,54,b2172099-8db8-e911-a2c1-c4346bcb1555,10.0-20.0,
0,54,b2172099-8db8-e911-a2c1-c4346bcb1555,20.0-40.0,104.98598598598599
0,54,b2172099-8db8-e911-a2c1-c4346bcb1555,40.0-60.0,
0,54,b2172099-8db8-e911-a2c1-c4346bcb1555,60.0-200.0,
0,43,a7172099-8db8-e911-a2c1-c4346bcb1555,0.0-1.0,
0,43,a7172099-8db8-e911-a2c1-c4346bcb1555,1.0-3.0,
0,43,a7172099-8db8-e911-a2c1-c4346bcb1555,3.0-5.0,
0,43,a7172099-8db8-e911-a2c1-c4346bcb1555,5.0-10.0,
0,43,a7172099-8db8-e911-a2c1-c4346bcb1555,10.0-20.0,
0,43,a7172099-8db8-e911-a2c1-c4346bcb1555,20.0-40.0,77.97
0,43,a7172099-8db8-e911-a2c1-c4346bcb1555,40.0-60.0,
0,43,a7172099-8db8-e911-a2c1-c4346bcb1555,60.0-200.0,
0,10,97172099-8db8-e911-a2c1-c4346bcb1555,0.0-1.0,
0,10,97172099-8db8-e911-a2c1-c4346bcb1555,1.0-3.0,
0,10,97172099-8db8-e911-a2c1-c4346bcb1555,3.0-5.0,
0,10,97172099-8db8-e911-a2c1-c4346bcb1555,5.0-10.0,
0,10,97172099-8db8-e911-a2c1-c4346bcb1555,10.0-20.0,
0,10,97172099-8db8-e911-a2c1-c4346bcb1555,20.0-40.0,123.529
0,10,97172099-8db8-e911-a2c1-c4346bcb1555,40.0-60.0,
0,10,97172099-8db8-e911-a2c1-c4346bcb1555,60.0-200.0,
0,29,c1172099-8db8-e911-a2c1-c4346bcb1555,0.0-1.0,
0,29,c1172099-8db8-e911-a2c1-c4346bcb1555,1.0-3.0,
0,29,c1172099-8db8-e911-a2c1-c4346bcb1555,3.0-5.0,
0,29,c1172099-8db8-e911-a2c1-c4346bcb1555,5.0-10.0,
0,29,c1172099-8db8-e911-a2c1-c4346bcb1555,10.0-20.0,
0,29,c1172099-8db8-e911-a2c1-c4346bcb1555,20.0-40.0,41.205
0,29,c1172099-8db8-e911-a2c1-c4346bcb1555,40.0-60.0,
0,29,c1172099-8db8-e911-a2c1-c4346bcb1555,60.0-200.0,
0,98,f6172099-8db8-e911-a2c1-c4346bcb1555,0.0-1.0,
0,98,f6172099-8db8-e911-a2c1-c4346bcb1555,1.0-3.0,
0,98,f6172099-8db8-e911-a2c1-c4346bcb1555,3.0-5.0,
0,98,f6172099-8db8-e911-a2c1-c4346bcb1555,5.0-10.0,
0,98,f6172099-8db8-e911-a2c1-c4346bcb1555,10.0-20.0,
0,98,f6172099-8db8-e911-a2c1-c4346bcb1555,20.0-40.0,128.958
0,98,f6172099-8db8-e911-a2c1-c4346bcb1555,40.0-60.0,
0,98,f6172099-8db8-e911-a2c1-c4346bcb1555,60.0-200.0,
0,33,c5172099-8db8-e911-a2c1-c4346bcb1555,0.0-1.0,
0,33,c5172099-8db8-e911-a2c1-c4346bcb1555,1.0-3.0,
0,33,c5172099-8db8-e911-a2c1-c4346bcb1555,3.0-5.0,
0,33,c5172099-8db8-e911-a2c1-c4346bcb1555,5.0-10.0,
0,33,c5172099-8db8-e911-a2c1-c4346bcb1555,10.0-20.0,
0,33,c5172099-8db8-e911-a2c1-c4346bcb1555,20.0-40.0,76.53353353353353
0,33,c5172099-8db8-e911-a2c1-c4346bcb1555,40.0-60.0,
0,33,c5172099-8db8-e911-a2c1-c4346bcb1555,60.0-200.0,
0,114,9559189f-8db8-e911-a2c1-c4346bcb1555,0.0-1.0,
0,114,9559189f-8db8-e911-a2c1-c4346bcb1555,1.0-3.0,
0,114,9559189f-8db8-e911-a2c1-c4346bcb1555,3.0-5.0,
0,114,9559189f-8db8-e911-a2c1-c4346bcb1555,5.0-10.0,
0,114,9559189f-8db8-e911-a2c1-c4346bcb1555,10.0-20.0,
0,114,9559189f-8db8-e911-a2c1-c4346bcb1555,20.0-40.0,126.51051051051051
0,114,9559189f-8db8-e911-a2c1-c4346bcb1555,40.0-60.0,
0,114,9559189f-8db8-e911-a2c1-c4346bcb1555,60.0-200.0,
0,89,ec172099-8db8-e911-a2c1-c4346bcb1555,0.0-1.0,
0,89,ec172099-8db8-e911-a2c1-c4346bcb1555,1.0-3.0,
0,89,ec172099-8db8-e911-a2c1-c4346bcb1555,3.0-5.0,
0,89,ec172099-8db8-e911-a2c1-c4346bcb1555,5.0-10.0,
0,89,ec172099-8db8-e911-a2c1-c4346bcb1555,10.0-20.0,
0,89,ec172099-8db8-e911-a2c1-c4346bcb1555,20.0-40.0,128.91591591591592
0,89,ec172099-8db8-e911-a2c1-c4346bcb1555,40.0-60.0,
0,89,ec172099-8db8-e911-a2c1-c4346bcb1555,60.0-200.0,
0,37,c9172099-8db8-e911-a2c1-c4346bcb1555,0.0-1.0,
0,37,c9172099-8db8-e911-a2c1-c4346bcb1555,1.0-3.0,
0,37,c9172099-8db8-e911-a2c1-c4346bcb1555,3.0-5.0,
0,37,c9172099-8db8-e911-a2c1-c4346bcb1555,5.0-10.0,
0,37,c9172099-8db8-e911-a2c1-c4346bcb1555,10.0-20.0,
0,37,c9172099-8db8-e911-a2c1-c4346bcb1555,20.0-40.0,76.769
0,37,c9172099-8db8-e911-a2c1-c4346bcb1555,40.0-60.0,
0,37,c9172099-8db8-e911-a2c1-c4346bcb1555,60.0-200.0,
0,38,ca172099-8db8-e911-a2c1-c4346bcb1555,0.0-1.0,
0,38,ca172099-8db8-e911-a2c1-c4346bcb1555,1.0-3.0,
0,38,ca172099-8db8-e911-a2c1-c4346bcb1555,3.0-5.0,
0,38,ca172099-8db8-e911-a2c1-c4346bcb1555,5.0-10.0,
0,38,ca172099-8db8-e911-a2c1-c4346bcb1555,10.0-20.0,
0,38,ca172099-8db8-e911-a2c1-c4346bcb1555,20.0-40.0,136.199
0,38,ca172099-8db8-e911-a2c1-c4346bcb1555,40.0-60.0,
0,38,ca172099-8db8-e911-a2c1-c4346bcb1555,60.0-200.0,
0,104,fb172099-8db8-e911-a2c1-c4346bcb1555,0.0-1.0,
0,104,fb172099-8db8-e911-a2c1-c4346bcb1555,1.0-3.0,
0,104,fb172099-8db8-e911-a2c1-c4346bcb1555,3.0-5.0,
0,104,fb172099-8db8-e911-a2c1-c4346bcb1555,5.0-10.0,
0,104,fb172099-8db8-e911-a2c1-c4346bcb1555,10.0-20.0,
0,104,fb172099-8db8-e911-a2c1-c4346bcb1555,20.0-40.0,52.938
0,104,fb172099-8db8-e911-a2c1-c4346bcb1555,40.0-60.0,
0,104,fb172099-8db8-e911-a2c1-c4346bcb1555,60.0-200.0,
0,118,9959189f-8db8-e911-a2c1-c4346bcb1555,0.0-1.0,
0,118,9959189f-8db8-e911-a2c1-c4346bcb1555,1.0-3.0,
0,118,9959189f-8db8-e911-a2c1-c4346bcb1555,3.0-5.0,
0,118,9959189f-8db8-e911-a2c1-c4346bcb1555,5.0-10.0,
0,118,9959189f-8db8-e911-a2c1-c4346bcb1555,10.0-20.0,
0,118,9959189f-8db8-e911-a2c1-c4346bcb1555,20.0-40.0,56.703
0,118,9959189f-8db8-e911-a2c1-c4346bcb1555,40.0-60.0,
0,118,9959189f-8db8-e911-a2c1-c4346bcb1555,60.0-200.0,
0,80,e3172099-8db8-e911-a2c1-c4346bcb1555,0.0-1.0,
0,80,e3172099-8db8-e911-a2c1-c4346bcb1555,1.0-3.0,
0,80,e3172099-8db8-e911-a2c1-c4346bcb1555,3.0-5.0,
0,80,e3172099-8db8-e911-a2c1-c4346bcb1555,5.0-10.0,
0,80,e3172099-8db8-e911-a2c1-c4346bcb1555,10.0-20.0,
0,80,e3172099-8db8-e911-a2c1-c4346bcb1555,20.0-40.0,130.443
0,80,e3172099-8db8-e911-a2c1-c4346bcb1555,40.0-60.0,
0,80,e3172099-8db8-e911-a2c1-c4346bcb1555,60.0-200.0,
0,119,9a59189f-8db8-e911-a2c1-c4346bcb1555,0.0-1.0,
0,119,9a59189f-8db8-e911-a2c1-c4346bcb1555,1.0-3.0,
0,119,9a59189f-8db8-e911-a2c1-c4346bcb1555,3.0-5.0,
0,119,9a59189f-8db8-e911-a2c1-c4346bcb1555,5.0-10.0,
0,119,9a59189f-8db8-e911-a2c1-c4346bcb1555,10.0-20.0,
0,119,9a59189f-8db8-e911-a2c1-c4346bcb1555,20.0-40.0,128.435
0,119,9a59189f-8db8-e911-a2c1-c4346bcb1555,40.0-60.0,
0,119,9a59189f-8db8-e911-a2c1-c4346bcb1555,60.0-200.0,
0,107,ff172099-8db8-e911-a2c1-c4346bcb1555,0.0-1.0,
0,107,ff172099-8db8-e911-a2c1-c4346bcb1555,1.0-3.0,
0,107,ff172099-8db8-e911-a2c1-c4346bcb1555,3.0-5.0,
0,107,ff172099-8db8-e911-a2c1-c4346bcb1555,5.0-10.0,
0,107,ff172099-8db8-e911-a2c1-c4346bcb1555,10.0-20.0,
0,107,ff172099-8db8-e911-a2c1-c4346bcb1555,20.0-40.0,110.2062062062062
0,107,ff172099-8db8-e911-a2c1-c4346bcb1555,40.0-60.0,
0,107,ff172099-8db8-e911-a2c1-c4346bcb1555,60.0-200.0,
0,95,f2172099-8db8-e911-a2c1-c4346bcb1555,0.0-1.0,
0,95,f2172099-8db8-e911-a2c1-c4346bcb1555,1.0-3.0,
0,95,f2172099-8db8-e911-a2c1-c4346bcb1555,3.0-5.0,
0,95,f2172099-8db8-e911-a2c1-c4346bcb1555,5.0-10.0,
0,95,f2172099-8db8-e911-a2c1-c4346bcb1555,10.0-20.0,
0,95,f2172099-8db8-e911-a2c1-c4346bcb1555,20.0-40.0,128.739
0,95,f2172099-8db8-e911-a2c1-c4346bcb1555,40.0-60.0,
0,95,f2172099-8db8-e911-a2c1-c4346bcb1555,60.0-200.0,
0,110,9159189f-8db8-e911-a2c1-c4346bcb1555,0.0-1.0,
0,110,9159189f-8db8-e911-a2c1-c4346bcb1555,1.0-3.0,
0,110,9159189f-8db8-e911-a2c1-c4346bcb1555,3.0-5.0,
0,110,9159189f-8db8-e911-a2c1-c4346bcb1555,5.0-10.0,
0,110,9159189f-8db8-e911-a2c1-c4346bcb1555,10.0-20.0,
0,110,9159189f-8db8-e911-a2c1-c4346bcb1555,20.0-40.0,80.077
0,110,9159189f-8db8-e911-a2c1-c4346bcb1555,40.0-60.0,
0,110,9159189f-8db8-e911-a2c1-c4346bcb1555,60.0-200.0,
0,84,e7172099-8db8-e911-a2c1-c4346bcb1555,0.0-1.0,
0,84,e7172099-8db8-e911-a2c1-c4346bcb1555,1.0-3.0,
0,84,e7172099-8db8-e911-a2c1-c4346bcb1555,3.0-5.0,
0,84,e7172099-8db8-e911-a2c1-c4346bcb1555,5.0-10.0,
0,84,e7172099-8db8-e911-a2c1-c4346bcb1555,10.0-20.0,
0,84,e7172099-8db8-e911-a2c1-c4346bcb1555,20.0-40.0,98.57057057057057
0,84,e7172099-8db8-e911-a2c1-c4346bcb1555,40.0-60.0,
0,84,e7172099-8db8-e911-a2c1-c4346bcb1555,60.0-200.0,
0,63,9e59189f-8db8-e911-a2c1-c4346bcb1555,0.0-1.0,
0,63,9e59189f-8db8-e911-a2c1-c4346bcb1555,1.0-3.0,
0,63,9e59189f-8db8-e911-a2c1-c4346bcb1555,3.0-5.0,
0,63,9e59189f-8db8-e911-a2c1-c4346bcb1555,5.0-10.0,
0,63,9e59189f-8db8-e911-a2c1-c4346bcb1555,10.0-20.0,
0,63,9e59189f-8db8-e911-a2c1-c4346bcb1555,20.0-40.0,64.692
0,63,9e59189f-8db8-e911-a2c1-c4346bcb1555,40.0-60.0,
0,63,9e59189f-8db8-e911-a2c1-c4346bcb1555,60.0-200.0,
0,66,a159189f-8db8-e911-a2c1-c4346bcb1555,0.0-1.0,
0,66,a159189f-8db8-e911-a2c1-c4346bcb1555,1.0-3.0,
0,66,a159189f-8db8-e911-a2c1-c4346bcb1555,3.0-5.0,
0,66,a159189f-8db8-e911-a2c1-c4346bcb1555,5.0-10.0,
0,66,a159189f-8db8-e911-a2c1-c4346bcb1555,10.0-20.0,
0,66,a159189f-8db8-e911-a2c1-c4346bcb1555,20.0-40.0,130.169
0,66,a159189f-8db8-e911-a2c1-c4346bcb1555,40.0-60.0,
0,66,a159189f-8db8-e911-a2c1-c4346bcb1555,60.0-200.0,
0,79,ae59189f-8db8-e911-a2c1-c4346bcb1555,0.0-1.0,
0,79,ae59189f-8db8-e911-a2c1-c4346bcb1555,1.0-3.0,
0,79,ae59189f-8db8-e911-a2c1-c4346bcb1555,3.0-5.0,
0,79,ae59189f-8db8-e911-a2c1-c4346bcb1555,5.0-10.0,
0,79,ae59189f-8db8-e911-a2c1-c4346bcb1555,10.0-20.0,
0,79,ae59189f-8db8-e911-a2c1-c4346bcb1555,20.0-40.0,121.97
0,79,ae59189f-8db8-e911-a2c1-c4346bcb1555,40.0-60.0,
0,79,ae59189f-8db8-e911-a2c1-c4346bcb1555,60.0-200.0,
0,120,b059189f-8db8-e911-a2c1-c4346bcb1555,0.0-1.0,
0,120,b059189f-8db8-e911-a2c1-c4346bcb1555,1.0-3.0,
0,120,b059189f-8db8-e911-a2c1-c4346bcb1555,3.0-5.0,
0,120,b059189f-8db8-e911-a2c1-c4346bcb1555,5.0-10.0,
0,120,b059189f-8db8-e911-a2c1-c4346bcb1555,10.0-20.0,
0,120,b059189f-8db8-e911-a2c1-c4346bcb1555,20.0-40.0,45.44144144144144
0,120,b059189f-8db8-e911-a2c1-c4346bcb1555,40.0-60.0,
0,120,b059189f-8db8-e911-a2c1-c4346bcb1555,60.0-200.0,
0,147,cc59189f-8db8-e911-a2c1-c4346bcb1555,0.0-1.0,
0,147,cc59189f-8db8-e911-a2c1-c4346bcb1555,1.0-3.0,
0,147,cc59189f-8db8-e911-a2c1-c4346bcb1555,3.0-5.0,
0,147,cc59189f-8db8-e911-a2c1-c4346bcb1555,5.0-10.0,
0,147,cc59189f-8db8-e911-a2c1-c4346bcb1555,10.0-20.0,
0,147,cc59189f-8db8-e911-a2c1-c4346bcb1555,20.0-40.0,50.552
0,147,cc59189f-8db8-e911-a2c1-c4346bcb1555,40.0-60.0,
0,147,cc59189f-8db8-e911-a2c1-c4346bcb1555,60.0-200.0,
0,70,a559189f-8db8-e911-a2c1-c4346bcb1555,0.0-1.0,
0,70,a559189f-8db8-e911-a2c1-c4346bcb1555,1.0-3.0,
0,70,a559189f-8db8-e911-a2c1-c4346bcb1555,3.0-5.0,
0,70,a559189f-8db8-e911-a2c1-c4346bcb1555,5.0-10.0,
0,70,a559189f-8db8-e911-a2c1-c4346bcb1555,10.0-20.0,
0,70,a559189f-8db8-e911-a2c1-c4346bcb1555,20.0-40.0,56.782
0,70,a559189f-8db8-e911-a2c1-c4346bcb1555,40.0-60.0,
0,70,a559189f-8db8-e911-a2c1-c4346bcb1555,60.0-200.0,
0,124,b459189f-8db8-e911-a2c1-c4346bcb1555,0.0-1.0,
0,124,b459189f-8db8-e911-a2c1-c4346bcb1555,1.0-3.0,
0,124,b459189f-8db8-e911-a2c1-c4346bcb1555,3.0-5.0,
0,124,b459189f-8db8-e911-a2c1-c4346bcb1555,5.0-10.0,
0,124,b459189f-8db8-e911-a2c1-c4346bcb1555,10.0-20.0,
0,124,b459189f-8db8-e911-a2c1-c4346bcb1555,20.0-40.0,99.017
0,124,b459189f-8db8-e911-a2c1-c4346bcb1555,40.0-60.0,
0,124,b459189f-8db8-e911-a2c1-c4346bcb1555,60.0-200.0,
0,151,d259189f-8db8-e911-a2c1-c4346bcb1555,0.0-1.0,
0,151,d259189f-8db8-e911-a2c1-c4346bcb1555,1.0-3.0,
0,151,d259189f-8db8-e911-a2c1-c4346bcb1555,3.0-5.0,
0,151,d259189f-8db8-e911-a2c1-c4346bcb1555,5.0-10.0,
0,151,d259189f-8db8-e911-a2c1-c4346bcb1555,10.0-20.0,
0,151,d259189f-8db8-e911-a2c1-c4346bcb1555,20.0-40.0,133.922
0,151,d259189f-8db8-e911-a2c1-c4346bcb1555,40.0-60.0,
0,151,d259189f-8db8-e911-a2c1-c4346bcb1555,60.0-200.0,
0,74,a959189f-8db8-e911-a2c1-c4346bcb1555,0.0-1.0,
0,74,a959189f-8db8-e911-a2c1-c4346bcb1555,1.0-3.0,
0,74,a959189f-8db8-e911-a2c1-c4346bcb1555,3.0-5.0,
0,74,a959189f-8db8-e911-a2c1-c4346bcb1555,5.0-10.0,
0,74,a959189f-8db8-e911-a2c1-c4346bcb1555,10.0-20.0,
0,74,a959189f-8db8-e911-a2c1-c4346bcb1555,20.0-40.0,128.293
0,74,a959189f-8db8-e911-a2c1-c4346bcb1555,40.0-60.0,
0,74,a959189f-8db8-e911-a2c1-c4346bcb1555,60.0-200.0,
0,75,aa59189f-8db8-e911-a2c1-c4346bcb1555,0.0-1.0,
0,75,aa59189f-8db8-e911-a2c1-c4346bcb1555,1.0-3.0,
0,75,aa59189f-8db8-e911-a2c1-c4346bcb1555,3.0-5.0,
0,75,aa59189f-8db8-e911-a2c1-c4346bcb1555,5.0-10.0,
0,75,aa59189f-8db8-e911-a2c1-c4346bcb1555,10.0-20.0,
0,75,aa59189f-8db8-e911-a2c1-c4346bcb1555,20.0-40.0,60.17617617617618
0,75,aa59189f-8db8-e911-a2c1-c4346bcb1555,40.0-60.0,
0,75,aa59189f-8db8-e911-a2c1-c4346bcb1555,60.0-200.0,
0,141,b859189f-8db8-e911-a2c1-c4346bcb1555,0.0-1.0,
0,141,b859189f-8db8-e911-a2c1-c4346bcb1555,1.0-3.0,
0,141,b859189f-8db8-e911-a2c1-c4346bcb1555,3.0-5.0,
0,141,b859189f-8db8-e911-a2c1-c4346bcb1555,5.0-10.0,
0,141,b859189f-8db8-e911-a2c1-c4346bcb1555,10.0-20.0,
0,141,b859189f-8db8-e911-a2c1-c4346bcb1555,20.0-40.0,45.92292292292292
0,141,b859189f-8db8-e911-a2c1-c4346bcb1555,40.0-60.0,
0,141,b859189f-8db8-e911-a2c1-c4346bcb1555,60.0-200.0,
0,129,bd59189f-8db8-e911-a2c1-c4346bcb1555,0.0-1.0,
0,129,bd59189f-8db8-e911-a2c1-c4346bcb1555,1.0-3.0,
0,129,bd59189f-8db8-e911-a2c1-c4346bcb1555,3.0-5.0,
0,129,bd59189f-8db8-e911-a2c1-c4346bcb1555,5.0-10.0,
0,129,bd59189f-8db8-e911-a2c1-c4346bcb1555,10.0-20.0,
0,129,bd59189f-8db8-e911-a2c1-c4346bcb1555,20.0-40.0,41.981
0,129,bd59189f-8db8-e911-a2c1-c4346bcb1555,40.0-60.0,
0,129,bd59189f-8db8-e911-a2c1-c4346bcb1555,60.0-200.0,
0,155,d659189f-8db8-e911-a2c1-c4346bcb1555,0.0-1.0,
0,155,d659189f-8db8-e911-a2c1-c4346bcb1555,1.0-3.0,
0,155,d659189f-8db8-e911-a2c1-c4346bcb1555,3.0-5.0,
0,155,d659189f-8db8-e911-a2c1-c4346bcb1555,5.0-10.0,
0,155,d659189f-8db8-e911-a2c1-c4346bcb1555,10.0-20.0,
0,155,d659189f-8db8-e911-a2c1-c4346bcb1555,20.0-40.0,96.30930930930931
0,155,d659189f-8db8-e911-a2c1-c4346bcb1555,40.0-60.0,
0,155,d659189f-8db8-e911-a2c1-c4346bcb1555,60.0-200.0,
0,170,e559189f-8db8-e911-a2c1-c4346bcb1555,0.0-1.0,
0,170,e559189f-8db8-e911-a2c1-c4346bcb1555,1.0-3.0,
0,170,e559189f-8db8-e911-a2c1-c4346bcb1555,3.0-5.0,
0,170,e559189f-8db8-e911-a2c1-c4346bcb1555,5.0-10.0,
0,170,e559189f-8db8-e911-a2c1-c4346bcb1555,10.0-20.0,
0,170,e559189f-8db8-e911-a2c1-c4346bcb1555,20.0-40.0,44.07
0,170,e559189f-8db8-e911-a2c1-c4346bcb1555,40.0-60.0,
0,170,e559189f-8db8-e911-a2c1-c4346bcb1555,60.0-200.0,
0,185,f459189f-8db8-e911-a2c1-c4346bcb1555,0.0-1.0,
0,185,f459189f-8db8-e911-a2c1-c4346bcb1555,1.0-3.0,
0,185,f459189f-8db8-e911-a2c1-c4346bcb1555,3.0-5.0,
0,185,f459189f-8db8-e911-a2c1-c4346bcb1555,5.0-10.0,
0,185,f459189f-8db8-e911-a2c1-c4346bcb1555,10.0-20.0,
0,185,f459189f-8db8-e911-a2c1-c4346bcb1555,20.0-40.0,62.064
0,185,f459189f-8db8-e911-a2c1-c4346bcb1555,40.0-60.0,
0,185,f459189f-8db8-e911-a2c1-c4346bcb1555,60.0-200.0,
0,159,db59189f-8db8-e911-a2c1-c4346bcb1555,0.0-1.0,
0,159,db59189f-8db8-e911-a2c1-c4346bcb1555,1.0-3.0,
0,159,db59189f-8db8-e911-a2c1-c4346bcb1555,3.0-5.0,
0,159,db59189f-8db8-e911-a2c1-c4346bcb1555,5.0-10.0,
0,159,db59189f-8db8-e911-a2c1-c4346bcb1555,10.0-20.0,
0,159,db59189f-8db8-e911-a2c1-c4346bcb1555,20.0-40.0,135.742
0,159,db59189f-8db8-e911-a2c1-c4346bcb1555,40.0-60.0,
0,159,db59189f-8db8-e911-a2c1-c4346bcb1555,60.0-200.0,
0,199,025a189f-8db8-e911-a2c1-c4346bcb1555,0.0-1.0,
0,199,025a189f-8db8-e911-a2c1-c4346bcb1555,1.0-3.0,
0,199,025a189f-8db8-e911-a2c1-c4346bcb1555,3.0-5.0,
0,199,025a189f-8db8-e911-a2c1-c4346bcb1555,5.0-10.0,
0,199,025a189f-8db8-e911-a2c1-c4346bcb1555,10.0-20.0,
0,199,025a189f-8db8-e911-a2c1-c4346bcb1555,20.0-40.0,66.256
0,199,025a189f-8db8-e911-a2c1-c4346bcb1555,40.0-60.0,
0,199,025a189f-8db8-e911-a2c1-c4346bcb1555,60.0-200.0,
0,174,e959189f-8db8-e911-a2c1-c4346bcb1555,0.0-1.0,
0,174,e959189f-8db8-e911-a2c1-c4346bcb1555,1.0-3.0,
0,174,e959189f-8db8-e911-a2c1-c4346bcb1555,3.0-5.0,
0,174,e959189f-8db8-e911-a2c1-c4346bcb1555,5.0-10.0,
0,174,e959189f-8db8-e911-a2c1-c4346bcb1555,10.0-20.0,
0,174,e959189f-8db8-e911-a2c1-c4346bcb1555,20.0-40.0,129.64493480441325
0,174,e959189f-8db8-e911-a2c1-c4346bcb1555,40.0-60.0,
0,174,e959189f-8db8-e911-a2c1-c4346bcb1555,60.0-200.0,
0,175,ea59189f-8db8-e911-a2c1-c4346bcb1555,0.0-1.0,
0,175,ea59189f-8db8-e911-a2c1-c4346bcb1555,1.0-3.0,
0,175,ea59189f-8db8-e911-a2c1-c4346bcb1555,3.0-5.0,
0,175,ea59189f-8db8-e911-a2c1-c4346bcb1555,5.0-10.0,
0,175,ea59189f-8db8-e911-a2c1-c4346bcb1555,10.0-20.0,
0,175,ea59189f-8db8-e911-a2c1-c4346bcb1555,20.0-40.0,125.628
0,175,ea59189f-8db8-e911-a2c1-c4346bcb1555,40.0-60.0,
0,175,ea59189f-8db8-e911-a2c1-c4346bcb1555,60.0-200.0,
0,189,f859189f-8db8-e911-a2c1-c4346bcb1555,0.0-1.0,
0,189,f859189f-8db8-e911-a2c1-c4346bcb1555,1.0-3.0,
0,189,f859189f-8db8-e911-a2c1-c4346bcb1555,3.0-5.0,
0,189,f859189f-8db8-e911-a2c1-c4346bcb1555,5.0-10.0,
0,189,f859189f-8db8-e911-a2c1-c4346bcb1555,10.0-20.0,
0,189,f859189f-8db8-e911-a2c1-c4346bcb1555,20.0-40.0,72.64964964964965
0,189,f859189f-8db8-e911-a2c1-c4346bcb1555,40.0-60.0,
0,189,f859189f-8db8-e911-a2c1-c4346bcb1555,60.0-200.0,
0,164,df59189f-8db8-e911-a2c1-c4346bcb1555,0.0-1.0,
0,164,df59189f-8db8-e911-a2c1-c4346bcb1555,1.0-3.0,
0,164,df59189f-8db8-e911-a2c1-c4346bcb1555,3.0-5.0,
0,164,df59189f-8db8-e911-a2c1-c4346bcb1555,5.0-10.0,
0,164,df59189f-8db8-e911-a2c1-c4346bcb1555,10.0-20.0,
0,164,df59189f-8db8-e911-a2c1-c4346bcb1555,20.0-40.0,40.978
0,164,df59189f-8db8-e911-a2c1-c4346bcb1555,40.0-60.0,
0,164,df59189f-8db8-e911-a2c1-c4346bcb1555,60.0-200.0,
0,179,ee59189f-8db8-e911-a2c1-c4346bcb1555,0.0-1.0,
0,179,ee59189f-8db8-e911-a2c1-c4346bcb1555,1.0-3.0,
0,179,ee59189f-8db8-e911-a2c1-c4346bcb1555,3.0-5.0,
0,179,ee59189f-8db8-e911-a2c1-c4346bcb1555,5.0-10.0,
0,179,ee59189f-8db8-e911-a2c1-c4346bcb1555,10.0-20.0,
0,179,ee59189f-8db8-e911-a2c1-c4346bcb1555,20.0-40.0,68.67567567567568
0,179,ee59189f-8db8-e911-a2c1-c4346bcb1555,40.0-60.0,
0,179,ee59189f-8db8-e911-a2c1-c4346bcb1555,60.0-200.0,
0,166,e159189f-8db8-e911-a2c1-c4346bcb1555,0.0-1.0,
0,166,e159189f-8db8-e911-a2c1-c4346bcb1555,1.0-3.0,
0,166,e159189f-8db8-e911-a2c1-c4346bcb1555,3.0-5.0,
0,166,e159189f-8db8-e911-a2c1-c4346bcb1555,5.0-10.0,
0,166,e159189f-8db8-e911-a2c1-c4346bcb1555,10.0-20.0,
0,166,e159189f-8db8-e911-a2c1-c4346bcb1555,20.0-40.0,126.25625625625625
0,166,e159189f-8db8-e911-a2c1-c4346bcb1555,40.0-60.0,
0,166,e159189f-8db8-e911-a2c1-c4346bcb1555,60.0-200.0,
0,194,fd59189f-8db8-e911-a2c1-c4346bcb1555,0.0-1.0,
0,194,fd59189f-8db8-e911-a2c1-c4346bcb1555,1.0-3.0,
0,194,fd59189f-8db8-e911-a2c1-c4346bcb1555,3.0-5.0,
0,194,fd59189f-8db8-e911-a2c1-c4346bcb1555,5.0-10.0,
0,194,fd59189f-8db8-e911-a2c1-c4346bcb1555,10.0-20.0,
0,194,fd59189f-8db8-e911-a2c1-c4346bcb1555,20.0-40.0,48.711
0,194,fd59189f-8db8-e911-a2c1-c4346bcb1555,40.0-60.0,
0,194,fd59189f-8db8-e911-a2c1-c4346bcb1555,60.0-200.0,
0,181,f059189f-8db8-e911-a2c1-c4346bcb1555,0.0-1.0,
0,181,f059189f-8db8-e911-a2c1-c4346bcb1555,1.0-3.0,
0,181,f059189f-8db8-e911-a2c1-c4346bcb1555,3.0-5.0,
0,181,f059189f-8db8-e911-a2c1-c4346bcb1555,5.0-10.0,
0,181,f059189f-8db8-e911-a2c1-c4346bcb1555,10.0-20.0,
0,181,f059189f-8db8-e911-a2c1-c4346bcb1555,20.0-40.0,52.935
0,181,f059189f-8db8-e911-a2c1-c4346bcb1555,40.0-60.0,
0,181,f059189f-8db8-e911-a2c1-c4346bcb1555,60.0-200.0,
0,1,8e172099-8db8-e911-a2c1-c4346bcb1555,0.0-1.0,
0,1,8e172099-8db8-e911-a2c1-c4346bcb1555,1.0-3.0,
0,1,8e172099-8db8-e911-a2c1-c4346bcb1555,3.0-5.0,
0,1,8e172099-8db8-e911-a2c1-c4346bcb1555,5.0-10.0,
0,1,8e172099-8db8-e911-a2c1-c4346bcb1555,10.0-20.0,
0,1,8e172099-8db8-e911-a2c1-c4346bcb1555,20.0-40.0,130.571
0,1,8e172099-8db8-e911-a2c1-c4346bcb1555,40.0-60.0,
0,1,8e172099-8db8-e911-a2c1-c4346bcb1555,60.0-200.0,
0,3,90172099-8db8-e911-a2c1-c4346bcb1555,0.0-1.0,
0,3,90172099-8db8-e911-a2c1-c4346bcb1555,1.0-3.0,
0,3,90172099-8db8-e911-a2c1-c4346bcb1555,3.0-5.0,
0,3,90172099-8db8-e911-a2c1-c4346bcb1555,5.0-10.0,
0,3,90172099-8db8-e911-a2c1-c4346bcb1555,10.0-20.0,
0,3,90172099-8db8-e911-a2c1-c4346bcb1555,20.0-40.0,54.71
0,3,90172099-8db8-e911-a2c1-c4346bcb1555,40.0-60.0,
0,3,90172099-8db8-e911-a2c1-c4346bcb1555,60.0-200.0,
0,49,ad172099-8db8-e911-a2c1-c4346bcb1555,0.0-1.0,
0,49,ad172099-8db8-e911-a2c1-c4346bcb1555,1.0-3.0,
0,49,ad172099-8db8-e911-a2c1-c4346bcb1555,3.0-5.0,
0,49,ad172099-8db8-e911-a2c1-c4346bcb1555,5.0-10.0,
0,49,ad172099-8db8-e911-a2c1-c4346bcb1555,10.0-20.0,
0,49,ad172099-8db8-e911-a2c1-c4346bcb1555,20.0-40.0,121.994
0,49,ad172099-8db8-e911-a2c1-c4346bcb1555,40.0-60.0,
0,49,ad172099-8db8-e911-a2c1-c4346bcb1555,60.0-200.0,
0,16,9d172099-8db8-e911-a2c1-c4346bcb1555,0.0-1.0,
0,16,9d172099-8db8-e911-a2c1-c4346bcb1555,1.0-3.0,
0,16,9d172099-8db8-e911-a2c1-c4346bcb1555,3.0-5.0,
0,16,9d172099-8db8-e911-a2c1-c4346bcb1555,5.0-10.0,
0,16,9d172099-8db8-e911-a2c1-c4346bcb1555,10.0-20.0,
0,16,9d172099-8db8-e911-a2c1-c4346bcb1555,20.0-40.0,102.538
0,16,9d172099-8db8-e911-a2c1-c4346bcb1555,40.0-60.0,
0,16,9d172099-8db8-e911-a2c1-c4346bcb1555,60.0-200.0,
0,24,bc172099-8db8-e911-a2c1-c4346bcb1555,0.0-1.0,
0,24,bc172099-8db8-e911-a2c1-c4346bcb1555,1.0-3.0,
0,24,bc172099-8db8-e911-a2c1-c4346bcb1555,3.0-5.0,
0,24,bc172099-8db8-e911-a2c1-c4346bcb1555,5.0-10.0,
0,24,bc172099-8db8-e911-a2c1-c4346bcb1555,10.0-20.0,
0,24,bc172099-8db8-e911-a2c1-c4346bcb1555,20.0-40.0,51.277
0,24,bc172099-8db8-e911-a2c1-c4346bcb1555,40.0-60.0,
0,24,bc172099-8db8-e911-a2c1-c4346bcb1555,60.0-200.0,
0,19,a0172099-8db8-e911-a2c1-c4346bcb1555,0.0-1.0,
0,19,a0172099-8db8-e911-a2c1-c4346bcb1555,1.0-3.0,
0,19,a0172099-8db8-e911-a2c1-c4346bcb1555,3.0-5.0,
0,19,a0172099-8db8-e911-a2c1-c4346bcb1555,5.0-10.0,
0,19,a0172099-8db8-e911-a2c1-c4346bcb1555,10.0-20.0,
0,19,a0172099-8db8-e911-a2c1-c4346bcb1555,20.0-40.0,119.929
0,19,a0172099-8db8-e911-a2c1-c4346bcb1555,40.0-60.0,
0,19,a0172099-8db8-e911-a2c1-c4346bcb1555,60.0-200.0,
0,40,a4172099-8db8-e911-a2c1-c4346bcb1555,0.0-1.0,
0,40,a4172099-8db8-e911-a2c1-c4346bcb1555,1.0-3.0,
0,40,a4172099-8db8-e911-a2c1-c4346bcb1555,3.0-5.0,
0,40,a4172099-8db8-e911-a2c1-c4346bcb1555,5.0-10.0,
0,40,a4172099-8db8-e911-a2c1-c4346bcb1555,10.0-20.0,
0,40,a4172099-8db8-e911-a2c1-c4346bcb1555,20.0-40.0,131.832
0,40,a4172099-8db8-e911-a2c1-c4346bcb1555,40.0-60.0,
0,40,a4172099-8db8-e911-a2c1-c4346bcb1555,60.0-200.0,
0,7,94172099-8db8-e911-a2c1-c4346bcb1555,0.0-1.0,
0,7,94172099-8db8-e911-a2c1-c4346bcb1555,1.0-3.0,
0,7,94172099-8db8-e911-a2c1-c4346bcb1555,3.0-5.0,
0,7,94172099-8db8-e911-a2c1-c4346bcb1555,5.0-10.0,
0,7,94172099-8db8-e911-a2c1-c4346bcb1555,10.0-20.0,
0,7,94172099-8db8-e911-a2c1-c4346bcb1555,20.0-40.0,126.707
0,7,94172099-8db8-e911-a2c1-c4346bcb1555,40.0-60.0,
0,7,94172099-8db8-e911-a2c1-c4346bcb1555,60.0-200.0,
0,55,b3172099-8db8-e911-a2c1-c4346bcb1555,0.0-1.0,
0,55,b3172099-8db8-e911-a2c1-c4346bcb1555,1.0-3.0,
0,55,b3172099-8db8-e911-a2c1-c4346bcb1555,3.0-5.0,
0,55,b3172099-8db8-e911-a2c1-c4346bcb1555,5.0-10.0,
0,55,b3172099-8db8-e911-a2c1-c4346bcb1555,10.0-20.0,
0,55,b3172099-8db8-e911-a2c1-c4346bcb1555,20.0-40.0,129.605
0,55,b3172099-8db8-e911-a2c1-c4346bcb1555,40.0-60.0,
0,55,b3172099-8db8-e911-a2c1-c4346bcb1555,60.0-200.0,
0,44,a8172099-8db8-e911-a2c1-c4346bcb1555,0.0-1.0,
0,44,a8172099-8db8-e911-a2c1-c4346bcb1555,1.0-3.0,
0,44,a8172099-8db8-e911-a2c1-c4346bcb1555,3.0-5.0,
0,44,a8172099-8db8-e911-a2c1-c4346bcb1555,5.0-10.0,
0,44,a8172099-8db8-e911-a2c1-c4346bcb1555,10.0-20.0,
0,44,a8172099-8db8-e911-a2c1-c4346bcb1555,20.0-40.0,97.371
0,44,a8172099-8db8-e911-a2c1-c4346bcb1555,40.0-60.0,
0,44,a8172099-8db8-e911-a2c1-c4346bcb1555,60.0-200.0,
0,30,c2172099-8db8-e911-a2c1-c4346bcb1555,0.0-1.0,
0,30,c2172099-8db8-e911-a2c1-c4346bcb1555,1.0-3.0,
0,30,c2172099-8db8-e911-a2c1-c4346bcb1555,3.0-5.0,
0,30,c2172099-8db8-e911-a2c1-c4346bcb1555,5.0-10.0,
0,30,c2172099-8db8-e911-a2c1-c4346bcb1555,10.0-20.0,
0,30,c2172099-8db8-e911-a2c1-c4346bcb1555,20.0-40.0,56.748
0,30,c2172099-8db8-e911-a2c1-c4346bcb1555,40.0-60.0,
0,30,c2172099-8db8-e911-a2c1-c4346bcb1555,60.0-200.0,
0,11,98172099-8db8-e911-a2c1-c4346bcb1555,0.0-1.0,
0,11,98172099-8db8-e911-a2c1-c4346bcb1555,1.0-3.0,
0,11,98172099-8db8-e911-a2c1-c4346bcb1555,3.0-5.0,
0,11,98172099-8db8-e911-a2c1-c4346bcb1555,5.0-10.0,
0,11,98172099-8db8-e911-a2c1-c4346bcb1555,10.0-20.0,
0,11,98172099-8db8-e911-a2c1-c4346bcb1555,20.0-40.0,132.82
0,11,98172099-8db8-e911-a2c1-c4346bcb1555,40.0-60.0,
0,11,98172099-8db8-e911-a2c1-c4346bcb1555,60.0-200.0,
0,57,b7172099-8db8-e911-a2c1-c4346bcb1555,0.0-1.0,
0,57,b7172099-8db8-e911-a2c1-c4346bcb1555,1.0-3.0,
0,57,b7172099-8db8-e911-a2c1-c4346bcb1555,3.0-5.0,
0,57,b7172099-8db8-e911-a2c1-c4346bcb1555,5.0-10.0,
0,57,b7172099-8db8-e911-a2c1-c4346bcb1555,10.0-20.0,
0,57,b7172099-8db8-e911-a2c1-c4346bcb1555,20.0-40.0,126.004
0,57,b7172099-8db8-e911-a2c1-c4346bcb1555,40.0-60.0,
0,57,b7172099-8db8-e911-a2c1-c4346bcb1555,60.0-200.0,
0,85,e8172099-8db8-e911-a2c1-c4346bcb1555,0.0-1.0,
0,85,e8172099-8db8-e911-a2c1-c4346bcb1555,1.0-3.0,
0,85,e8172099-8db8-e911-a2c1-c4346bcb1555,3.0-5.0,
0,85,e8172099-8db8-e911-a2c1-c4346bcb1555,5.0-10.0,
0,85,e8172099-8db8-e911-a2c1-c4346bcb1555,10.0-20.0,
0,85,e8172099-8db8-e911-a2c1-c4346bcb1555,20.0-40.0,128.28528528528528
0,85,e8172099-8db8-e911-a2c1-c4346bcb1555,40.0-60.0,
0,85,e8172099-8db8-e911-a2c1-c4346bcb1555,60.0-200.0,
0,111,9259189f-8db8-e911-a2c1-c4346bcb1555,0.0-1.0,
0,111,9259189f-8db8-e911-a2c1-c4346bcb1555,1.0-3.0,
0,111,9259189f-8db8-e911-a2c1-c4346bcb1555,3.0-5.0,
0,111,9259189f-8db8-e911-a2c1-c4346bcb1555,5.0-10.0,
0,111,9259189f-8db8-e911-a2c1-c4346bcb1555,10.0-20.0,
0,111,9259189f-8db8-e911-a2c1-c4346bcb1555,20.0-40.0,124.109
0,111,9259189f-8db8-e911-a2c1-c4346bcb1555,40.0-60.0,
0,111,9259189f-8db8-e911-a2c1-c4346bcb1555,60.0-200.0,
0,34,c6172099-8db8-e911-a2c1-c4346bcb1555,0.0-1.0,
0,34,c6172099-8db8-e911-a2c1-c4346bcb1555,1.0-3.0,
0,34,c6172099-8db8-e911-a2c1-c4346bcb1555,3.0-5.0,
0,34,c6172099-8db8-e911-a2c1-c4346bcb1555,5.0-10.0,
0,34,c6172099-8db8-e911-a2c1-c4346bcb1555,10.0-20.0,
0,34,c6172099-8db8-e911-a2c1-c4346bcb1555,20.0-40.0,130.721
0,34,c6172099-8db8-e911-a2c1-c4346bcb1555,40.0-60.0,
0,34,c6172099-8db8-e911-a2c1-c4346bcb1555,60.0-200.0,
0,101,f7172099-8db8-e911-a2c1-c4346bcb1555,0.0-1.0,
0,101,f7172099-8db8-e911-a2c1-c4346bcb1555,1.0-3.0,
0,101,f7172099-8db8-e911-a2c1-c4346bcb1555,3.0-5.0,
0,101,f7172099-8db8-e911-a2c1-c4346bcb1555,5.0-10.0,
0,101,f7172099-8db8-e911-a2c1-c4346bcb1555,10.0-20.0,
0,101,f7172099-8db8-e911-a2c1-c4346bcb1555,20.0-40.0,129.388
0,101,f7172099-8db8-e911-a2c1-c4346bcb1555,40.0-60.0,
0,101,f7172099-8db8-e911-a2c1-c4346bcb1555,60.0-200.0,
0,115,9659189f-8db8-e911-a2c1-c4346bcb1555,0.0-1.0,
0,115,9659189f-8db8-e911-a2c1-c4346bcb1555,1.0-3.0,
0,115,9659189f-8db8-e911-a2c1-c4346bcb1555,3.0-5.0,
0,115,9659189f-8db8-e911-a2c1-c4346bcb1555,5.0-10.0,
0,115,9659189f-8db8-e911-a2c1-c4346bcb1555,10.0-20.0,
0,115,9659189f-8db8-e911-a2c1-c4346bcb1555,20.0-40.0,40.615
0,115,9659189f-8db8-e911-a2c1-c4346bcb1555,40.0-60.0,
0,115,9659189f-8db8-e911-a2c1-c4346bcb1555,60.0-200.0,
0,90,ed172099-8db8-e911-a2c1-c4346bcb1555,0.0-1.0,
0,90,ed172099-8db8-e911-a2c1-c4346bcb1555,1.0-3.0,
0,90,ed172099-8db8-e911-a2c1-c4346bcb1555,3.0-5.0,
0,90,ed172099-8db8-e911-a2c1-c4346bcb1555,5.0-10.0,
0,90,ed172099-8db8-e911-a2c1-c4346bcb1555,10.0-20.0,
0,90,ed172099-8db8-e911-a2c1-c4346bcb1555,20.0-40.0,111.289
0,90,ed172099-8db8-e911-a2c1-c4346bcb1555,40.0-60.0,
0,90,ed172099-8db8-e911-a2c1-c4346bcb1555,60.0-200.0,
0,39,cb172099-8db8-e911-a2c1-c4346bcb1555,0.0-1.0,
0,39,cb172099-8db8-e911-a2c1-c4346bcb1555,1.0-3.0,
0,39,cb172099-8db8-e911-a2c1-c4346bcb1555,3.0-5.0,
0,39,cb172099-8db8-e911-a2c1-c4346bcb1555,5.0-10.0,
0,39,cb172099-8db8-e911-a2c1-c4346bcb1555,10.0-20.0,
0,39,cb172099-8db8-e911-a2c1-c4346bcb1555,20.0-40.0,92.667
0,39,cb172099-8db8-e911-a2c1-c4346bcb1555,40.0-60.0,
0,39,cb172099-8db8-e911-a2c1-c4346bcb1555,60.0-200.0,
0,81,e4172099-8db8-e911-a2c1-c4346bcb1555,0.0-1.0,
0,81,e4172099-8db8-e911-a2c1-c4346bcb1555,1.0-3.0,
0,81,e4172099-8db8-e911-a2c1-c4346bcb1555,3.0-5.0,
0,81,e4172099-8db8-e911-a2c1-c4346bcb1555,5.0-10.0,
0,81,e4172099-8db8-e911-a2c1-c4346bcb1555,10.0-20.0,
0,81,e4172099-8db8-e911-a2c1-c4346bcb1555,20.0-40.0,122.96596596596596
0,81,e4172099-8db8-e911-a2c1-c4346bcb1555,40.0-60.0,
0,81,e4172099-8db8-e911-a2c1-c4346bcb1555,60.0-200.0,
0,60,9b59189f-8db8-e911-a2c1-c4346bcb1555,0.0-1.0,
0,60,9b59189f-8db8-e911-a2c1-c4346bcb1555,1.0-3.0,
0,60,9b59189f-8db8-e911-a2c1-c4346bcb1555,3.0-5.0,
0,60,9b59189f-8db8-e911-a2c1-c4346bcb1555,5.0-10.0,
0,60,9b59189f-8db8-e911-a2c1-c4346bcb1555,10.0-20.0,
0,60,9b59189f-8db8-e911-a2c1-c4346bcb1555,20.0-40.0,126.023
0,60,9b59189f-8db8-e911-a2c1-c4346bcb1555,40.0-60.0,
0,60,9b59189f-8db8-e911-a2c1-c4346bcb1555,60.0-200.0,
0,108,00182099-8db8-e911-a2c1-c4346bcb1555,0.0-1.0,
0,108,00182099-8db8-e911-a2c1-c4346bcb1555,1.0-3.0,
0,108,00182099-8db8-e911-a2c1-c4346bcb1555,3.0-5.0,
0,108,00182099-8db8-e911-a2c1-c4346bcb1555,5.0-10.0,
0,108,00182099-8db8-e911-a2c1-c4346bcb1555,10.0-20.0,
0,108,00182099-8db8-e911-a2c1-c4346bcb1555,20.0-40.0,40.7007007007007
0,108,00182099-8db8-e911-a2c1-c4346bcb1555,40.0-60.0,
0,108,00182099-8db8-e911-a2c1-c4346bcb1555,60.0-200.0,
0,96,f3172099-8db8-e911-a2c1-c4346bcb1555,0.0-1.0,
0,96,f3172099-8db8-e911-a2c1-c4346bcb1555,1.0-3.0,
0,96,f3172099-8db8-e911-a2c1-c4346bcb1555,3.0-5.0,
0,96,f3172099-8db8-e911-a2c1-c4346bcb1555,5.0-10.0,
0,96,f3172099-8db8-e911-a2c1-c4346bcb1555,10.0-20.0,
0,96,f3172099-8db8-e911-a2c1-c4346bcb1555,20.0-40.0,46.0
0,96,f3172099-8db8-e911-a2c1-c4346bcb1555,40.0-60.0,
0,96,f3172099-8db8-e911-a2c1-c4346bcb1555,60.0-200.0,
0,64,9f59189f-8db8-e911-a2c1-c4346bcb1555,0.0-1.0,
0,64,9f59189f-8db8-e911-a2c1-c4346bcb1555,1.0-3.0,
0,64,9f59189f-8db8-e911-a2c1-c4346bcb1555,3.0-5.0,
0,64,9f59189f-8db8-e911-a2c1-c4346bcb1555,5.0-10.0,
0,64,9f59189f-8db8-e911-a2c1-c4346bcb1555,10.0-20.0,
0,64,9f59189f-8db8-e911-a2c1-c4346bcb1555,20.0-40.0,48.614
0,64,9f59189f-8db8-e911-a2c1-c4346bcb1555,40.0-60.0,
0,64,9f59189f-8db8-e911-a2c1-c4346bcb1555,60.0-200.0,
0,143,be59189f-8db8-e911-a2c1-c4346bcb1555,0.0-1.0,
0,143,be59189f-8db8-e911-a2c1-c4346bcb1555,1.0-3.0,
0,143,be59189f-8db8-e911-a2c1-c4346bcb1555,3.0-5.0,
0,143,be59189f-8db8-e911-a2c1-c4346bcb1555,5.0-10.0,
0,143,be59189f-8db8-e911-a2c1-c4346bcb1555,10.0-20.0,
0,143,be59189f-8db8-e911-a2c1-c4346bcb1555,20.0-40.0,83.489
0,143,be59189f-8db8-e911-a2c1-c4346bcb1555,40.0-60.0,
0,143,be59189f-8db8-e911-a2c1-c4346bcb1555,60.0-200.0,
0,131,c059189f-8db8-e911-a2c1-c4346bcb1555,0.0-1.0,
0,131,c059189f-8db8-e911-a2c1-c4346bcb1555,1.0-3.0,
0,131,c059189f-8db8-e911-a2c1-c4346bcb1555,3.0-5.0,
0,131,c059189f-8db8-e911-a2c1-c4346bcb1555,5.0-10.0,
0,131,c059189f-8db8-e911-a2c1-c4346bcb1555,10.0-20.0,
0,131,c059189f-8db8-e911-a2c1-c4346bcb1555,20.0-40.0,127.837
0,131,c059189f-8db8-e911-a2c1-c4346bcb1555,40.0-60.0,
0,131,c059189f-8db8-e911-a2c1-c4346bcb1555,60.0-200.0,
0,67,a259189f-8db8-e911-a2c1-c4346bcb1555,0.0-1.0,
0,67,a259189f-8db8-e911-a2c1-c4346bcb1555,1.0-3.0,
0,67,a259189f-8db8-e911-a2c1-c4346bcb1555,3.0-5.0,
0,67,a259189f-8db8-e911-a2c1-c4346bcb1555,5.0-10.0,
0,67,a259189f-8db8-e911-a2c1-c4346bcb1555,10.0-20.0,
0,67,a259189f-8db8-e911-a2c1-c4346bcb1555,20.0-40.0,56.8
0,67,a259189f-8db8-e911-a2c1-c4346bcb1555,40.0-60.0,
0,67,a259189f-8db8-e911-a2c1-c4346bcb1555,60.0-200.0,
0,133,c459189f-8db8-e911-a2c1-c4346bcb1555,0.0-1.0,
0,133,c459189f-8db8-e911-a2c1-c4346bcb1555,1.0-3.0,
0,133,c459189f-8db8-e911-a2c1-c4346bcb1555,3.0-5.0,
0,133,c459189f-8db8-e911-a2c1-c4346bcb1555,5.0-10.0,
0,133,c459189f-8db8-e911-a2c1-c4346bcb1555,10.0-20.0,
0,133,c459189f-8db8-e911-a2c1-c4346bcb1555,20.0-40.0,124.371
0,133,c459189f-8db8-e911-a2c1-c4346bcb1555,40.0-60.0,
0,133,c459189f-8db8-e911-a2c1-c4346bcb1555,60.0-200.0,
0,146,c859189f-8db8-e911-a2c1-c4346bcb1555,0.0-1.0,
0,146,c859189f-8db8-e911-a2c1-c4346bcb1555,1.0-3.0,
0,146,c859189f-8db8-e911-a2c1-c4346bcb1555,3.0-5.0,
0,146,c859189f-8db8-e911-a2c1-c4346bcb1555,5.0-10.0,
0,146,c859189f-8db8-e911-a2c1-c4346bcb1555,10.0-20.0,
0,146,c859189f-8db8-e911-a2c1-c4346bcb1555,20.0-40.0,116.019
0,146,c859189f-8db8-e911-a2c1-c4346bcb1555,40.0-60.0,
0,146,c859189f-8db8-e911-a2c1-c4346bcb1555,60.0-200.0,
0,121,b159189f-8db8-e911-a2c1-c4346bcb1555,0.0-1.0,
0,121,b159189f-8db8-e911-a2c1-c4346bcb1555,1.0-3.0,
0,121,b159189f-8db8-e911-a2c1-c4346bcb1555,3.0-5.0,
0,121,b159189f-8db8-e911-a2c1-c4346bcb1555,5.0-10.0,
0,121,b159189f-8db8-e911-a2c1-c4346bcb1555,10.0-20.0,
0,121,b159189f-8db8-e911-a2c1-c4346bcb1555,20.0-40.0,76.51
0,121,b159189f-8db8-e911-a2c1-c4346bcb1555,40.0-60.0,
0,121,b159189f-8db8-e911-a2c1-c4346bcb1555,60.0-200.0,
0,71,a659189f-8db8-e911-a2c1-c4346bcb1555,0.0-1.0,
0,71,a659189f-8db8-e911-a2c1-c4346bcb1555,1.0-3.0,
0,71,a659189f-8db8-e911-a2c1-c4346bcb1555,3.0-5.0,
0,71,a659189f-8db8-e911-a2c1-c4346bcb1555,5.0-10.0,
0,71,a659189f-8db8-e911-a2c1-c4346bcb1555,10.0-20.0,
0,71,a659189f-8db8-e911-a2c1-c4346bcb1555,20.0-40.0,131.366
0,71,a659189f-8db8-e911-a2c1-c4346bcb1555,40.0-60.0,
0,71,a659189f-8db8-e911-a2c1-c4346bcb1555,60.0-200.0,
0,138,cd59189f-8db8-e911-a2c1-c4346bcb1555,0.0-1.0,
0,138,cd59189f-8db8-e911-a2c1-c4346bcb1555,1.0-3.0,
0,138,cd59189f-8db8-e911-a2c1-c4346bcb1555,3.0-5.0,
0,138,cd59189f-8db8-e911-a2c1-c4346bcb1555,5.0-10.0,
0,138,cd59189f-8db8-e911-a2c1-c4346bcb1555,10.0-20.0,
0,138,cd59189f-8db8-e911-a2c1-c4346bcb1555,20.0-40.0,131.26
0,138,cd59189f-8db8-e911-a2c1-c4346bcb1555,40.0-60.0,
0,138,cd59189f-8db8-e911-a2c1-c4346bcb1555,60.0-200.0,
0,152,d359189f-8db8-e911-a2c1-c4346bcb1555,0.0-1.0,
0,152,d359189f-8db8-e911-a2c1-c4346bcb1555,1.0-3.0,
0,152,d359189f-8db8-e911-a2c1-c4346bcb1555,3.0-5.0,
0,152,d359189f-8db8-e911-a2c1-c4346bcb1555,5.0-10.0,
0,152,d359189f-8db8-e911-a2c1-c4346bcb1555,10.0-20.0,
0,152,d359189f-8db8-e911-a2c1-c4346bcb1555,20.0-40.0,49.53653653653654
0,152,d359189f-8db8-e911-a2c1-c4346bcb1555,40.0-60.0,
0,152,d359189f-8db8-e911-a2c1-c4346bcb1555,60.0-200.0,
0,127,b959189f-8db8-e911-a2c1-c4346bcb1555,0.0-1.0,
0,127,b959189f-8db8-e911-a2c1-c4346bcb1555,1.0-3.0,
0,127,b959189f-8db8-e911-a2c1-c4346bcb1555,3.0-5.0,
0,127,b959189f-8db8-e911-a2c1-c4346bcb1555,5.0-10.0,
0,127,b959189f-8db8-e911-a2c1-c4346bcb1555,10.0-20.0,
0,127,b959189f-8db8-e911-a2c1-c4346bcb1555,20.0-40.0,135.61461461461462
0,127,b959189f-8db8-e911-a2c1-c4346bcb1555,40.0-60.0,
0,127,b959189f-8db8-e911-a2c1-c4346bcb1555,60.0-200.0,
0,140,b559189f-8db8-e911-a2c1-c4346bcb1555,0.0-1.0,
0,140,b559189f-8db8-e911-a2c1-c4346bcb1555,1.0-3.0,
0,140,b559189f-8db8-e911-a2c1-c4346bcb1555,3.0-5.0,
0,140,b559189f-8db8-e911-a2c1-c4346bcb1555,5.0-10.0,
0,140,b559189f-8db8-e911-a2c1-c4346bcb1555,10.0-20.0,
0,140,b559189f-8db8-e911-a2c1-c4346bcb1555,20.0-40.0,60.136
0,140,b559189f-8db8-e911-a2c1-c4346bcb1555,40.0-60.0,
0,140,b559189f-8db8-e911-a2c1-c4346bcb1555,60.0-200.0,
0,128,ba59189f-8db8-e911-a2c1-c4346bcb1555,0.0-1.0,
0,128,ba59189f-8db8-e911-a2c1-c4346bcb1555,1.0-3.0,
0,128,ba59189f-8db8-e911-a2c1-c4346bcb1555,3.0-5.0,
0,128,ba59189f-8db8-e911-a2c1-c4346bcb1555,5.0-10.0,
0,128,ba59189f-8db8-e911-a2c1-c4346bcb1555,10.0-20.0,
0,128,ba59189f-8db8-e911-a2c1-c4346bcb1555,20.0-40.0,128.896
0,128,ba59189f-8db8-e911-a2c1-c4346bcb1555,40.0-60.0,
0,128,ba59189f-8db8-e911-a2c1-c4346bcb1555,60.0-200.0,
0,76,ab59189f-8db8-e911-a2c1-c4346bcb1555,0.0-1.0,
0,76,ab59189f-8db8-e911-a2c1-c4346bcb1555,1.0-3.0,
0,76,ab59189f-8db8-e911-a2c1-c4346bcb1555,3.0-5.0,
0,76,ab59189f-8db8-e911-a2c1-c4346bcb1555,5.0-10.0,
0,76,ab59189f-8db8-e911-a2c1-c4346bcb1555,10.0-20.0,
0,76,ab59189f-8db8-e911-a2c1-c4346bcb1555,20.0-40.0,123.95195195195195
0,76,ab59189f-8db8-e911-a2c1-c4346bcb1555,40.0-60.0,
0,76,ab59189f-8db8-e911-a2c1-c4346bcb1555,60.0-200.0,
0,182,f159189f-8db8-e911-a2c1-c4346bcb1555,0.0-1.0,
0,182,f159189f-8db8-e911-a2c1-c4346bcb1555,1.0-3.0,
0,182,f159189f-8db8-e911-a2c1-c4346bcb1555,3.0-5.0,
0,182,f159189f-8db8-e911-a2c1-c4346bcb1555,5.0-10.0,
0,182,f159189f-8db8-e911-a2c1-c4346bcb1555,10.0-20.0,
0,182,f159189f-8db8-e911-a2c1-c4346bcb1555,20.0-40.0,40.505
0,182,f159189f-8db8-e911-a2c1-c4346bcb1555,40.0-60.0,
0,182,f159189f-8db8-e911-a2c1-c4346bcb1555,60.0-200.0,
0,156,d759189f-8db8-e911-a2c1-c4346bcb1555,0.0-1.0,
0,156,d759189f-8db8-e911-a2c1-c4346bcb1555,1.0-3.0,
0,156,d759189f-8db8-e911-a2c1-c4346bcb1555,3.0-5.0,
0,156,d759189f-8db8-e911-a2c1-c4346bcb1555,5.0-10.0,
0,156,d759189f-8db8-e911-a2c1-c4346bcb1555,10.0-20.0,
0,156,d759189f-8db8-e911-a2c1-c4346bcb1555,20.0-40.0,120.989
0,156,d759189f-8db8-e911-a2c1-c4346bcb1555,40.0-60.0,
0,156,d759189f-8db8-e911-a2c1-c4346bcb1555,60.0-200.0,
0,195,fe59189f-8db8-e911-a2c1-c4346bcb1555,0.0-1.0,
0,195,fe59189f-8db8-e911-a2c1-c4346bcb1555,1.0-3.0,
0,195,fe59189f-8db8-e911-a2c1-c4346bcb1555,3.0-5.0,
0,195,fe59189f-8db8-e911-a2c1-c4346bcb1555,5.0-10.0,
0,195,fe59189f-8db8-e911-a2c1-c4346bcb1555,10.0-20.0,
0,195,fe59189f-8db8-e911-a2c1-c4346bcb1555,20.0-40.0,122.774
0,195,fe59189f-8db8-e911-a2c1-c4346bcb1555,40.0-60.0,
0,195,fe59189f-8db8-e911-a2c1-c4346bcb1555,60.0-200.0,
0,171,e659189f-8db8-e911-a2c1-c4346bcb1555,0.0-1.0,
0,171,e659189f-8db8-e911-a2c1-c4346bcb1555,1.0-3.0,
0,171,e659189f-8db8-e911-a2c1-c4346bcb1555,3.0-5.0,
0,171,e659189f-8db8-e911-a2c1-c4346bcb1555,5.0-10.0,
0,171,e659189f-8db8-e911-a2c1-c4346bcb1555,10.0-20.0,
0,171,e659189f-8db8-e911-a2c1-c4346bcb1555,20.0-40.0,135.332
0,171,e659189f-8db8-e911-a2c1-c4346bcb1555,40.0-60.0,
0,171,e659189f-8db8-e911-a2c1-c4346bcb1555,60.0-200.0,
0,186,f559189f-8db8-e911-a2c1-c4346bcb1555,0.0-1.0,
0,186,f559189f-8db8-e911-a2c1-c4346bcb1555,1.0-3.0,
0,186,f559189f-8db8-e911-a2c1-c4346bcb1555,3.0-5.0,
0,186,f559189f-8db8-e911-a2c1-c4346bcb1555,5.0-10.0,
0,186,f559189f-8db8-e911-a2c1-c4346bcb1555,10.0-20.0,
0,186,f559189f-8db8-e911-a2c1-c4346bcb1555,20.0-40.0,51.159
0,186,f559189f-8db8-e911-a2c1-c4346bcb1555,40.0-60.0,
0,186,f559189f-8db8-e911-a2c1-c4346bcb1555,60.0-200.0,
0,161,dc59189f-8db8-e911-a2c1-c4346bcb1555,0.0-1.0,
0,161,dc59189f-8db8-e911-a2c1-c4346bcb1555,1.0-3.0,
0,161,dc59189f-8db8-e911-a2c1-c4346bcb1555,3.0-5.0,
0,161,dc59189f-8db8-e911-a2c1-c4346bcb1555,5.0-10.0,
0,161,dc59189f-8db8-e911-a2c1-c4346bcb1555,10.0-20.0,
0,161,dc59189f-8db8-e911-a2c1-c4346bcb1555,20.0-40.0,130.892
0,161,dc59189f-8db8-e911-a2c1-c4346bcb1555,40.0-60.0,
0,161,dc59189f-8db8-e911-a2c1-c4346bcb1555,60.0-200.0,
0,176,eb59189f-8db8-e911-a2c1-c4346bcb1555,0.0-1.0,
0,176,eb59189f-8db8-e911-a2c1-c4346bcb1555,1.0-3.0,
0,176,eb59189f-8db8-e911-a2c1-c4346bcb1555,3.0-5.0,
0,176,eb59189f-8db8-e911-a2c1-c4346bcb1555,5.0-10.0,
0,176,eb59189f-8db8-e911-a2c1-c4346bcb1555,10.0-20.0,
0,176,eb59189f-8db8-e911-a2c1-c4346bcb1555,20.0-40.0,39.449
0,176,eb59189f-8db8-e911-a2c1-c4346bcb1555,40.0-60.0,
0,176,eb59189f-8db8-e911-a2c1-c4346bcb1555,60.0-200.0,
0,190,f959189f-8db8-e911-a2c1-c4346bcb1555,0.0-1.0,
0,190,f959189f-8db8-e911-a2c1-c4346bcb1555,1.0-3.0,
0,190,f959189f-8db8-e911-a2c1-c4346bcb1555,3.0-5.0,
0,190,f959189f-8db8-e911-a2c1-c4346bcb1555,5.0-10.0,
0,190,f959189f-8db8-e911-a2c1-c4346bcb1555,10.0-20.0,
0,190,f959189f-8db8-e911-a2c1-c4346bcb1555,20.0-40.0,116.736
0,190,f959189f-8db8-e911-a2c1-c4346bcb1555,40.0-60.0,
0,190,f959189f-8db8-e911-a2c1-c4346bcb1555,60.0-200.0,
0,191,fa59189f-8db8-e911-a2c1-c4346bcb1555,0.0-1.0,
0,191,fa59189f-8db8-e911-a2c1-c4346bcb1555,1.0-3.0,
0,191,fa59189f-8db8-e911-a2c1-c4346bcb1555,3.0-5.0,
0,191,fa59189f-8db8-e911-a2c1-c4346bcb1555,5.0-10.0,
0,191,fa59189f-8db8-e911-a2c1-c4346bcb1555,10.0-20.0,
0,191,fa59189f-8db8-e911-a2c1-c4346bcb1555,20.0-40.0,68.956
0,191,fa59189f-8db8-e911-a2c1-c4346bcb1555,40.0-60.0,
0,191,fa59189f-8db8-e911-a2c1-c4346bcb1555,60.0-200.0,
0,180,ef59189f-8db8-e911-a2c1-c4346bcb1555,0.0-1.0,
0,180,ef59189f-8db8-e911-a2c1-c4346bcb1555,1.0-3.0,
0,180,ef59189f-8db8-e911-a2c1-c4346bcb1555,3.0-5.0,
0,180,ef59189f-8db8-e911-a2c1-c4346bcb1555,5.0-10.0,
0,180,ef59189f-8db8-e911-a2c1-c4346bcb1555,10.0-20.0,
0,180,ef59189f-8db8-e911-a2c1-c4346bcb1555,20.0-40.0,44.303
0,180,ef59189f-8db8-e911-a2c1-c4346bcb1555,40.0-60.0,
0,180,ef59189f-8db8-e911-a2c1-c4346bcb1555,60.0-200.0,
0,167,e259189f-8db8-e911-a2c1-c4346bcb1555,0.0-1.0,
0,167,e259189f-8db8-e911-a2c1-c4346bcb1555,1.0-3.0,
0,167,e259189f-8db8-e911-a2c1-c4346bcb1555,3.0-5.0,
0,167,e259189f-8db8-e911-a2c1-c4346bcb1555,5.0-10.0,
0,167,e259189f-8db8-e911-a2c1-c4346bcb1555,10.0-20.0,
0,167,e259189f-8db8-e911-a2c1-c4346bcb1555,20.0-40.0,125.09
0,167,e259189f-8db8-e911-a2c1-c4346bcb1555,40.0-60.0,
0,167,e259189f-8db8-e911-a2c1-c4346bcb1555,60.0-200.0,
0,13,9a172099-8db8-e911-a2c1-c4346bcb1555,0.0-1.0,
0,13,9a172099-8db8-e911-a2c1-c4346bcb1555,1.0-3.0,
0,13,9a172099-8db8-e911-a2c1-c4346bcb1555,3.0-5.0,
0,13,9a172099-8db8-e911-a2c1-c4346bcb1555,5.0-10.0,
0,13,9a172099-8db8-e911-a2c1-c4346bcb1555,10.0-20.0,
0,13,9a172099-8db8-e911-a2c1-c4346bcb1555,20.0-40.0,123.871
0,13,9a172099-8db8-e911-a2c1-c4346bcb1555,40.0-60.0,
0,13,9a172099-8db8-e911-a2c1-c4346bcb1555,60.0-200.0,
0,46,aa172099-8db8-e911-a2c1-c4346bcb1555,0.0-1.0,
0,46,aa172099-8db8-e911-a2c1-c4346bcb1555,1.0-3.0,
0,46,aa172099-8db8-e911-a2c1-c4346bcb1555,3.0-5.0,
0,46,aa172099-8db8-e911-a2c1-c4346bcb1555,5.0-10.0,
0,46,aa172099-8db8-e911-a2c1-c4346bcb1555,10.0-20.0,
0,46,aa172099-8db8-e911-a2c1-c4346bcb1555,20.0-40.0,123.07107107107107
0,46,aa172099-8db8-e911-a2c1-c4346bcb1555,40.0-60.0,
0,46,aa172099-8db8-e911-a2c1-c4346bcb1555,60.0-200.0,
0,20,b4172099-8db8-e911-a2c1-c4346bcb1555,0.0-1.0,
0,20,b4172099-8db8-e911-a2c1-c4346bcb1555,1.0-3.0,
0,20,b4172099-8db8-e911-a2c1-c4346bcb1555,3.0-5.0,
0,20,b4172099-8db8-e911-a2c1-c4346bcb1555,5.0-10.0,
0,20,b4172099-8db8-e911-a2c1-c4346bcb1555,10.0-20.0,
0,20,b4172099-8db8-e911-a2c1-c4346bcb1555,20.0-40.0,124.248
0,20,b4172099-8db8-e911-a2c1-c4346bcb1555,40.0-60.0,
0,20,b4172099-8db8-e911-a2c1-c4346bcb1555,60.0-200.0,
0,2,8f172099-8db8-e911-a2c1-c4346bcb1555,0.0-1.0,
0,2,8f172099-8db8-e911-a2c1-c4346bcb1555,1.0-3.0,
0,2,8f172099-8db8-e911-a2c1-c4346bcb1555,3.0-5.0,
0,2,8f172099-8db8-e911-a2c1-c4346bcb1555,5.0-10.0,
0,2,8f172099-8db8-e911-a2c1-c4346bcb1555,10.0-20.0,
0,2,8f172099-8db8-e911-a2c1-c4346bcb1555,20.0-40.0,124.617
0,2,8f172099-8db8-e911-a2c1-c4346bcb1555,40.0-60.0,
0,2,8f172099-8db8-e911-a2c1-c4346bcb1555,60.0-200.0,
0,22,b8172099-8db8-e911-a2c1-c4346bcb1555,0.0-1.0,
0,22,b8172099-8db8-e911-a2c1-c4346bcb1555,1.0-3.0,
0,22,b8172099-8db8-e911-a2c1-c4346bcb1555,3.0-5.0,
0,22,b8172099-8db8-e911-a2c1-c4346bcb1555,5.0-10.0,
0,22,b8172099-8db8-e911-a2c1-c4346bcb1555,10.0-20.0,
0,22,b8172099-8db8-e911-a2c1-c4346bcb1555,20.0-40.0,135.053
0,22,b8172099-8db8-e911-a2c1-c4346bcb1555,40.0-60.0,
0,22,b8172099-8db8-e911-a2c1-c4346bcb1555,60.0-200.0,
0,17,9e172099-8db8-e911-a2c1-c4346bcb1555,0.0-1.0,
0,17,9e172099-8db8-e911-a2c1-c4346bcb1555,1.0-3.0,
0,17,9e172099-8db8-e911-a2c1-c4346bcb1555,3.0-5.0,
0,17,9e172099-8db8-e911-a2c1-c4346bcb1555,5.0-10.0,
0,17,9e172099-8db8-e911-a2c1-c4346bcb1555,10.0-20.0,
0,17,9e172099-8db8-e911-a2c1-c4346bcb1555,20.0-40.0,41.191
0,17,9e172099-8db8-e911-a2c1-c4346bcb1555,40.0-60.0,
0,17,9e172099-8db8-e911-a2c1-c4346bcb1555,60.0-200.0,
0,4,91172099-8db8-e911-a2c1-c4346bcb1555,0.0-1.0,
0,4,91172099-8db8-e911-a2c1-c4346bcb1555,1.0-3.0,
0,4,91172099-8db8-e911-a2c1-c4346bcb1555,3.0-5.0,
0,4,91172099-8db8-e911-a2c1-c4346bcb1555,5.0-10.0,
0,4,91172099-8db8-e911-a2c1-c4346bcb1555,10.0-20.0,
0,4,91172099-8db8-e911-a2c1-c4346bcb1555,20.0-40.0,127.355
0,4,91172099-8db8-e911-a2c1-c4346bcb1555,40.0-60.0,
0,4,91172099-8db8-e911-a2c1-c4346bcb1555,60.0-200.0,
0,50,ae172099-8db8-e911-a2c1-c4346bcb1555,0.0-1.0,
0,50,ae172099-8db8-e911-a2c1-c4346bcb1555,1.0-3.0,
0,50,ae172099-8db8-e911-a2c1-c4346bcb1555,3.0-5.0,
0,50,ae172099-8db8-e911-a2c1-c4346bcb1555,5.0-10.0,
0,50,ae172099-8db8-e911-a2c1-c4346bcb1555,10.0-20.0,
0,50,ae172099-8db8-e911-a2c1-c4346bcb1555,20.0-40.0,128.234
0,50,ae172099-8db8-e911-a2c1-c4346bcb1555,40.0-60.0,
0,50,ae172099-8db8-e911-a2c1-c4346bcb1555,60.0-200.0,
0,25,bd172099-8db8-e911-a2c1-c4346bcb1555,0.0-1.0,
0,25,bd172099-8db8-e911-a2c1-c4346bcb1555,1.0-3.0,
0,25,bd172099-8db8-e911-a2c1-c4346bcb1555,3.0-5.0,
0,25,bd172099-8db8-e911-a2c1-c4346bcb1555,5.0-10.0,
0,25,bd172099-8db8-e911-a2c1-c4346bcb1555,10.0-20.0,
0,25,bd172099-8db8-e911-a2c1-c4346bcb1555,20.0-40.0,41.562
0,25,bd172099-8db8-e911-a2c1-c4346bcb1555,40.0-60.0,
0,25,bd172099-8db8-e911-a2c1-c4346bcb1555,60.0-200.0,
0,52,b0172099-8db8-e911-a2c1-c4346bcb1555,0.0-1.0,
0,52,b0172099-8db8-e911-a2c1-c4346bcb1555,1.0-3.0,
0,52,b0172099-8db8-e911-a2c1-c4346bcb1555,3.0-5.0,
0,52,b0172099-8db8-e911-a2c1-c4346bcb1555,5.0-10.0,
0,52,b0172099-8db8-e911-a2c1-c4346bcb1555,10.0-20.0,
0,52,b0172099-8db8-e911-a2c1-c4346bcb1555,20.0-40.0,132.003
0,52,b0172099-8db8-e911-a2c1-c4346bcb1555,40.0-60.0,
0,52,b0172099-8db8-e911-a2c1-c4346bcb1555,60.0-200.0,
0,41,a5172099-8db8-e911-a2c1-c4346bcb1555,0.0-1.0,
0,41,a5172099-8db8-e911-a2c1-c4346bcb1555,1.0-3.0,
0,41,a5172099-8db8-e911-a2c1-c4346bcb1555,3.0-5.0,
0,41,a5172099-8db8-e911-a2c1-c4346bcb1555,5.0-10.0,
0,41,a5172099-8db8-e911-a2c1-c4346bcb1555,10.0-20.0,
0,41,a5172099-8db8-e911-a2c1-c4346bcb1555,20.0-40.0,63.055
0,41,a5172099-8db8-e911-a2c1-c4346bcb1555,40.0-60.0,
0,41,a5172099-8db8-e911-a2c1-c4346bcb1555,60.0-200.0,
0,8,95172099-8db8-e911-a2c1-c4346bcb1555,0.0-1.0,
0,8,95172099-8db8-e911-a2c1-c4346bcb1555,1.0-3.0,
0,8,95172099-8db8-e911-a2c1-c4346bcb1555,3.0-5.0,
0,8,95172099-8db8-e911-a2c1-c4346bcb1555,5.0-10.0,
0,8,95172099-8db8-e911-a2c1-c4346bcb1555,10.0-20.0,
0,8,95172099-8db8-e911-a2c1-c4346bcb1555,20.0-40.0,43.653306613226455
0,8,95172099-8db8-e911-a2c1-c4346bcb1555,40.0-60.0,
0,8,95172099-8db8-e911-a2c1-c4346bcb1555,60.0-200.0,
0,45,a9172099-8db8-e911-a2c1-c4346bcb1555,0.0-1.0,
0,45,a9172099-8db8-e911-a2c1-c4346bcb1555,1.0-3.0,
0,45,a9172099-8db8-e911-a2c1-c4346bcb1555,3.0-5.0,
0,45,a9172099-8db8-e911-a2c1-c4346bcb1555,5.0-10.0,
0,45,a9172099-8db8-e911-a2c1-c4346bcb1555,10.0-20.0,
0,45,a9172099-8db8-e911-a2c1-c4346bcb1555,20.0-40.0,130.129
0,45,a9172099-8db8-e911-a2c1-c4346bcb1555,40.0-60.0,
0,45,a9172099-8db8-e911-a2c1-c4346bcb1555,60.0-200.0,
0,31,c3172099-8db8-e911-a2c1-c4346bcb1555,0.0-1.0,
0,31,c3172099-8db8-e911-a2c1-c4346bcb1555,1.0-3.0,
0,31,c3172099-8db8-e911-a2c1-c4346bcb1555,3.0-5.0,
0,31,c3172099-8db8-e911-a2c1-c4346bcb1555,5.0-10.0,
0,31,c3172099-8db8-e911-a2c1-c4346bcb1555,10.0-20.0,
0,31,c3172099-8db8-e911-a2c1-c4346bcb1555,20.0-40.0,134.161
0,31,c3172099-8db8-e911-a2c1-c4346bcb1555,40.0-60.0,
0,31,c3172099-8db8-e911-a2c1-c4346bcb1555,60.0-200.0,
0,12,99172099-8db8-e911-a2c1-c4346bcb1555,0.0-1.0,
0,12,99172099-8db8-e911-a2c1-c4346bcb1555,1.0-3.0,
0,12,99172099-8db8-e911-a2c1-c4346bcb1555,3.0-5.0,
0,12,99172099-8db8-e911-a2c1-c4346bcb1555,5.0-10.0,
0,12,99172099-8db8-e911-a2c1-c4346bcb1555,10.0-20.0,
0,12,99172099-8db8-e911-a2c1-c4346bcb1555,20.0-40.0,132.648
0,12,99172099-8db8-e911-a2c1-c4346bcb1555,40.0-60.0,
0,12,99172099-8db8-e911-a2c1-c4346bcb1555,60.0-200.0,
0,86,e9172099-8db8-e911-a2c1-c4346bcb1555,0.0-1.0,
0,86,e9172099-8db8-e911-a2c1-c4346bcb1555,1.0-3.0,
0,86,e9172099-8db8-e911-a2c1-c4346bcb1555,3.0-5.0,
0,86,e9172099-8db8-e911-a2c1-c4346bcb1555,5.0-10.0,
0,86,e9172099-8db8-e911-a2c1-c4346bcb1555,10.0-20.0,
0,86,e9172099-8db8-e911-a2c1-c4346bcb1555,20.0-40.0,118.263
0,86,e9172099-8db8-e911-a2c1-c4346bcb1555,40.0-60.0,
0,86,e9172099-8db8-e911-a2c1-c4346bcb1555,60.0-200.0,
0,112,9359189f-8db8-e911-a2c1-c4346bcb1555,0.0-1.0,
0,112,9359189f-8db8-e911-a2c1-c4346bcb1555,1.0-3.0,
0,112,9359189f-8db8-e911-a2c1-c4346bcb1555,3.0-5.0,
0,112,9359189f-8db8-e911-a2c1-c4346bcb1555,5.0-10.0,
0,112,9359189f-8db8-e911-a2c1-c4346bcb1555,10.0-20.0,
0,112,9359189f-8db8-e911-a2c1-c4346bcb1555,20.0-40.0,123.649
0,112,9359189f-8db8-e911-a2c1-c4346bcb1555,40.0-60.0,
0,112,9359189f-8db8-e911-a2c1-c4346bcb1555,60.0-200.0,
0,87,ea172099-8db8-e911-a2c1-c4346bcb1555,0.0-1.0,
0,87,ea172099-8db8-e911-a2c1-c4346bcb1555,1.0-3.0,
0,87,ea172099-8db8-e911-a2c1-c4346bcb1555,3.0-5.0,
0,87,ea172099-8db8-e911-a2c1-c4346bcb1555,5.0-10.0,
0,87,ea172099-8db8-e911-a2c1-c4346bcb1555,10.0-20.0,
0,87,ea172099-8db8-e911-a2c1-c4346bcb1555,20.0-40.0,50.7
0,87,ea172099-8db8-e911-a2c1-c4346bcb1555,40.0-60.0,
0,87,ea172099-8db8-e911-a2c1-c4346bcb1555,60.0-200.0,
0,35,c7172099-8db8-e911-a2c1-c4346bcb1555,0.0-1.0,
0,35,c7172099-8db8-e911-a2c1-c4346bcb1555,1.0-3.0,
0,35,c7172099-8db8-e911-a2c1-c4346bcb1555,3.0-5.0,
0,35,c7172099-8db8-e911-a2c1-c4346bcb1555,5.0-10.0,
0,35,c7172099-8db8-e911-a2c1-c4346bcb1555,10.0-20.0,
0,35,c7172099-8db8-e911-a2c1-c4346bcb1555,20.0-40.0,124.707
0,35,c7172099-8db8-e911-a2c1-c4346bcb1555,40.0-60.0,
0,35,c7172099-8db8-e911-a2c1-c4346bcb1555,60.0-200.0,
0,102,f8172099-8db8-e911-a2c1-c4346bcb1555,0.0-1.0,
0,102,f8172099-8db8-e911-a2c1-c4346bcb1555,1.0-3.0,
0,102,f8172099-8db8-e911-a2c1-c4346bcb1555,3.0-5.0,
0,102,f8172099-8db8-e911-a2c1-c4346bcb1555,5.0-10.0,
0,102,f8172099-8db8-e911-a2c1-c4346bcb1555,10.0-20.0,
0,102,f8172099-8db8-e911-a2c1-c4346bcb1555,20.0-40.0,50.909
0,102,f8172099-8db8-e911-a2c1-c4346bcb1555,40.0-60.0,
0,102,f8172099-8db8-e911-a2c1-c4346bcb1555,60.0-200.0,
0,116,9759189f-8db8-e911-a2c1-c4346bcb1555,0.0-1.0,
0,116,9759189f-8db8-e911-a2c1-c4346bcb1555,1.0-3.0,
0,116,9759189f-8db8-e911-a2c1-c4346bcb1555,3.0-5.0,
0,116,9759189f-8db8-e911-a2c1-c4346bcb1555,5.0-10.0,
0,116,9759189f-8db8-e911-a2c1-c4346bcb1555,10.0-20.0,
0,116,9759189f-8db8-e911-a2c1-c4346bcb1555,20.0-40.0,132.29
0,116,9759189f-8db8-e911-a2c1-c4346bcb1555,40.0-60.0,
0,116,9759189f-8db8-e911-a2c1-c4346bcb1555,60.0-200.0,
0,91,ee172099-8db8-e911-a2c1-c4346bcb1555,0.0-1.0,
0,91,ee172099-8db8-e911-a2c1-c4346bcb1555,1.0-3.0,
0,91,ee172099-8db8-e911-a2c1-c4346bcb1555,3.0-5.0,
0,91,ee172099-8db8-e911-a2c1-c4346bcb1555,5.0-10.0,
0,91,ee172099-8db8-e911-a2c1-c4346bcb1555,10.0-20.0,
0,91,ee172099-8db8-e911-a2c1-c4346bcb1555,20.0-40.0,128.02302302302303
0,91,ee172099-8db8-e911-a2c1-c4346bcb1555,40.0-60.0,
0,91,ee172099-8db8-e911-a2c1-c4346bcb1555,60.0-200.0,
0,105,fd172099-8db8-e911-a2c1-c4346bcb1555,0.0-1.0,
0,105,fd172099-8db8-e911-a2c1-c4346bcb1555,1.0-3.0,
0,105,fd172099-8db8-e911-a2c1-c4346bcb1555,3.0-5.0,
0,105,fd172099-8db8-e911-a2c1-c4346bcb1555,5.0-10.0,
0,105,fd172099-8db8-e911-a2c1-c4346bcb1555,10.0-20.0,
0,105,fd172099-8db8-e911-a2c1-c4346bcb1555,20.0-40.0,124.338
0,105,fd172099-8db8-e911-a2c1-c4346bcb1555,40.0-60.0,
0,105,fd172099-8db8-e911-a2c1-c4346bcb1555,60.0-200.0,
0,93,f0172099-8db8-e911-a2c1-c4346bcb1555,0.0-1.0,
0,93,f0172099-8db8-e911-a2c1-c4346bcb1555,1.0-3.0,
0,93,f0172099-8db8-e911-a2c1-c4346bcb1555,3.0-5.0,
0,93,f0172099-8db8-e911-a2c1-c4346bcb1555,5.0-10.0,
0,93,f0172099-8db8-e911-a2c1-c4346bcb1555,10.0-20.0,
0,93,f0172099-8db8-e911-a2c1-c4346bcb1555,20.0-40.0,125.48548548548548
0,93,f0172099-8db8-e911-a2c1-c4346bcb1555,40.0-60.0,
0,93,f0172099-8db8-e911-a2c1-c4346bcb1555,60.0-200.0,
0,82,e5172099-8db8-e911-a2c1-c4346bcb1555,0.0-1.0,
0,82,e5172099-8db8-e911-a2c1-c4346bcb1555,1.0-3.0,
0,82,e5172099-8db8-e911-a2c1-c4346bcb1555,3.0-5.0,
0,82,e5172099-8db8-e911-a2c1-c4346bcb1555,5.0-10.0,
0,82,e5172099-8db8-e911-a2c1-c4346bcb1555,10.0-20.0,
0,82,e5172099-8db8-e911-a2c1-c4346bcb1555,20.0-40.0,141.25225225225225
0,82,e5172099-8db8-e911-a2c1-c4346bcb1555,40.0-60.0,
0,82,e5172099-8db8-e911-a2c1-c4346bcb1555,60.0-200.0,
0,61,9c59189f-8db8-e911-a2c1-c4346bcb1555,0.0-1.0,
0,61,9c59189f-8db8-e911-a2c1-c4346bcb1555,1.0-3.0,
0,61,9c59189f-8db8-e911-a2c1-c4346bcb1555,3.0-5.0,
0,61,9c59189f-8db8-e911-a2c1-c4346bcb1555,5.0-10.0,
0,61,9c59189f-8db8-e911-a2c1-c4346bcb1555,10.0-20.0,
0,61,9c59189f-8db8-e911-a2c1-c4346bcb1555,20.0-40.0,87.542
0,61,9c59189f-8db8-e911-a2c1-c4346bcb1555,40.0-60.0,
0,61,9c59189f-8db8-e911-a2c1-c4346bcb1555,60.0-200.0,
0,97,f4172099-8db8-e911-a2c1-c4346bcb1555,0.0-1.0,
0,97,f4172099-8db8-e911-a2c1-c4346bcb1555,1.0-3.0,
0,97,f4172099-8db8-e911-a2c1-c4346bcb1555,3.0-5.0,
0,97,f4172099-8db8-e911-a2c1-c4346bcb1555,5.0-10.0,
0,97,f4172099-8db8-e911-a2c1-c4346bcb1555,10.0-20.0,
0,97,f4172099-8db8-e911-a2c1-c4346bcb1555,20.0-40.0,45.075
0,97,f4172099-8db8-e911-a2c1-c4346bcb1555,40.0-60.0,
0,97,f4172099-8db8-e911-a2c1-c4346bcb1555,60.0-200.0,
0,77,ac59189f-8db8-e911-a2c1-c4346bcb1555,0.0-1.0,
0,77,ac59189f-8db8-e911-a2c1-c4346bcb1555,1.0-3.0,
0,77,ac59189f-8db8-e911-a2c1-c4346bcb1555,3.0-5.0,
0,77,ac59189f-8db8-e911-a2c1-c4346bcb1555,5.0-10.0,
0,77,ac59189f-8db8-e911-a2c1-c4346bcb1555,10.0-20.0,
0,77,ac59189f-8db8-e911-a2c1-c4346bcb1555,20.0-40.0,56.888
0,77,ac59189f-8db8-e911-a2c1-c4346bcb1555,40.0-60.0,
0,77,ac59189f-8db8-e911-a2c1-c4346bcb1555,60.0-200.0,
0,130,bf59189f-8db8-e911-a2c1-c4346bcb1555,0.0-1.0,
0,130,bf59189f-8db8-e911-a2c1-c4346bcb1555,1.0-3.0,
0,130,bf59189f-8db8-e911-a2c1-c4346bcb1555,3.0-5.0,
0,130,bf59189f-8db8-e911-a2c1-c4346bcb1555,5.0-10.0,
0,130,bf59189f-8db8-e911-a2c1-c4346bcb1555,10.0-20.0,
0,130,bf59189f-8db8-e911-a2c1-c4346bcb1555,20.0-40.0,124.658
0,130,bf59189f-8db8-e911-a2c1-c4346bcb1555,40.0-60.0,
0,130,bf59189f-8db8-e911-a2c1-c4346bcb1555,60.0-200.0,
0,144,c159189f-8db8-e911-a2c1-c4346bcb1555,0.0-1.0,
0,144,c159189f-8db8-e911-a2c1-c4346bcb1555,1.0-3.0,
0,144,c159189f-8db8-e911-a2c1-c4346bcb1555,3.0-5.0,
0,144,c159189f-8db8-e911-a2c1-c4346bcb1555,5.0-10.0,
0,144,c159189f-8db8-e911-a2c1-c4346bcb1555,10.0-20.0,
0,144,c159189f-8db8-e911-a2c1-c4346bcb1555,20.0-40.0,132.047
0,144,c159189f-8db8-e911-a2c1-c4346bcb1555,40.0-60.0,
0,144,c159189f-8db8-e911-a2c1-c4346bcb1555,60.0-200.0,
0,145,c559189f-8db8-e911-a2c1-c4346bcb1555,0.0-1.0,
0,145,c559189f-8db8-e911-a2c1-c4346bcb1555,1.0-3.0,
0,145,c559189f-8db8-e911-a2c1-c4346bcb1555,3.0-5.0,
0,145,c559189f-8db8-e911-a2c1-c4346bcb1555,5.0-10.0,
0,145,c559189f-8db8-e911-a2c1-c4346bcb1555,10.0-20.0,
0,145,c559189f-8db8-e911-a2c1-c4346bcb1555,20.0-40.0,122.003
0,145,c559189f-8db8-e911-a2c1-c4346bcb1555,40.0-60.0,
0,145,c559189f-8db8-e911-a2c1-c4346bcb1555,60.0-200.0,
0,68,a359189f-8db8-e911-a2c1-c4346bcb1555,0.0-1.0,
0,68,a359189f-8db8-e911-a2c1-c4346bcb1555,1.0-3.0,
0,68,a359189f-8db8-e911-a2c1-c4346bcb1555,3.0-5.0,
0,68,a359189f-8db8-e911-a2c1-c4346bcb1555,5.0-10.0,
0,68,a359189f-8db8-e911-a2c1-c4346bcb1555,10.0-20.0,
0,68,a359189f-8db8-e911-a2c1-c4346bcb1555,20.0-40.0,42.841
0,68,a359189f-8db8-e911-a2c1-c4346bcb1555,40.0-60.0,
0,68,a359189f-8db8-e911-a2c1-c4346bcb1555,60.0-200.0,
0,122,b259189f-8db8-e911-a2c1-c4346bcb1555,0.0-1.0,
0,122,b259189f-8db8-e911-a2c1-c4346bcb1555,1.0-3.0,
0,122,b259189f-8db8-e911-a2c1-c4346bcb1555,3.0-5.0,
0,122,b259189f-8db8-e911-a2c1-c4346bcb1555,5.0-10.0,
0,122,b259189f-8db8-e911-a2c1-c4346bcb1555,10.0-20.0,
0,122,b259189f-8db8-e911-a2c1-c4346bcb1555,20.0-40.0,119.15215215215215
0,122,b259189f-8db8-e911-a2c1-c4346bcb1555,40.0-60.0,
0,122,b259189f-8db8-e911-a2c1-c4346bcb1555,60.0-200.0,
0,148,ce59189f-8db8-e911-a2c1-c4346bcb1555,0.0-1.0,
0,148,ce59189f-8db8-e911-a2c1-c4346bcb1555,1.0-3.0,
0,148,ce59189f-8db8-e911-a2c1-c4346bcb1555,3.0-5.0,
0,148,ce59189f-8db8-e911-a2c1-c4346bcb1555,5.0-10.0,
0,148,ce59189f-8db8-e911-a2c1-c4346bcb1555,10.0-20.0,
0,148,ce59189f-8db8-e911-a2c1-c4346bcb1555,20.0-40.0,71.641
0,148,ce59189f-8db8-e911-a2c1-c4346bcb1555,40.0-60.0,
0,148,ce59189f-8db8-e911-a2c1-c4346bcb1555,60.0-200.0,
0,135,c959189f-8db8-e911-a2c1-c4346bcb1555,0.0-1.0,
0,135,c959189f-8db8-e911-a2c1-c4346bcb1555,1.0-3.0,
0,135,c959189f-8db8-e911-a2c1-c4346bcb1555,3.0-5.0,
0,135,c959189f-8db8-e911-a2c1-c4346bcb1555,5.0-10.0,
0,135,c959189f-8db8-e911-a2c1-c4346bcb1555,10.0-20.0,
0,135,c959189f-8db8-e911-a2c1-c4346bcb1555,20.0-40.0,64.538
0,135,c959189f-8db8-e911-a2c1-c4346bcb1555,40.0-60.0,
0,135,c959189f-8db8-e911-a2c1-c4346bcb1555,60.0-200.0,
0,149,d059189f-8db8-e911-a2c1-c4346bcb1555,0.0-1.0,
0,149,d059189f-8db8-e911-a2c1-c4346bcb1555,1.0-3.0,
0,149,d059189f-8db8-e911-a2c1-c4346bcb1555,3.0-5.0,
0,149,d059189f-8db8-e911-a2c1-c4346bcb1555,5.0-10.0,
0,149,d059189f-8db8-e911-a2c1-c4346bcb1555,10.0-20.0,
0,149,d059189f-8db8-e911-a2c1-c4346bcb1555,20.0-40.0,45.508
0,149,d059189f-8db8-e911-a2c1-c4346bcb1555,40.0-60.0,
0,149,d059189f-8db8-e911-a2c1-c4346bcb1555,60.0-200.0,
0,136,ca59189f-8db8-e911-a2c1-c4346bcb1555,0.0-1.0,
0,136,ca59189f-8db8-e911-a2c1-c4346bcb1555,1.0-3.0,
0,136,ca59189f-8db8-e911-a2c1-c4346bcb1555,3.0-5.0,
0,136,ca59189f-8db8-e911-a2c1-c4346bcb1555,5.0-10.0,
0,136,ca59189f-8db8-e911-a2c1-c4346bcb1555,10.0-20.0,
0,136,ca59189f-8db8-e911-a2c1-c4346bcb1555,20.0-40.0,121.464
0,136,ca59189f-8db8-e911-a2c1-c4346bcb1555,40.0-60.0,
0,136,ca59189f-8db8-e911-a2c1-c4346bcb1555,60.0-200.0,
0,72,a759189f-8db8-e911-a2c1-c4346bcb1555,0.0-1.0,
0,72,a759189f-8db8-e911-a2c1-c4346bcb1555,1.0-3.0,
0,72,a759189f-8db8-e911-a2c1-c4346bcb1555,3.0-5.0,
0,72,a759189f-8db8-e911-a2c1-c4346bcb1555,5.0-10.0,
0,72,a759189f-8db8-e911-a2c1-c4346bcb1555,10.0-20.0,
0,72,a759189f-8db8-e911-a2c1-c4346bcb1555,20.0-40.0,131.06
0,72,a759189f-8db8-e911-a2c1-c4346bcb1555,40.0-60.0,
0,72,a759189f-8db8-e911-a2c1-c4346bcb1555,60.0-200.0,
0,125,b659189f-8db8-e911-a2c1-c4346bcb1555,0.0-1.0,
0,125,b659189f-8db8-e911-a2c1-c4346bcb1555,1.0-3.0,
0,125,b659189f-8db8-e911-a2c1-c4346bcb1555,3.0-5.0,
0,125,b659189f-8db8-e911-a2c1-c4346bcb1555,5.0-10.0,
0,125,b659189f-8db8-e911-a2c1-c4346bcb1555,10.0-20.0,
0,125,b659189f-8db8-e911-a2c1-c4346bcb1555,20.0-40.0,123.427
0,125,b659189f-8db8-e911-a2c1-c4346bcb1555,40.0-60.0,
0,125,b659189f-8db8-e911-a2c1-c4346bcb1555,60.0-200.0,
0,153,d459189f-8db8-e911-a2c1-c4346bcb1555,0.0-1.0,
0,153,d459189f-8db8-e911-a2c1-c4346bcb1555,1.0-3.0,
0,153,d459189f-8db8-e911-a2c1-c4346bcb1555,3.0-5.0,
0,153,d459189f-8db8-e911-a2c1-c4346bcb1555,5.0-10.0,
0,153,d459189f-8db8-e911-a2c1-c4346bcb1555,10.0-20.0,
0,153,d459189f-8db8-e911-a2c1-c4346bcb1555,20.0-40.0,62.374
0,153,d459189f-8db8-e911-a2c1-c4346bcb1555,40.0-60.0,
0,153,d459189f-8db8-e911-a2c1-c4346bcb1555,60.0-200.0,
0,142,bb59189f-8db8-e911-a2c1-c4346bcb1555,0.0-1.0,
0,142,bb59189f-8db8-e911-a2c1-c4346bcb1555,1.0-3.0,
0,142,bb59189f-8db8-e911-a2c1-c4346bcb1555,3.0-5.0,
0,142,bb59189f-8db8-e911-a2c1-c4346bcb1555,5.0-10.0,
0,142,bb59189f-8db8-e911-a2c1-c4346bcb1555,10.0-20.0,
0,142,bb59189f-8db8-e911-a2c1-c4346bcb1555,20.0-40.0,128.952
0,142,bb59189f-8db8-e911-a2c1-c4346bcb1555,40.0-60.0,
0,142,bb59189f-8db8-e911-a2c1-c4346bcb1555,60.0-200.0,
0,157,d859189f-8db8-e911-a2c1-c4346bcb1555,0.0-1.0,
0,157,d859189f-8db8-e911-a2c1-c4346bcb1555,1.0-3.0,
0,157,d859189f-8db8-e911-a2c1-c4346bcb1555,3.0-5.0,
0,157,d859189f-8db8-e911-a2c1-c4346bcb1555,5.0-10.0,
0,157,d859189f-8db8-e911-a2c1-c4346bcb1555,10.0-20.0,
0,157,d859189f-8db8-e911-a2c1-c4346bcb1555,20.0-40.0,45.355
0,157,d859189f-8db8-e911-a2c1-c4346bcb1555,40.0-60.0,
0,157,d859189f-8db8-e911-a2c1-c4346bcb1555,60.0-200.0,
0,183,f259189f-8db8-e911-a2c1-c4346bcb1555,0.0-1.0,
0,183,f259189f-8db8-e911-a2c1-c4346bcb1555,1.0-3.0,
0,183,f259189f-8db8-e911-a2c1-c4346bcb1555,3.0-5.0,
0,183,f259189f-8db8-e911-a2c1-c4346bcb1555,5.0-10.0,
0,183,f259189f-8db8-e911-a2c1-c4346bcb1555,10.0-20.0,
0,183,f259189f-8db8-e911-a2c1-c4346bcb1555,20.0-40.0,61.906
0,183,f259189f-8db8-e911-a2c1-c4346bcb1555,40.0-60.0,
0,183,f259189f-8db8-e911-a2c1-c4346bcb1555,60.0-200.0,
0,196,ff59189f-8db8-e911-a2c1-c4346bcb1555,0.0-1.0,
0,196,ff59189f-8db8-e911-a2c1-c4346bcb1555,1.0-3.0,
0,196,ff59189f-8db8-e911-a2c1-c4346bcb1555,3.0-5.0,
0,196,ff59189f-8db8-e911-a2c1-c4346bcb1555,5.0-10.0,
0,196,ff59189f-8db8-e911-a2c1-c4346bcb1555,10.0-20.0,
0,196,ff59189f-8db8-e911-a2c1-c4346bcb1555,20.0-40.0,78.90280561122245
0,196,ff59189f-8db8-e911-a2c1-c4346bcb1555,40.0-60.0,
0,196,ff59189f-8db8-e911-a2c1-c4346bcb1555,60.0-200.0,
0,197,005a189f-8db8-e911-a2c1-c4346bcb1555,0.0-1.0,
0,197,005a189f-8db8-e911-a2c1-c4346bcb1555,1.0-3.0,
0,197,005a189f-8db8-e911-a2c1-c4346bcb1555,3.0-5.0,
0,197,005a189f-8db8-e911-a2c1-c4346bcb1555,5.0-10.0,
0,197,005a189f-8db8-e911-a2c1-c4346bcb1555,10.0-20.0,
0,197,005a189f-8db8-e911-a2c1-c4346bcb1555,20.0-40.0,84.34869739478958
0,197,005a189f-8db8-e911-a2c1-c4346bcb1555,40.0-60.0,
0,197,005a189f-8db8-e911-a2c1-c4346bcb1555,60.0-200.0,
0,172,e759189f-8db8-e911-a2c1-c4346bcb1555,0.0-1.0,
0,172,e759189f-8db8-e911-a2c1-c4346bcb1555,1.0-3.0,
0,172,e759189f-8db8-e911-a2c1-c4346bcb1555,3.0-5.0,
0,172,e759189f-8db8-e911-a2c1-c4346bcb1555,5.0-10.0,
0,172,e759189f-8db8-e911-a2c1-c4346bcb1555,10.0-20.0,
0,172,e759189f-8db8-e911-a2c1-c4346bcb1555,20.0-40.0,127.64364364364364
0,172,e759189f-8db8-e911-a2c1-c4346bcb1555,40.0-60.0,
0,172,e759189f-8db8-e911-a2c1-c4346bcb1555,60.0-200.0,
0,187,f659189f-8db8-e911-a2c1-c4346bcb1555,0.0-1.0,
0,187,f659189f-8db8-e911-a2c1-c4346bcb1555,1.0-3.0,
0,187,f659189f-8db8-e911-a2c1-c4346bcb1555,3.0-5.0,
0,187,f659189f-8db8-e911-a2c1-c4346bcb1555,5.0-10.0,
0,187,f659189f-8db8-e911-a2c1-c4346bcb1555,10.0-20.0,
0,187,f659189f-8db8-e911-a2c1-c4346bcb1555,20.0-40.0,131.98
0,187,f659189f-8db8-e911-a2c1-c4346bcb1555,40.0-60.0,
0,187,f659189f-8db8-e911-a2c1-c4346bcb1555,60.0-200.0,
0,162,dd59189f-8db8-e911-a2c1-c4346bcb1555,0.0-1.0,
0,162,dd59189f-8db8-e911-a2c1-c4346bcb1555,1.0-3.0,
0,162,dd59189f-8db8-e911-a2c1-c4346bcb1555,3.0-5.0,
0,162,dd59189f-8db8-e911-a2c1-c4346bcb1555,5.0-10.0,
0,162,dd59189f-8db8-e911-a2c1-c4346bcb1555,10.0-20.0,
0,162,dd59189f-8db8-e911-a2c1-c4346bcb1555,20.0-40.0,131.105
0,162,dd59189f-8db8-e911-a2c1-c4346bcb1555,40.0-60.0,
0,162,dd59189f-8db8-e911-a2c1-c4346bcb1555,60.0-200.0,
0,177,ec59189f-8db8-e911-a2c1-c4346bcb1555,0.0-1.0,
0,177,ec59189f-8db8-e911-a2c1-c4346bcb1555,1.0-3.0,
0,177,ec59189f-8db8-e911-a2c1-c4346bcb1555,3.0-5.0,
0,177,ec59189f-8db8-e911-a2c1-c4346bcb1555,5.0-10.0,
0,177,ec59189f-8db8-e911-a2c1-c4346bcb1555,10.0-20.0,
0,177,ec59189f-8db8-e911-a2c1-c4346bcb1555,20.0-40.0,73.44744744744744
0,177,ec59189f-8db8-e911-a2c1-c4346bcb1555,40.0-60.0,
0,177,ec59189f-8db8-e911-a2c1-c4346bcb1555,60.0-200.0,
0,192,fb59189f-8db8-e911-a2c1-c4346bcb1555,0.0-1.0,
0,192,fb59189f-8db8-e911-a2c1-c4346bcb1555,1.0-3.0,
0,192,fb59189f-8db8-e911-a2c1-c4346bcb1555,3.0-5.0,
0,192,fb59189f-8db8-e911-a2c1-c4346bcb1555,5.0-10.0,
0,192,fb59189f-8db8-e911-a2c1-c4346bcb1555,10.0-20.0,
0,192,fb59189f-8db8-e911-a2c1-c4346bcb1555,20.0-40.0,40.027
0,192,fb59189f-8db8-e911-a2c1-c4346bcb1555,40.0-60.0,
0,192,fb59189f-8db8-e911-a2c1-c4346bcb1555,60.0-200.0,
0,168,e359189f-8db8-e911-a2c1-c4346bcb1555,0.0-1.0,
0,168,e359189f-8db8-e911-a2c1-c4346bcb1555,1.0-3.0,
0,168,e359189f-8db8-e911-a2c1-c4346bcb1555,3.0-5.0,
0,168,e359189f-8db8-e911-a2c1-c4346bcb1555,5.0-10.0,
0,168,e359189f-8db8-e911-a2c1-c4346bcb1555,10.0-20.0,
0,168,e359189f-8db8-e911-a2c1-c4346bcb1555,20.0-40.0,118.159
0,168,e359189f-8db8-e911-a2c1-c4346bcb1555,40.0-60.0,
0,168,e359189f-8db8-e911-a2c1-c4346bcb1555,60.0-200.0,
