Sample_Id,Sample,Biological_Age_Immune_Coefficient_PPP,Biological_Age_Immune_Coefficient_TM,Cumulative_Exposure_Immune_Coefficient_PPP,Cumulative_Exposure_Immune_Coefficient_TM,Scale_Factor_Age_a,Scale_Factor_Age_b,Scale_Factor_Cum_Exp_shape,Concurrent_Infections_c,Wave_Vs_Infection_Relative_Weight,Parasite_Density_Wave_Sigma
454ec13b-653d-ea11-a2c3-c4346bcb1551.000000,0,3.287199761845823,1.816019840835615,9.899680235066223,0.3436760558629579,4.468852884150295,0.2441600016326252,89.15029118945324,26.71761197879323,80.11745971014535,4.618427794309317
454ec13b-653d-ea11-a2c3-c4346bcb1551.000001,1,4.469498444094772,1.204604097060363,14.52682696215392,0.07848099851617027,3.559455149636782,0.2654025822427125,90.20187413098553,23.02245414083735,77.48494221371428,4.99245091610766
454ec13b-653d-ea11-a2c3-c4346bcb1551.000002,2,6.382551368716572,0.8346336644793707,6.021660932126339,0.2335576888308905,3.107355173271619,0.2832471884381672,47.14215440614026,21.68721761028442,35.04134804251152,5.29036677102498
454ec13b-653d-ea11-a2c3-c4346bcb1551.000003,3,7.658900497635209,0.168441738291179,6.401751396793694,0.4755389335956606,3.741272838829043,0.2536367225037308,55.27084221293208,26.30985822601457,62.97853753274735,4.301374962947978
454ec13b-653d-ea11-a2c3-c4346bcb1551.000004,4,6.743703387974806,0.842667394396459,8.868499612143308,1.712172157371747,3.891730009692599,0.2601229438693985,75.89586497038928,25.77546901074535,41.38862922202394,5.468617768005551
454ec13b-653d-ea11-a2c3-c4346bcb1551.000005,5,18.57036641028139,0.02241367565497474,19.45512169151953,0.2922399461254926,4.803380867532894,0.1295660477147052,87.62907257306122,20.90871306835078,64.22165421967212,4.799586444474056
454ec13b-653d-ea11-a2c3-c4346bcb1551.000006,6,14.56508250565843,0.1099050220612041,9.146756833844895,0.430662076340557,4.667188827267036,0.1704214361787471,90.80313172024255,24.72711035927041,5.605908052254845,5.764839970737208
454ec13b-653d-ea11-a2c3-c4346bcb1551.000007,7,14.83067350372244,1.051981187914368,9.440006814052378,1.839325312322736,4.037610960855936,0.1757780630636292,29.07090213994276,26.76479962403156,2.228278209601509,5.266192281906238
454ec13b-653d-ea11-a2c3-c4346bcb1551.000008,8,3.339746931627119,1.705060156949442,13.73965457089324,0.08914060829989541,3.238859942815923,0.1456295320348398,21.06969807884994,22.79783509232983,13.05392619320518,5.019481751451161
454ec13b-653d-ea11-a2c3-c4346bcb1551.000009,9,2.34359780642811,1.977721663985877,7.341323939156754,0.8852228142594829,4.283764382107648,0.1519652168597124,98.5537519157762,26.97057978750635,3.004967222779214,5.940494518430842
454ec13b-653d-ea11-a2c3-c4346bcb1551.000010,10,7.820137203710649,0.9751000107654784,6.522108074110939,1.644838322078798,3.129518570689977,0.2325132423696923,35.99719501426127,28.93938543441556,46.176750439987,5.959264991505817
454ec13b-653d-ea11-a2c3-c4346bcb1551.000011,11,19.6987032826899,1.436095561989117,10.72183848401383,0.9639901327989642,4.849892749433378,0.1473292443197592,26.5162560361156,20.10928742095798,9.610897508271762,5.973450580494487
454ec13b-653d-ea11-a2c3-c4346bcb1551.000012,12,19.59906396705214,0.9592521470550862,8.027529459782262,1.900087137298468,3.569758908420905,0.278406483708889,12.56452044630809,20.66812554541814,20.22370243549706,3.142331026709022
454ec13b-653d-ea11-a2c3-c4346bcb1551.000013,13,0.7553942103142498,1.862548395366231,9.59791118534884,1.6401243644211,3.711830105612823,0.1527405632647309,80.2587186662522,27.98730604830864,45.90618432976307,5.838987624393416
454ec13b-653d-ea11-a2c3-c4346bcb1551.000014,14,1.112198445447284,0.7401142986699728,12.22973081870222,0.5037147882584313,3.853480733004357,0.2639794831380156,69.54263321695659,29.54298237097619,92.88002592609591,5.880890335087868
454ec13b-653d-ea11-a2c3-c4346bcb1551.000015,15,6.601906337041429,1.145336350628596,17.91105437025417,0.3236286979358806,4.259890120243519,0.1967790682742583,13.43031534824645,25.75566527847581,48.00093623585388,5.75916472483413
454ec13b-653d-ea11-a2c3-c4346bcb1551.000016,16,10.30507285660647,1.034358387938128,9.557333746683634,1.897659071588277,3.303749619840315,0.2045740694417916,82.85789787857611,23.30110663682103,83.40935158501047,3.887410927333941
454ec13b-653d-ea11-a2c3-c4346bcb1551.000017,17,8.767099893504701,1.298232118726868,8.2929197209331,0.3983077602891012,4.204359829854667,0.2881588508408851,52.10177713276438,22.04609419880861,6.205111367768679,5.625676305354882
454ec13b-653d-ea11-a2c3-c4346bcb1551.000018,18,2.730341124405508,0.3926356292953439,3.585808121408747,0.3258668879227369,4.050037395686107,0.1312313082434516,72.53377756633124,25.88336635154499,76.62817939564343,5.607684082299789
454ec13b-653d-ea11-a2c3-c4346bcb1551.000019,19,13.80230277273323,0.561372806521423,16.73418126715172,1.842079547787915,3.481182993061906,0.1976716033484393,45.81482844520467,23.01645070288638,91.28964622692088,4.348446289462664
454ec13b-653d-ea11-a2c3-c4346bcb1551.000020,20,5.604557088653338,0.657702046294783,7.011049544608606,0.5587419801656486,3.888598342640056,0.1722639758775314,20.94826864242356,26.69050872425338,31.82132376431311,4.547835422899291
454ec13b-653d-ea11-a2c3-c4346bcb1551.000021,21,4.877192773745215,0.517383121241176,4.553593251525468,0.6258314017982183,3.998474431365124,0.2094125638587744,63.43945655689579,23.79332286843953,6.111020542597506,4.31142731481623
454ec13b-653d-ea11-a2c3-c4346bcb1551.000022,22,2.469736186757069,1.639866667763006,6.970037492028648,0.5561936953182293,3.526267717627467,0.2079546685297762,86.19111591768029,23.81794241404197,55.46626076351975,5.787555352129014
454ec13b-653d-ea11-a2c3-c4346bcb1551.000023,23,11.3561085351205,0.8008158232616422,10.99825562429719,1.66197781429801,4.119496385153935,0.1681048977744709,64.1398495712153,24.31955606813334,75.14374475565874,5.17527942313434
454ec13b-653d-ea11-a2c3-c4346bcb1551.000024,24,0.6100734400956802,1.12412290674083,7.42844385975059,1.637427753598773,3.404616229458147,0.2900451010496148,92.28196701851203,27.42303338852094,4.286473254976691,4.776038399570132
454ec13b-653d-ea11-a2c3-c4346bcb1551.000025,25,7.747520262345847,1.093766864206304,11.13136742814328,0.4535623910088633,3.784792302072976,0.2647182643383654,87.93527525163474,29.925447610615,65.8462079380639,5.39103442106608
454ec13b-653d-ea11-a2c3-c4346bcb1551.000026,26,16.27069024363697,0.521631998590896,12.64333574157381,0.3216210977048552,3.634499144586323,0.1349446558079173,11.01746569912228,29.12378958885854,14.53413121177429,5.054405687350795
454ec13b-653d-ea11-a2c3-c4346bcb1551.000027,27,12.17180829013365,1.672586222560325,15.21792670762964,0.1202897275035234,3.838931094409274,0.1695985649424661,78.3828796000553,22.58325747955461,95.22677625525478,5.238631350379209
454ec13b-653d-ea11-a2c3-c4346bcb1551.000028,28,12.77693577777056,0.3860196023552251,8.809500785849343,1.63151491582282,4.185285389059169,0.214980613947979,37.60430013846574,21.42658325963986,29.52624545149709,4.752854115842537
454ec13b-653d-ea11-a2c3-c4346bcb1551.000029,29,9.144938863161434,0.1731729886680277,11.55502953122601,0.5559691332123325,3.471872926123786,0.1248858668114204,14.98244364404657,25.02451615596645,85.98995227513934,4.854292802774096
454ec13b-653d-ea11-a2c3-c4346bcb1551.000030,30,10.64820159839021,0.7900654813379635,5.041555333678395,0.07339282195485204,3.428496035390798,0.2660817252144604,36.36753097489957,29.07645437700817,65.26946980800435,2.997999651537514
454ec13b-653d-ea11-a2c3-c4346bcb1551.000031,31,19.05486212356129,0.9334831390000964,19.60204194249182,0.4354861564892717,3.808384914600418,0.1341308660333195,85.68426611512844,22.64838485807466,96.79502111104988,4.717078369357742
454ec13b-653d-ea11-a2c3-c4346bcb1551.000032,32,4.139621772573554,1.916205207091963,3.473052155704417,0.5260708665088375,3.389919043982265,0.2882764268375123,78.65407215386622,28.03808747631969,49.12313995221019,5.896389245477349
454ec13b-653d-ea11-a2c3-c4346bcb1551.000033,33,6.699086879358171,1.460604098528397,10.38648300478216,1.326748474201341,4.649734042415433,0.1250319665483393,96.91631166652733,22.22501406671812,88.62090400940367,5.72587565728848
454ec13b-653d-ea11-a2c3-c4346bcb1551.000034,34,13.18610833518248,0.02420488415004886,7.523717404171411,0.7204745282801672,3.016338513161941,0.1534989748790451,36.84701845297366,20.08756296505188,71.20815810729103,4.243679178056636
454ec13b-653d-ea11-a2c3-c4346bcb1551.000035,35,8.843267285215045,1.016225607253699,9.163622118649764,0.688215951209335,4.740193817153534,0.26581798365147,68.5529774715571,27.23159843205327,95.58367672766357,5.529665390990159
454ec13b-653d-ea11-a2c3-c4346bcb1551.000036,36,11.94983179731068,0.9958712716179381,13.90255294312933,0.3615906537710111,3.816387235229826,0.2103328193741714,63.37650088547199,27.08699924558435,25.48392132482158,5.999186742138772
454ec13b-653d-ea11-a2c3-c4346bcb1551.000037,37,10.85791052443538,0.7304355780253314,11.00205698884938,0.4834021748223151,3.228844344533496,0.2616167299458272,21.73934691773,25.67710782287672,63.49134159975461,5.320737980882789
454ec13b-653d-ea11-a2c3-c4346bcb1551.000038,38,19.63917793836442,1.770771946429564,10.26486548073165,0.5401349358325671,3.397256250328168,0.212592292781728,70.61318832847033,20.8420341216057,77.25678429242619,5.134972129846068
454ec13b-653d-ea11-a2c3-c4346bcb1551.000039,39,13.87070250760742,1.684096855573411,8.148572075380073,0.7938398640682148,4.173223305053824,0.2545480302320616,23.29879891935652,21.97266269893085,46.64879950586699,4.870254955160675
454ec13b-653d-ea11-a2c3-c4346bcb1551.000040,40,11.10806231797461,0.5877634716635157,7.823710621326089,1.913369907456644,4.2313982444969,0.1184454450199108,20.07887646795011,20.19518632668149,76.09925898424004,4.108055073891151
454ec13b-653d-ea11-a2c3-c4346bcb1551.000041,41,12.39474758315259,1.611523349855914,17.33733280781817,1.828819163575923,3.660251108812524,0.20122106393211,81.69343754120337,22.28065229447483,85.36897163986545,4.638175081087166
454ec13b-653d-ea11-a2c3-c4346bcb1551.000042,42,3.428959707474906,0.5958720346563985,11.03003892842534,0.2956329867420643,3.344674756468317,0.2807066268066943,21.48396728473837,24.06455517141933,54.00290531068011,5.750089051770151
454ec13b-653d-ea11-a2c3-c4346bcb1551.000043,43,17.37164547661887,0.3157578777498097,9.181501534766472,0.06825207752799778,4.208807034803778,0.2511333963957043,59.76093083775279,26.89436962481189,53.4162061805026,4.331611709657903
454ec13b-653d-ea11-a2c3-c4346bcb1551.000044,44,16.00445499517796,1.206662038626414,16.31860214077832,0.01851396867400282,4.514073228287213,0.2732282282654297,91.76207955753483,29.05347040919874,63.28280777323819,5.634409209298116
454ec13b-653d-ea11-a2c3-c4346bcb1551.000045,45,7.44419856503503,0.2533082707385279,14.72659637215275,0.04468709971355149,3.713763098618549,0.14347155627162,38.02670620387865,22.2592229659074,10.12074764891793,4.155468690329672
454ec13b-653d-ea11-a2c3-c4346bcb1551.000046,46,2.258145136883615,1.407938111175175,14.60979814889383,1.011384735234506,3.269296760398093,0.1065533493845725,87.22540135575879,23.29903367826725,67.16390173897891,5.834646189032964
454ec13b-653d-ea11-a2c3-c4346bcb1551.000047,47,7.693510165077449,1.328483200619748,18.36089722133442,0.1462874084843013,3.449094214354393,0.2563359018028442,56.25929365703931,26.54949796603446,36.38130642960057,5.569559542842882
454ec13b-653d-ea11-a2c3-c4346bcb1551.000048,48,18.67563125410792,1.150978218475068,10.87452744553552,0.3797777000118581,4.875222357475706,0.2799664149880511,84.31102748349876,26.01628964418436,37.66080026417541,5.381245263952458
454ec13b-653d-ea11-a2c3-c4346bcb1551.000049,49,16.87990144561215,0.8874504442784191,19.49270811899748,1.855492932684923,3.530616180899776,0.2203884697658358,80.40956480976884,20.92224482558877,13.47120359019702,5.279069308737516
454ec13b-653d-ea11-a2c3-c4346bcb1551.000050,50,15.2901826405922,0.5776708965087249,16.05874318575765,0.1022045283800922,4.721616248839104,0.299274398448261,81.01721930513895,23.90344608120033,43.3109868149189,5.311304022244474
454ec13b-653d-ea11-a2c3-c4346bcb1551.000051,51,18.84288533502855,0.08434874676307509,14.51734197885317,1.596916707737796,3.094587784788069,0.2107119092343358,63.66185014316482,22.98540098543435,18.64706561353897,5.9716206361202
454ec13b-653d-ea11-a2c3-c4346bcb1551.000052,52,18.17905581153286,0.1504348748504337,9.233991140365324,1.692398609662228,4.455144941621263,0.149890536047596,90.37188112981951,21.01189110358645,52.33607549136274,2.179096767667691
454ec13b-653d-ea11-a2c3-c4346bcb1551.000053,53,4.854958024553079,1.357120554797032,12.28782186396632,1.308227469358874,3.436430075830372,0.1823657177271355,87.44213400765248,25.38789729940831,33.17959110877009,5.692277450966714
454ec13b-653d-ea11-a2c3-c4346bcb1551.000054,54,18.69454859824873,0.6473969876501003,12.33948467992737,1.074639918290277,4.784525158101353,0.1685403461134782,65.4620448355312,22.35018151694385,94.56308654993275,5.039706909239646
454ec13b-653d-ea11-a2c3-c4346bcb1551.000055,55,11.79720430011289,0.4980102515648694,4.476930823829441,0.3335954211618262,3.317048295671894,0.2738733602225454,40.11660393676808,29.27242054476591,44.57400473383971,3.40702209241466
454ec13b-653d-ea11-a2c3-c4346bcb1551.000056,56,18.51405552552687,0.144613725584951,8.637509994912168,0.4417651454029433,3.759238996190424,0.240562023889129,85.9479500477983,26.78064613352381,29.19595105506072,4.86483331727454
454ec13b-653d-ea11-a2c3-c4346bcb1551.000057,57,8.708888311583735,0.614979952074514,10.65436222414402,0.1246522541305009,3.264133598081544,0.1801344972473834,40.430288085121,21.9137907326251,17.15933344201849,3.338875016914442
454ec13b-653d-ea11-a2c3-c4346bcb1551.000058,58,3.26816244389915,1.001366214932957,14.38982078693103,0.03810903159401533,4.361724241602143,0.124638858215632,46.79002117694416,20.1167041420628,35.3199573902348,5.078872057586134
454ec13b-653d-ea11-a2c3-c4346bcb1551.000059,59,15.77550494758861,1.967434342982686,10.11114587010901,0.8919245260136637,3.682997676340127,0.1634479518041075,83.18536244312082,23.7496096056214,63.99163189614694,4.587159923115589
454ec13b-653d-ea11-a2c3-c4346bcb1551.000060,60,5.323939217053643,1.623641595215369,7.542885141341904,1.866747138554382,3.883337728764291,0.1017568284691053,90.68093748141717,20.03536780146969,57.32735587113059,5.194546778262336
454ec13b-653d-ea11-a2c3-c4346bcb1551.000061,61,14.93087559817546,0.1132360866157291,14.83934597883773,0.2004470840414015,4.333453841674964,0.1884010695023179,75.94912749770904,25.78705913402344,43.67854366362324,5.463586564940149
454ec13b-653d-ea11-a2c3-c4346bcb1551.000062,62,18.99607046016149,0.6438944921108164,12.95515132905475,1.819146772117365,4.355498552809427,0.2222838023944152,76.39176862317666,21.06425448598347,20.90121290024068,5.354233618924094
454ec13b-653d-ea11-a2c3-c4346bcb1551.000063,63,6.297605466327679,0.2125565564354363,15.19183702314722,0.5287116929745028,3.0987928046707,0.1074042929106988,78.4257790526547,20.98632817739362,62.1812633561952,4.61328417045499
454ec13b-653d-ea11-a2c3-c4346bcb1551.000064,64,15.66775607908729,0.2016284389053995,7.768416435165824,1.082484373567757,4.166479829011928,0.1783068175797214,62.12809428671645,21.35344259017796,65.74612677261743,2.124283131096836
454ec13b-653d-ea11-a2c3-c4346bcb1551.000065,65,1.162790631233504,0.3572021242046625,5.402786085354543,0.8826468600185334,4.989421373981624,0.2263328706788822,95.0672609700302,20.4514183925091,54.64361190618932,5.307636722862522
454ec13b-653d-ea11-a2c3-c4346bcb1551.000066,66,2.489668699578502,1.154444770089332,4.795889885650078,0.4968365663158807,3.789594683949895,0.1163808872543161,4.553313837917879,21.10848335541753,95.93017358076668,3.618601453931365
454ec13b-653d-ea11-a2c3-c4346bcb1551.000067,67,5.899922221777743,0.7215673362211054,10.02057942102681,1.229634518822244,3.200326709107586,0.2292017017263129,94.94483816086756,25.66582382700684,25.38782937342214,5.206326879663365
454ec13b-653d-ea11-a2c3-c4346bcb1551.000068,68,11.92771987426378,1.650898687443573,14.20411997540109,0.2258474863267745,3.139007274143307,0.2623122021590014,92.73601808198211,22.03108780031477,70.5244229605368,5.253578595094957
454ec13b-653d-ea11-a2c3-c4346bcb1551.000069,69,7.373022978394076,1.804234636095684,7.483379875427066,0.1182671659911013,4.939939096616135,0.2385891447134178,72.80869882879598,25.99022570243556,26.79947190735931,5.06772568803458
454ec13b-653d-ea11-a2c3-c4346bcb1551.000070,70,8.530979348319542,0.1179106037334286,6.139875238427337,0.303479705318059,3.023104996969829,0.1406945227972439,93.70017735695602,20.56160770894262,87.21725965687503,3.059037838851677
454ec13b-653d-ea11-a2c3-c4346bcb1551.000071,71,19.41325652326355,1.708427904925452,8.408749455366145,0.1624299246482169,4.256379958595744,0.2662774985585659,33.15356800816823,25.48606908615197,85.63832457704255,4.641882747917191
454ec13b-653d-ea11-a2c3-c4346bcb1551.000072,72,0.4373194161488657,1.633732895403951,14.02740623462549,0.01707208696026997,4.964150477745506,0.1320831349007346,94.01659424769196,23.36553299151347,47.11189303502068,4.67828034170098
454ec13b-653d-ea11-a2c3-c4346bcb1551.000073,73,17.48423611211398,0.09226753301075812,11.26420222204858,0.7636652372385213,4.095928943478264,0.1689929001845304,17.69994369511532,23.13811320753702,24.7683692633087,5.85500348559385
454ec13b-653d-ea11-a2c3-c4346bcb1551.000074,74,13.00837909807447,0.6043643876758837,9.312463428423223,0.9863280094436004,4.106098930060338,0.165556644805431,55.605362622344,23.84784379183444,36.00193696308729,4.736660342684387
454ec13b-653d-ea11-a2c3-c4346bcb1551.000075,75,4.103612151977464,1.064170563186805,9.750487031145152,0.4737347557523571,4.493237685428288,0.1000719210163727,48.85264263381053,21.96152907067333,18.20797541288455,4.064483600449259
454ec13b-653d-ea11-a2c3-c4346bcb1551.000076,76,6.515976485287688,1.475693987405471,8.063557582495122,0.8254170401630901,3.152968803212353,0.1606929776938612,85.6024222093529,25.09408077064141,61.6989563379211,4.547138037433984
454ec13b-653d-ea11-a2c3-c4346bcb1551.000077,77,17.70778515432181,1.592298740817161,10.29458957175092,1.607176916205194,3.599700790410017,0.1055689908370847,61.51198977865436,23.1794124137242,72.88874824484743,3.451887105587592
454ec13b-653d-ea11-a2c3-c4346bcb1551.000078,78,10.48386123653747,1.702434643058844,8.70911582471653,0.1271294245693522,4.562711309402382,0.1998100895286714,1.054115413507795,25.54242118902435,81.09702536867252,5.926970096555707
454ec13b-653d-ea11-a2c3-c4346bcb1551.000079,79,7.206304816951594,0.7246234639865908,17.94488452084867,0.354897288929043,3.737572869147862,0.2023163249869641,76.4901121023819,21.22292830003324,41.63821027475848,4.377030360924129
454ec13b-653d-ea11-a2c3-c4346bcb1551.000080,80,11.29101436135583,0.1368959287100524,8.469053373772427,0.5247926582941952,4.033294753644341,0.299138307484308,86.94296705205393,28.46563613520717,80.3584984781415,5.581340194276422
454ec13b-653d-ea11-a2c3-c4346bcb1551.000081,81,6.86951070595898,1.220369619149643,5.975922621629182,0.8503798415671079,3.959667130042627,0.1274342082808569,65.71321815388637,29.7505746774106,26.35352672599977,5.345007998891433
454ec13b-653d-ea11-a2c3-c4346bcb1551.000082,82,2.58570091900936,0.5419679219773734,12.71624039526433,0.1705735856524205,3.245915854581343,0.2304158894438363,50.61707159657195,29.70287442446466,92.49476533580116,5.523604017697968
454ec13b-653d-ea11-a2c3-c4346bcb1551.000083,83,19.21136159369919,0.4649716188692938,16.98214013379052,0.9707413836161236,3.884234146536541,0.1138004779206858,77.63426763118991,22.29715001665545,75.93904081164922,5.395795378467171
454ec13b-653d-ea11-a2c3-c4346bcb1551.000084,84,6.81660410705744,0.728148942132718,3.224805269027788,0.06191371406394132,3.954512787826056,0.2801329948744934,90.60112237949615,26.39485748909637,98.66646494458843,1.594325876256392
454ec13b-653d-ea11-a2c3-c4346bcb1551.000085,85,1.496111991815475,1.31169112999749,15.25338944849152,0.3005344876007783,4.448386859725028,0.2932343082668588,96.29289680368494,25.46916596153577,35.96786441825363,5.254909526125765
454ec13b-653d-ea11-a2c3-c4346bcb1551.000086,86,10.79292951437461,0.2198219408581925,9.252750184423666,1.576321249335016,3.62138785941006,0.1379540484291152,14.74463810708498,20.57108586913932,49.75899953608814,3.387483069606341
454ec13b-653d-ea11-a2c3-c4346bcb1551.000087,87,3.454128369336267,1.343841332048728,17.22959890004982,0.3778697520470252,4.138752122079415,0.1463879042822429,53.53459411209965,21.24551857054853,31.28904999634865,5.791852082755991
454ec13b-653d-ea11-a2c3-c4346bcb1551.000088,88,16.65690485374669,0.339630332274529,10.16132444949891,0.1811251136828804,3.322871918366619,0.2694391430405257,43.43527783594195,29.24438480919628,33.65716481112319,5.296647556532961
454ec13b-653d-ea11-a2c3-c4346bcb1551.000089,89,17.03501605276714,0.9203851339513082,8.539789688211922,0.6997600530480921,3.28472282402151,0.2027485635401781,5.466249461281611,21.74254380861389,45.03839731490852,4.522803802230948
454ec13b-653d-ea11-a2c3-c4346bcb1551.000090,90,16.94196639383269,1.36608775975159,17.06079893092546,0.3963627249574684,3.057325363258506,0.1417988038846522,61.89052367644302,27.13144236110165,40.96491605081285,5.501002906620944
454ec13b-653d-ea11-a2c3-c4346bcb1551.000091,91,18.75320739430477,0.2651096102966525,16.42883080914608,0.4069596789234992,4.496334227136532,0.1878233890228747,83.23526087497685,20.73207185766228,63.79147288644524,5.620772187996473
454ec13b-653d-ea11-a2c3-c4346bcb1551.000092,92,13.13216732280547,1.091957985059021,7.667702174504393,0.1102059677816397,4.947915050631602,0.2343477339148603,2.033037253789844,29.42663018908987,96.57590994592353,5.691805725584188
454ec13b-653d-ea11-a2c3-c4346bcb1551.000093,93,7.891979777167056,0.09031965212511889,9.359982751114227,1.11683323833267,3.67571584168082,0.1280550387070005,70.3400214536747,22.26249657994938,78.71066069234624,5.456375492955533
454ec13b-653d-ea11-a2c3-c4346bcb1551.000094,94,11.26469409693801,1.048473709576654,8.673955319061694,0.2914254386832295,4.899388020584968,0.187590459549923,45.36605558207517,29.74851724208908,77.96011312473263,5.910404150801968
454ec13b-653d-ea11-a2c3-c4346bcb1551.000095,95,13.74184080491077,0.2072080223068149,8.855286363361405,1.982667064335439,4.113225952297457,0.2779706925987264,99.20398638875106,25.70775937571698,22.83924192861216,4.916975712848578
454ec13b-653d-ea11-a2c3-c4346bcb1551.000096,96,17.58707062120617,1.34916814713125,9.614901688852232,1.461369330356713,4.09890494487602,0.1428225806678809,75.70201244026744,24.004901182174,59.09094059141705,4.540381068945966
454ec13b-653d-ea11-a2c3-c4346bcb1551.000097,97,1.398868993238145,1.579074439062277,5.174016778287356,0.09475825618904611,3.000671772739055,0.1926365304045811,6.435367157839464,22.89084391720507,55.03806201930374,2.930252156614981
454ec13b-653d-ea11-a2c3-c4346bcb1551.000098,98,13.27029013347896,0.0974664732568855,9.8215787479442,0.358992968467188,3.255040595855733,0.150605060374293,59.11940536667871,23.32927054850386,5.21003493085559,5.545079599299516
454ec13b-653d-ea11-a2c3-c4346bcb1551.000099,99,14.47421960367101,1.428910313400126,15.12809400188027,1.530158468115508,3.961186423930444,0.2001488664487142,94.64094515538777,20.40339956800819,81.30118840357183,4.389951895669226
454ec13b-653d-ea11-a2c3-c4346bcb1551.000100,100,5.169124122960226,1.903663870733338,11.6608701261144,0.04126560755782573,3.335831962481948,0.2288676687263263,79.46159536767918,24.66501160906498,61.81550008946438,5.098953875019439
454ec13b-653d-ea11-a2c3-c4346bcb1551.000101,101,16.77000942324397,1.566671085677318,9.676505613633212,1.107274705063356,4.616556920345315,0.1972328798150257,22.35552092720349,29.95175664465275,83.14170253140405,5.768576113705884
454ec13b-653d-ea11-a2c3-c4346bcb1551.000102,102,11.70031381593687,1.113365243293692,8.352446987870017,1.874855547143606,3.096982834885033,0.2548012025699715,3.732733105343111,22.17012408297413,52.86065486152521,4.018853026178971
454ec13b-653d-ea11-a2c3-c4346bcb1551.000103,103,10.50424064739815,1.192707624948342,4.534606739920572,0.633808040629359,3.519048891266655,0.2848340917773007,88.22584483275676,24.19555171475602,60.45569173272853,5.821589438975887
454ec13b-653d-ea11-a2c3-c4346bcb1551.000104,104,8.439189900327058,1.897777147008663,13.16362879176156,0.5985047482984938,3.642384126274641,0.1058343873965516,27.61141630030799,22.94282039543754,73.84022049342606,5.776335555729249
454ec13b-653d-ea11-a2c3-c4346bcb1551.000105,105,6.532676439331654,0.485229254286913,8.780603124122562,0.4714128330298218,3.363800648093943,0.2367051127033984,3.009884265645049,20.80310534219898,4.091791922516978,5.552235048104444
454ec13b-653d-ea11-a2c3-c4346bcb1551.000106,106,15.8040659197113,0.755451770338196,10.62441617953132,0.8089612124946102,4.176304558962729,0.1169569004716061,99.32756440131973,22.09123907876686,86.52260083319054,3.316782788265383
454ec13b-653d-ea11-a2c3-c4346bcb1551.000107,107,16.21824058410225,0.8082025751297424,7.950997669813057,0.001504649941586427,4.758006718035839,0.1779844639351794,57.72886085060673,27.59104657116562,39.56071868571891,4.806803347615324
454ec13b-653d-ea11-a2c3-c4346bcb1551.000108,108,14.73634275231741,0.2924527463964011,9.852967180869024,0.2780741109634238,3.49680679685016,0.1896247607425408,18.67348651464831,21.89187729232364,94.75847172362452,4.885042124947768
454ec13b-653d-ea11-a2c3-c4346bcb1551.000109,109,3.933570348835538,1.517096146150366,9.089410553779803,0.4149462152741164,4.424909775706991,0.1028125289438022,27.9819347791661,27.75662956768386,18.90541236740936,4.980025130992906
454ec13b-653d-ea11-a2c3-c4346bcb1551.000110,110,8.35220709685397,1.324996545694592,8.31252055266293,0.131315635194426,4.858779509811844,0.2189633396628947,98.84102952855467,29.15220104363146,95.85268986048355,3.87726080289729
454ec13b-653d-ea11-a2c3-c4346bcb1551.000111,111,2.028701170074939,0.3992871651763535,17.88227186192817,0.5239083671771821,3.563463198130801,0.1272145488335346,66.25756721515575,27.95214753233191,31.47614639974172,5.809390390885614
454ec13b-653d-ea11-a2c3-c4346bcb1551.000112,112,3.572991802241896,0.1303594074584333,5.821816366297886,0.3702229861278276,3.457821696872596,0.1739778028194174,80.78438957917037,21.76670248738629,36.85045382865827,5.824658129318371
454ec13b-653d-ea11-a2c3-c4346bcb1551.000113,113,19.72529606763742,1.270222285452788,17.86289104246786,1.670122390754218,4.943610825164473,0.1296369659036992,41.52672813663892,23.42404137235826,79.20497310552389,5.412432311890425
454ec13b-653d-ea11-a2c3-c4346bcb1551.000114,114,17.34449706656073,1.018087517878283,12.67357926610168,1.751184972795739,3.726844646414567,0.2147722151607686,67.41078004132004,20.99687862582789,19.4607950249428,5.917697370205003
454ec13b-653d-ea11-a2c3-c4346bcb1551.000115,115,1.010790292356955,1.394728186946391,6.594647271652883,1.073945391454879,3.252018064544162,0.1891545098383499,76.92077622113173,22.80838705427453,1.071639841000913,4.999502894543947
454ec13b-653d-ea11-a2c3-c4346bcb1551.000116,116,3.515851366809211,0.115516046669621,7.579660693144974,0.06790811958630386,4.203824037106108,0.2439485723301293,75.02703588988857,26.91203004284809,98.7125269974494,4.004578249925181
454ec13b-653d-ea11-a2c3-c4346bcb1551.000117,117,16.92494703124784,1.763085116506956,12.12212208410296,0.1161102624027349,4.50700814823244,0.1567352773959161,48.39941890102612,26.19522205483038,66.29147805132737,5.421612223753902
454ec13b-653d-ea11-a2c3-c4346bcb1551.000118,118,11.98687219136346,0.7436183581253236,8.334712003802615,1.05003651235388,3.814485760219828,0.1627076832996721,56.63526775245203,23.66177676050068,70.35984220739265,5.90724898582183
454ec13b-653d-ea11-a2c3-c4346bcb1551.000119,119,7.612680384896783,0.4378407855836366,10.30280497740016,1.462678932527698,4.016689861113313,0.1271616443519467,97.25944260725257,27.68319853127868,42.73364321566333,4.727925931354056
454ec13b-653d-ea11-a2c3-c4346bcb1551.000120,120,4.550990499937882,1.156377452067825,9.701579548456278,0.1328706019097655,3.802983146152607,0.1310268398456457,66.84235383055436,24.20652500157438,30.78913200584543,3.600697926341323
454ec13b-653d-ea11-a2c3-c4346bcb1551.000121,121,0.07229540024351147,1.531911470648822,3.100738103493712,0.5611274203408869,3.941719151054014,0.2788346570688706,90.01158211327045,21.71651883256321,61.97913075932447,4.724127630838925
454ec13b-653d-ea11-a2c3-c4346bcb1551.000122,122,15.52560564610134,0.3780235653741396,9.908175534171162,0.2696346656312711,3.774516239917327,0.1491384354612928,47.32318253258498,22.42625091870297,0.009672317909972965,4.628022946462677
454ec13b-653d-ea11-a2c3-c4346bcb1551.000123,123,0.4491238131909917,1.927479120212682,6.816402932524081,1.92540113527218,3.474569593046692,0.2020725500533101,91.38691212713941,22.54434633607069,49.57202479118774,4.647211286200273
454ec13b-653d-ea11-a2c3-c4346bcb1551.000124,124,17.4242203795353,0.8176987548140331,14.79971910820261,0.1509567074861662,3.768036265281308,0.1206184310372063,49.05712700805883,21.49821414921382,13.59089855187621,5.349232820824025
454ec13b-653d-ea11-a2c3-c4346bcb1551.000125,125,15.93585459295577,0.503334288390007,9.022663397231511,1.104131104863291,3.556689602167796,0.2685937841495396,52.33856490469297,23.57208714899587,58.91496082510709,5.506955632885837
454ec13b-653d-ea11-a2c3-c4346bcb1551.000126,126,11.39336336300087,0.05968167013716628,13.52356428660294,1.491026800681756,3.50340978308985,0.104123808471185,61.38991737362986,21.56164107953492,74.72147984512043,4.959370082525475
454ec13b-653d-ea11-a2c3-c4346bcb1551.000127,127,17.21849970966121,1.295412220860438,11.51182375742702,0.9286125348362971,4.356406903258766,0.1019005806432104,82.24571127488008,21.09692293540797,29.46241447686765,5.20411974004773
454ec13b-653d-ea11-a2c3-c4346bcb1551.000128,128,3.03795393418313,1.618301592631239,8.190906752588148,1.384802991245671,3.025035819980935,0.2331358642761603,67.47967416586981,21.9952036911807,73.15893591276979,5.803187907747358
454ec13b-653d-ea11-a2c3-c4346bcb1551.000129,129,16.34614147520837,0.5809873935694668,16.44509884403778,1.931502042560908,4.971686075286346,0.142017902525253,69.49329262072943,23.77567136307805,66.19053941003344,4.440675589269701
454ec13b-653d-ea11-a2c3-c4346bcb1551.000130,130,4.633600641059429,0.5373122401418292,3.601165226159496,0.691422161398593,3.372732256173943,0.1838750665903628,97.68734173817454,21.67395206960403,23.0647658157357,5.360915578120903
454ec13b-653d-ea11-a2c3-c4346bcb1551.000131,131,0.539266157558633,1.502161299592565,3.370653375611314,0.7558624583765311,3.722531682518315,0.2252203567535808,10.91541665226967,29.50586110490874,28.380623186256,5.230441886009429
454ec13b-653d-ea11-a2c3-c4346bcb1551.000132,132,11.82629092848743,0.7591539169211495,10.4349743850471,0.2149745272140388,3.479253651445844,0.2514215035045699,9.585511802079946,21.03647938278283,72.30370087162453,4.082524883476149
454ec13b-653d-ea11-a2c3-c4346bcb1551.000133,133,16.69545141279127,1.398734229662445,8.106117254149881,0.515961442657334,3.78210173369775,0.2017623305699511,66.1565558573493,24.42965588646582,76.76443355936897,5.643835985495916
454ec13b-653d-ea11-a2c3-c4346bcb1551.000134,134,0.7742182185188039,0.4558516718205899,9.987487615523445,0.4243416744556777,3.265229363782074,0.1386319048729601,73.97200564365069,25.23475430984465,17.57214307849516,4.495851738837398
454ec13b-653d-ea11-a2c3-c4346bcb1551.000135,135,13.36404784384807,1.23480404872121,10.40243481154602,1.100579919381364,3.725661138592813,0.2701430550032011,37.88438464291594,22.78754347934753,50.2229245453431,5.358580250761078
454ec13b-653d-ea11-a2c3-c4346bcb1551.000136,136,17.57342295708715,1.519442131065196,19.17305545086005,1.965806748186207,3.9709359882888,0.1337238983379474,94.75391033442665,21.98720783777807,94.71163085176957,5.821813104401294
454ec13b-653d-ea11-a2c3-c4346bcb1551.000137,137,2.457561589995473,0.04677405673844411,5.494293654403821,0.0809766828301325,4.214005943767689,0.1895951513143945,38.88291972356058,24.58578348918086,92.55721771062127,5.022357348931894
454ec13b-653d-ea11-a2c3-c4346bcb1551.000138,138,15.66626874338328,0.7638848083327741,10.22266985050812,1.785993902958502,4.401651437553101,0.2366065853315907,61.46388604488286,23.8134842177634,84.37482610666535,5.712512247639193
454ec13b-653d-ea11-a2c3-c4346bcb1551.000139,139,1.452309061600717,0.9763462541230716,7.993294324383172,0.3692618319992568,3.834244469314991,0.2421831795503735,51.21218181996674,21.75938980786797,6.811103568163912,5.731437546964058
454ec13b-653d-ea11-a2c3-c4346bcb1551.000140,140,18.84823147990381,1.632259106721648,18.7157758489269,1.99214505413497,4.143650608802379,0.1143315704473581,48.55460820510245,27.96221277813227,8.329253332753341,5.68141835681772
454ec13b-653d-ea11-a2c3-c4346bcb1551.000141,141,13.37099205793228,1.293286184664179,13.63618519272404,0.1486131980732033,4.432790671272367,0.2679993162861943,48.45596522572872,25.65751180744764,62.05908632241491,5.624373841041623
454ec13b-653d-ea11-a2c3-c4346bcb1551.000142,142,2.763851190174602,0.3751810885623605,18.61600189593837,0.205740810160384,4.822585034071568,0.2789647915616563,88.60144884622352,28.78127385719641,3.771710000228131,5.910675656007663
454ec13b-653d-ea11-a2c3-c4346bcb1551.000143,143,15.3811771671445,1.476314239819473,11.01823997529776,1.7770388318094,4.080044030971521,0.1169979077790187,90.12439570657087,22.09733389985217,99.51164577531625,3.771943738810835
454ec13b-653d-ea11-a2c3-c4346bcb1551.000144,144,8.91124119774362,0.5925765192902193,9.218717590182194,0.4129711811306594,3.084665422114478,0.1009848477859285,65.99382368845504,23.77697703294753,48.35967814128421,3.549086046515361
454ec13b-653d-ea11-a2c3-c4346bcb1551.000145,145,11.01801352201674,0.3206456612382703,10.64471842002802,0.07092011432258347,4.028372232639603,0.1510097821077105,17.20096090733302,22.31569492836553,16.05768713445212,3.259920799803005
454ec13b-653d-ea11-a2c3-c4346bcb1551.000146,146,9.607656260032213,0.727354191409237,6.589924426677984,0.4783473676608551,3.288305548167937,0.1243663566423678,96.92165698580494,28.49251510479458,23.35662054594166,3.837237904139909
454ec13b-653d-ea11-a2c3-c4346bcb1551.000147,147,9.95352711178784,0.08806846831732353,8.06349387900532,1.027247805899889,3.60991034582707,0.215412144612164,11.09722270676918,22.578225859991,36.96772991795476,5.31522274836199
454ec13b-653d-ea11-a2c3-c4346bcb1551.000148,148,18.02882993649158,0.7090535628458009,12.51205998272568,1.503989796846649,4.700267034577458,0.1105139731560695,84.63940795104659,20.43581612165671,55.33589135092499,4.079193155866228
454ec13b-653d-ea11-a2c3-c4346bcb1551.000149,149,12.27769021397411,1.988782848266235,10.74446055126084,1.829954698441779,3.66818280881998,0.2128896893392936,63.45332439967776,25.61178311954437,82.49743733015454,5.18373091937592
454ec13b-653d-ea11-a2c3-c4346bcb1551.000150,150,5.820620445985093,1.644911165527004,6.137191718148157,0.9046257366950516,4.456185036412213,0.1778721855940951,56.38980022006662,20.35863885930736,12.64918464573292,5.055950863952431
454ec13b-653d-ea11-a2c3-c4346bcb1551.000151,151,19.00394374335286,1.069982506398934,10.94125638539126,0.4027940910505405,3.644844576813654,0.2765118830612226,41.24986006010184,28.19185238847853,73.29827959042933,5.172285804744507
454ec13b-653d-ea11-a2c3-c4346bcb1551.000152,152,3.77636913834761,0.5511415545296858,10.07801669580509,1.985245483446229,3.014351262857339,0.1339129041892661,78.87676369147918,25.98844174330899,31.06735174059735,5.254559022189848
454ec13b-653d-ea11-a2c3-c4346bcb1551.000153,153,4.748912634859896,0.8970805520796165,9.67090086198652,0.05506292107324116,3.194577689171245,0.101773952412345,23.92595566371304,29.88010061334869,33.9266310304159,5.453272577852537
454ec13b-653d-ea11-a2c3-c4346bcb1551.000154,154,7.529773083892493,1.413457789943278,12.53494688686541,0.01752021575983509,4.575498773526435,0.1049643140450993,36.94530223817013,25.80080434597103,64.25383692046142,5.373173258449485
454ec13b-653d-ea11-a2c3-c4346bcb1551.000155,155,4.840245766449567,0.277315300812785,8.796961301399298,1.527871739874328,3.991201845051969,0.2372623933000504,79.31521335471712,29.05675439268546,99.56645176673813,5.667197273532307
454ec13b-653d-ea11-a2c3-c4346bcb1551.000156,156,1.212520880914871,1.080837103497188,13.72531113914034,1.942758537037145,3.481589689532012,0.1186180269005423,96.26650424115846,25.65994548748834,74.74798278728264,5.635166530474709
454ec13b-653d-ea11-a2c3-c4346bcb1551.000157,157,3.311292604479787,1.97113344747288,17.65963045876607,0.1737095049567338,4.707841225105154,0.127405319778817,36.13283405564582,20.93006662394912,77.81617688639727,5.751392662446258
454ec13b-653d-ea11-a2c3-c4346bcb1551.000158,158,10.62138940782837,0.7811240120875477,7.169575007096544,0.509153662614935,3.289722822333391,0.237959467497579,45.68675925736063,24.49115471973049,71.66677522865706,5.541723047978903
454ec13b-653d-ea11-a2c3-c4346bcb1551.000159,159,13.77314422393488,1.374622940433204,10.1994800914319,1.51729570419226,4.456514156213543,0.1073396034090493,85.86957395127482,26.23665172621363,15.03385681422072,4.565075914315079
454ec13b-653d-ea11-a2c3-c4346bcb1551.000160,160,8.254221578140848,0.07103075146762224,9.589621170643625,0.2096548017194143,4.897412017168573,0.1529775907900421,14.5355168113937,21.78388244080345,89.05308504436792,3.209778779391452
454ec13b-653d-ea11-a2c3-c4346bcb1551.000161,161,6.446857089392163,1.69979401859863,14.74100562489246,0.5441426063887829,3.713336043553856,0.1107267374015043,85.03823860104897,23.64227186404787,39.54281125150562,4.886508101292637
454ec13b-653d-ea11-a2c3-c4346bcb1551.000162,162,5.627736579165705,0.7284691561494228,8.455004113105435,0.1871708461644964,3.078486532733494,0.2441427787693703,77.96447305937224,29.00602855620116,54.62018022145398,5.363313977651991
454ec13b-653d-ea11-a2c3-c4346bcb1551.000163,163,5.426614945571196,1.767675683978677,18.67946895272837,0.5304216768159713,3.820441637090106,0.1472755640066058,82.82813813785634,22.2577064064956,75.26451131920032,5.448430196408951
454ec13b-653d-ea11-a2c3-c4346bcb1551.000164,164,2.495494177839386,0.2859116607107581,18.76189081407414,0.620432835269683,3.959717988303808,0.2072133704020679,79.00652853847764,20.38335798310753,56.09831519654861,5.645315877393823
454ec13b-653d-ea11-a2c3-c4346bcb1551.000165,165,11.94270088502882,0.6421192586960609,12.74639092616766,1.913978922768234,4.217593227739852,0.1883037949634722,61.01209314653179,24.76264623965747,56.62427725195182,4.542961471473516
454ec13b-653d-ea11-a2c3-c4346bcb1551.000166,166,13.35938233056955,1.451563997390306,9.400763130593251,0.05275570656221884,4.532660622889074,0.2218402068092875,20.04671284316392,23.55812638134513,55.25992637320908,5.543326372379991
454ec13b-653d-ea11-a2c3-c4346bcb1551.000167,167,9.460043192234105,1.212922416015492,10.84760962825903,0.6567551368349175,3.667300305975945,0.2344144957830915,97.92883400007241,20.73099486452319,58.1367409446044,5.020501749069938
454ec13b-653d-ea11-a2c3-c4346bcb1551.000168,168,4.332445778281049,1.123464188693071,19.72776544219662,0.959935685013746,3.215803068978627,0.101738581910923,66.14870331210793,21.45259355877856,17.21053776695011,5.593551879343612
454ec13b-653d-ea11-a2c3-c4346bcb1551.000169,169,19.69493971326128,0.8765800406118058,10.59319528473107,1.017413773906771,4.502850431742188,0.1701025213457887,27.87871933800326,20.53229927103365,11.42029227407161,5.866908719560723
454ec13b-653d-ea11-a2c3-c4346bcb1551.000170,170,7.21851664901036,1.329270589354274,7.675025712405739,0.9380718799918454,3.261547832560935,0.1556477861981763,62.41411990719147,26.78049168493225,85.97778004424217,5.170134999203122
454ec13b-653d-ea11-a2c3-c4346bcb1551.000171,171,4.50494103603713,1.375587462176936,8.888870944162349,0.4313818390950304,4.077829090692059,0.2428200545548848,79.46020034216349,23.28311767789292,8.197707586668358,4.622050387261745
454ec13b-653d-ea11-a2c3-c4346bcb1551.000172,172,2.188771966623655,0.4375131066893083,8.534151813027705,0.4874753350818808,4.899206656407551,0.2486486448938502,87.53879879592097,24.67620556956038,86.36846658722283,5.127583644298686
454ec13b-653d-ea11-a2c3-c4346bcb1551.000173,173,9.14668188458361,0.2922914870400863,14.45194666596276,0.04421297966594366,3.212155125925404,0.207376017843324,74.47290830431973,21.25577260413326,87.36689386218703,5.605038045692519
454ec13b-653d-ea11-a2c3-c4346bcb1551.000174,174,0.7928836756835045,0.105666609968524,19.38302287098803,0.1936542820526993,3.254071329459282,0.2124486594089863,34.43388401770854,28.79769850238372,91.80722297223382,5.782201708346089
454ec13b-653d-ea11-a2c3-c4346bcb1551.000175,175,14.06310810133448,0.04546482335912377,10.3648712529483,1.722088116082095,3.692770266204653,0.2160890486521996,76.24322679420253,21.74606001389052,49.78982787367634,5.743193578474327
454ec13b-653d-ea11-a2c3-c4346bcb1551.000176,176,2.415774715697205,0.6227478109993018,19.85022202859818,0.8268392579777716,3.463024660995576,0.1634269089279467,67.35352802597825,21.12197393700542,81.50070758255842,5.513398116036019
454ec13b-653d-ea11-a2c3-c4346bcb1551.000177,177,8.299528594401057,0.8506012457498568,6.325926996540695,0.04686243149727388,4.751114431480334,0.1037144238731057,31.85437657040638,25.81164932536476,47.3399657102806,5.831453509802686
454ec13b-653d-ea11-a2c3-c4346bcb1551.000178,178,19.50240432083051,0.7558680347269542,8.878890878922807,0.1950008666250572,3.145380630002498,0.1875730330764889,4.052414178505321,21.55192534562258,18.20661206367394,5.32191804270556
454ec13b-653d-ea11-a2c3-c4346bcb1551.000179,179,8.891469473563845,0.1132920708651394,6.7928360143184,0.3131929515581376,3.368584130316771,0.1252987114235666,39.25887490468074,27.420184318595,23.8950328942933,5.912168373489811
454ec13b-653d-ea11-a2c3-c4346bcb1551.000180,180,17.60039673670109,0.9748082669714097,13.03377203023001,0.1782850415214379,4.627086608409551,0.2533581604799056,24.20590515429835,29.92693118707282,50.88128214230806,5.825891185871727
454ec13b-653d-ea11-a2c3-c4346bcb1551.000181,181,17.62602502055839,1.437396686687577,14.0067884526156,0.4227013058922238,3.354539561909128,0.2497935030959896,30.17154920356567,23.2570532486377,98.63118590918224,5.521486226409436
454ec13b-653d-ea11-a2c3-c4346bcb1551.000182,182,4.532744849826654,0.6129855025258215,4.480278169473243,0.8830318871660848,3.954024900987043,0.2539508961749825,21.89347252866595,27.96873621442293,74.59779284619144,5.650528589211667
454ec13b-653d-ea11-a2c3-c4346bcb1551.000183,183,8.638851575830525,1.248892471689189,11.28889535791107,0.3901105329352298,4.291130107294717,0.1653202319913431,18.17150052138745,20.3768037137493,51.33760687162875,4.91394296111651
454ec13b-653d-ea11-a2c3-c4346bcb1551.000184,184,4.699944520847575,0.1574087434309428,4.948135835199345,0.01264253369650186,3.744596504302231,0.1583278986381066,77.57847488458158,21.16285442763418,56.05059692530545,2.724849393755726
454ec13b-653d-ea11-a2c3-c4346bcb1551.000185,185,17.30303463095984,1.89229766873885,17.5274571512169,1.850046428686611,4.396530720134853,0.1587964643956037,42.26037083049182,25.45529808400011,98.37520487787422,5.766050824586032
454ec13b-653d-ea11-a2c3-c4346bcb1551.000186,186,9.67936979629605,1.267775139714403,6.454043306239868,0.2339668616074518,4.707193070519891,0.2439397270771744,97.11167029194246,22.79093162400448,33.05744948249757,4.464368698311216
454ec13b-653d-ea11-a2c3-c4346bcb1551.000187,187,14.64839794607537,0.4086321111623201,9.04513655575157,0.5666889874917216,3.343248647921892,0.236750783981437,84.11272009081543,27.32963941794721,76.98716009535659,5.406727307183889
454ec13b-653d-ea11-a2c3-c4346bcb1551.000188,188,2.589339844700874,0.3584515443556412,8.14443859839321,0.3839630216748182,3.300109445589475,0.1033841969076408,41.2973105291083,22.75840947713771,61.72904611580349,4.82423352880216
454ec13b-653d-ea11-a2c3-c4346bcb1551.000189,189,1.536896754690251,0.6177541724699142,6.50402851122224,0.09536455801813494,3.134015632326882,0.2219546031615576,78.44139341656701,25.63198606624807,45.14135524916452,4.922273737976612
454ec13b-653d-ea11-a2c3-c4346bcb1551.000190,190,14.72626659831076,1.474376826788999,12.51666450053196,0.2025678311162103,4.374517344570371,0.141991253680409,35.09597801065372,26.26127842177398,82.68559939716194,5.273736185711141
454ec13b-653d-ea11-a2c3-c4346bcb1551.000191,191,16.87453907956703,0.1219976837449488,14.37686125890013,0.5487474673129727,3.259303016886946,0.2212936658275625,93.57682042863202,24.73516033270316,58.25374851390058,5.575023700481061
454ec13b-653d-ea11-a2c3-c4346bcb1551.000192,192,18.71837228788176,1.621040144304918,10.56177277430498,0.03393292627880903,4.929909673538829,0.2168797347989582,88.7030000721929,25.37252578096823,26.41057735260298,5.462071404452152
454ec13b-653d-ea11-a2c3-c4346bcb1551.000193,193,2.545791345957083,0.7295441774211725,5.887026096437612,1.063785296022433,3.630462866043358,0.1313451669455978,68.89297361868279,24.9472081871429,50.61573194668108,5.103094880563884
454ec13b-653d-ea11-a2c3-c4346bcb1551.000194,194,3.466956890733138,0.3997450560646295,8.205272899708936,1.123521515740464,3.019351652661304,0.1208330586888735,44.29351418697313,20.8499851120655,17.16918267915761,4.929338331555329
454ec13b-653d-ea11-a2c3-c4346bcb1551.000195,195,10.76196802710384,1.268905652458589,19.85243249793594,0.2340929531764513,4.760895220195345,0.2368879299349821,57.34476519855943,20.11534544542274,82.6515917923864,5.98913062127598
454ec13b-653d-ea11-a2c3-c4346bcb1551.000196,196,12.43612162502094,0.07145991209420025,13.21221979644518,0.03863608697484293,3.760430364590351,0.1904398725801837,9.16817346620311,27.86332629918382,52.59635502068557,4.620769977742719
454ec13b-653d-ea11-a2c3-c4346bcb1551.000197,197,19.13464145701133,0.9322424284061335,13.15808001248935,0.2236528426052486,4.016274246141617,0.1067681718902236,52.77768237735253,28.12014029916503,54.47058804456811,5.326101730243501
454ec13b-653d-ea11-a2c3-c4346bcb1551.000198,198,18.72274704927359,0.6888657886807883,10.29810350969218,0.1018944425680708,4.520368952655163,0.2455893818817046,77.42275832118392,25.71859573889892,32.07818246465444,5.834018494721637
454ec13b-653d-ea11-a2c3-c4346bcb1551.000199,199,5.162585319479315,1.001634345461612,5.891915271271277,0.3665664907647738,4.704375219310592,0.1206442944497495,99.32369734790065,20.27505941664676,14.6224828768436,4.751284167513159
