Sample_Id,Sample,Gametocyte_Conversion_Draw_Mean,Gametocyte_Conversion_Draw_Std_Dev,Biological_Age_Immune_Coefficient_PPP,Biological_Age_Immune_Coefficient_TM,Cumulative_Exposure_Immune_Coefficient_PPP,Cumulative_Exposure_Immune_Coefficient_TM,Malaria_Free_Interval_Immune_Coefficient_PPP,Malaria_Free_Interval_Immune_Coefficient_TM,Recent_Exposure_Immune_Coefficient_PPP,Recent_Exposure_Immune_Coefficient_TM,Strain_Diversity_Immune_Coefficient_PPP,Strain_Diversity_Immune_Coefficient_TM,Scale_Factor_Age_a,Scale_Factor_Age_b,Scale_Factor_Cum_Exp_shape,Scale_Factor_Rec_Exp_steepness,Scale_Factor_Rec_Exp_midpoint,Scale_Factor_Free_Interval_a,Scale_Factor_Strain_Diversity_n,Diversity_From_Marginal_Prevalence,Prevalence_Threshold_For_Diversity,Concurrent_Infections_a,Concurrent_Infections_b,Concurrent_Infections_c,ActiveInfectionsScaleFactorPT,AgeScaleFactorPT,Age_PT_Increment,Base_PT,ClearedInfectionsScaleFactorPT,FreeIntervalScaleFactorPT,Individual_Variation_Magnitude_PT,NumWavesScaleFactorPT,Wave_Vs_Infection_Relative_Weight
ec09bd7c-2fb9-e911-a2c1-c4346bcb1555.000000,0,2.664445363283882,0.9308146846114658,2.545660571609161,0.2603128740303136,2.776647629315684,-0.433995631615575,2.130702903139611,-0.8610735712735809,2.547354867089608,0.2011183627818498,1.315879431267809,0.9306198930875818,15.91020070265502,0.2757656657843895,49.36729046554618,72.80604481586883,2.910898373055779,1.060763224833299,7.46983670519268,154.4097499578306,0.8261922236320576,61.27122997092948,38.67589747854643,55.18677194524979,0.6377911454228027,0.5263728692977584,5992.037785890238,58520.54919443357,0.3911769581056666,0.3661086730440494,0.009796618459420342,0.6432533394994557,17.71890401233463
ec09bd7c-2fb9-e911-a2c1-c4346bcb1555.000001,1,3.229965017738878,0.6855023474119866,1.535872780116753,0.965605018176668,2.856098399676463,-0.3318192429488649,0.5243288924256487,-0.1955989808290598,2.572837886904753,-0.4075941561677587,0.2093595676690562,0.3889530302750728,7.177817633072019,0.9944893392514647,42.70584113843191,92.94006967220587,15.75795853614101,1.600142619616908,2.347444687135319,91.24187334192106,8.084025581853597,70.32580250395645,24.24465694528341,13.47240508685676,0.9508983915723327,0.3566292568184128,2918.090444858909,19552.75462866315,0.6602169597216272,0.5148431848982241,0.6486940944320377,0.9158438671082071,47.67086406649745
ec09bd7c-2fb9-e911-a2c1-c4346bcb1555.000002,2,1.077397023330044,0.6380900286038663,1.417570818235253,0.4730175579355258,0.602214253356083,-0.1150911567339898,1.401613083156037,-0.6872677859426031,2.203819279258029,0.335369168941843,1.103279023036944,-0.6515776772016033,15.2871825180487,1.809492194268538,48.19562414252565,89.64002209028057,12.28380849285488,1.342336166204212,0.8553185553070942,188.3282461700058,2.781396043343622,59.17680420012448,73.14059564839135,77.24928592887235,0.7141396791010315,0.0311799404733637,587.3281679242496,79303.06292607133,0.9063574824072571,0.1090194258080109,0.3758729925666636,0.7187855272773609,5.412378696908977
ec09bd7c-2fb9-e911-a2c1-c4346bcb1555.000003,3,3.784660540986438,0.1993499057718017,0.9804736811549236,-0.01791436229280574,1.365476478911114,0.4856422981776096,2.717055411056598,-0.8186653829802879,1.63103545341541,-0.1308169158554603,2.215472223264147,0.008859453856983723,8.273169385207236,0.3050492291728801,34.89433598413018,80.04141308209839,7.826064133491747,0.2305064320684074,6.561195934691564,58.1548313317023,1.16426642817905,4.078063562694014,95.41191270552022,53.54737196980953,0.13278800784871,0.7123035313279886,7739.603929784674,97340.72929886392,0.9525307764137504,0.8812663490752158,0.1891626493378261,0.2823366920121783,96.67472160706548
ec09bd7c-2fb9-e911-a2c1-c4346bcb1555.000004,4,5.17393836336669,0.3759720293673294,2.481465663882756,0.147975364089687,2.720794153846636,-0.2261441667917621,2.079187278186974,0.6826719361865943,1.264093143997788,-0.4236907365385758,2.06048991299891,-0.5061750486112159,28.42461861618609,0.3927418187246138,2.083553547894695,85.97557544658201,7.969477088452205,1.630612738107859,0.3313937046663178,5.98660999794815,3.498369389717444,36.03062287016597,76.02573443859376,2.477818506326467,0.04542838057456367,0.1494529992497505,2753.070691607109,99214.65740644539,0.7631331813392447,0.293558146262387,0.9180570805111093,0.1756412419060988,62.78206801601398
ec09bd7c-2fb9-e911-a2c1-c4346bcb1555.000005,5,2.352390789355733,0.8729215969123538,0.4827283871419638,0.3230733294132784,0.6348084211576588,0.7583499539486918,2.584718877385932,0.9138253949963691,2.671883293077847,-0.260750596276677,2.988288660433601,-0.9503081148108511,22.9719880763062,1.436251764756952,10.01701068406716,84.1831410742314,1.018734726868417,0.3179286004191877,7.848308763210482,10.85890481324489,3.116280925910189,17.97361179283442,52.62994272388882,22.72385886129892,0.8855073388670606,0.6080495883876043,1681.302004767489,53673.80453572285,0.9253621034507257,0.9557686754289857,0.7063268720579452,0.02529489355102358,42.91809187523984
ec09bd7c-2fb9-e911-a2c1-c4346bcb1555.000006,6,1.716715411906713,0.1895594050837971,2.977779123339265,-0.7129383022239186,2.493650261296767,-0.8999140615029301,0.2454757203303828,0.2484044576864448,0.3871890146049086,-0.1816366616992781,2.798975301339917,0.4891092055418289,0.2787924852622296,0.1224476840481805,38.54632812239636,87.82286444091372,1.352701339347919,1.881856369247709,2.70232024080436,132.7553540205016,9.97582746376197,31.79324401138783,10.89793919172751,4.63926136478806,0.6279002911198284,0.9509101335702695,9729.678135336322,61895.23749234263,0.9180934728257624,0.3421302078226043,0.5704020675850155,0.7120573285031767,56.14021822341773
ec09bd7c-2fb9-e911-a2c1-c4346bcb1555.000007,7,5.947278560500136,0.6694259834567238,0.1450397707133772,0.1716185384639388,0.8083204742459171,0.5495373440031031,2.004972432186346,0.9687963845828069,0.715327198379194,-0.08105744444707186,1.396752479877635,-0.6234655501065426,29.33161695526524,0.9005538753666201,33.70727299431933,54.37253392766578,2.203863305437931,0.4329433520449962,2.917506703037933,151.3444905687909,9.681538509631922,93.70094679788275,40.15341675829893,43.33332576869898,0.5966824411737072,0.6804746268380363,699.0773238117802,17088.51146519912,0.131081178784848,0.2580784441534801,0.72252630859236,0.8774504440398609,90.50382190292514
ec09bd7c-2fb9-e911-a2c1-c4346bcb1555.000008,8,3.080090667906811,0.5915308639927724,0.9125240082210323,0.1066769854721406,1.775324992237802,-0.8286249910083932,0.8990854053277892,-0.9485192437656603,0.3584634507583957,0.2523320325657279,1.929429981238157,0.09092723970314265,19.86151053079444,0.4219077877098853,4.05698137554136,29.17021117853539,16.95014552827481,0.04205047873906195,8.765622657392239,183.534234371311,9.80448749753598,20.41481555474533,38.06094282360842,93.87622145576982,0.00819400086780112,0.9166926789149226,1541.510370684856,41889.80931542796,0.3165973790242181,0.9739854832472677,0.4635390073980108,0.165847526051636,52.79002623502925
ec09bd7c-2fb9-e911-a2c1-c4346bcb1555.000009,9,5.762081312493062,0.1724841961213736,1.210539153447206,0.8874661728356887,2.003993286673779,0.7188480018970096,1.48624331989184,-0.8878448229656344,1.969347320692065,0.5131402175002759,1.37925801793371,0.3051588655119619,10.55492468914446,0.54598930137026,9.099178315173031,34.3008828340709,15.8543930497652,1.619556150160806,8.313605344650522,141.4669994283215,6.756977675517155,39.09212314415223,11.99262241953635,45.88770005718123,0.8216881998753272,0.5007760549013025,3955.495072614408,58031.71855884024,0.7273953325588081,0.1650873496514586,0.07600096011216516,0.9731301017452744,16.65802240368898
ec09bd7c-2fb9-e911-a2c1-c4346bcb1555.000010,10,5.412870553954555,0.2835258649767327,0.6399989687521904,0.430713644083669,1.272010490657502,0.9096437678445775,1.826137594916502,0.810789550803193,2.434475423966497,-0.8929387169765173,2.279352625099587,-0.3649281985372496,28.34138308808207,1.272122419759844,19.77560724611293,75.83793879354505,12.64431410588755,0.1642384463865894,4.13745350909233,140.6227787090829,0.1279842441717903,60.43412587777739,50.08437326160009,6.794906299585965,0.003264582719550651,0.5522427088295484,9619.834366325078,5198.672706764662,0.02638251570693875,0.357334286923655,0.2345334645103758,0.8520504674200766,12.63510027655194
ec09bd7c-2fb9-e911-a2c1-c4346bcb1555.000011,11,5.284552270627172,0.926118626497838,2.613220871122186,-0.4541338666499635,2.190414657675898,0.9029548853221527,1.12990539426717,0.4729270547505773,0.1410051435168724,0.4215320990237985,0.8496014479680851,-0.3135889679498398,13.77435226240881,0.9792633075578789,31.12292512135815,20.54550407938624,7.196164989361061,0.2929925401214564,9.998768473993673,11.4332091188877,7.536881408335159,14.77258495383213,36.76701140542713,8.741983352192001,0.2856271882784324,0.1314191195661188,2631.821543227325,14803.54428255209,0.2568007925405962,0.7256591865016313,0.2784830902945175,0.9662546883219968,10.89501550666928
ec09bd7c-2fb9-e911-a2c1-c4346bcb1555.000012,12,4.112816297289767,0.9541586702033062,0.987781608867123,0.03046825799198194,2.809730077953172,0.2443476726477187,1.954342245478628,-0.6104949234259409,0.1132381793453602,0.08451678941675866,2.125313882903445,-0.07421430330469214,18.02857125666069,0.1533960604947743,5.084932472725664,40.78096856564985,15.95530740793795,1.895794722168765,6.286431886711561,37.08962206486747,1.054765612687169,52.709037479839,93.47973906693174,58.53066144893346,0.5323466027502206,0.3414089122762073,1932.425374040703,62409.83364452834,0.7559830946478273,0.4300689013362939,0.8136108215164433,0.7828146710251006,26.92520794818891
ec09bd7c-2fb9-e911-a2c1-c4346bcb1555.000013,13,3.68331160790029,0.8608381665906343,0.868493315873283,0.2316643858868186,2.129775677471798,-0.9435193313390805,0.769893751415234,-0.7203337585165053,1.13642275532659,0.8594684085978934,2.166063054779118,0.8766268202327681,6.621381732858969,0.32412745644002,44.07515903238907,76.73762110247793,7.352976575080397,1.309308721694049,3.764404966617965,189.3998334207734,2.486211536876964,19.39057550774585,36.63879551308074,64.038603666574,0.651998855789348,0.8278654818855079,1149.360046271968,45099.74009859899,0.2864552134629768,0.3844094600698555,0.2828323042092044,0.112741398047154,78.09990304190893
ec09bd7c-2fb9-e911-a2c1-c4346bcb1555.000014,14,4.140103872447095,0.5990447472027934,2.825336565287911,-0.9185183028248958,1.610919371302596,0.3213462704455814,1.666160724705178,-0.5627629524454419,0.07023817543406077,-0.9977040484205395,1.99595697347122,0.8277354988162147,20.6635624732503,0.9659510495027294,35.31731425266504,11.33328313947845,0.643527321916471,1.536697101669849,8.896250660083325,125.107892439217,7.988728385584913,56.6423298355645,13.8366418286819,35.95450374877789,0.4090762803577735,0.738361228352347,796.0934275831817,35164.23907979492,0.8960920273693541,0.4544603772590406,0.5277118308668012,0.9372724883270637,91.12658036870742
ec09bd7c-2fb9-e911-a2c1-c4346bcb1555.000015,15,1.513614573059308,0.576348371689863,1.120038787430074,-0.01314051437852759,0.3721540243532825,-0.2834788957908619,1.86035470581373,0.5384256481766818,1.006446197046728,0.8015340959090955,0.9491930902868347,0.2293845293324233,13.2405209617794,0.6736873699250807,18.45264246684955,52.20824954589995,4.429341797322627,0.5144042420115535,0.634658198006141,157.5918360532747,2.133690234585356,64.33041603358691,94.80957726378823,16.64103198197315,0.02171911696929368,0.8943763496528196,6756.650312661885,94207.57549573512,0.4319998878458559,0.3266597689996933,0.0521154920314728,0.6081939078704904,30.47225790501563
ec09bd7c-2fb9-e911-a2c1-c4346bcb1555.000016,16,5.360483449019888,0.4372416499062466,2.919573555036858,-0.05392956817479411,1.432115887522194,-0.9271999780428102,1.217966933175821,0.8929329219602988,2.178718044425394,-0.05210204919069261,2.820068735314387,0.1308621222795137,20.91948347290724,1.13472949280978,19.09419024047356,77.93371803506751,0.2534728097238313,1.789369921971636,1.91726001745587,103.210669365758,1.440279393180084,89.87485656222847,44.45502451040569,7.691588991454839,0.07440681945280776,0.1157370499768035,3655.155117288298,29299.32745810707,0.1939217218478013,0.2348413019617284,0.5400160843411052,0.3362627516905797,25.35148851074366
ec09bd7c-2fb9-e911-a2c1-c4346bcb1555.000017,17,2.375689901487326,0.8299886722217222,1.041900350617761,0.08598478868652637,1.022004582007807,0.789561075863757,0.7477537619081999,0.02040092422002404,1.861592166705405,0.2274188921342313,2.437320056776733,0.4177043966143947,22.57903822165157,1.532820707545915,21.23293587026759,15.82285651377751,5.333174216604485,0.07611872925893576,2.986218301291709,18.57206208352538,0.2136389426074686,49.7447231620132,88.49056228868342,22.1167380188275,0.464784453015298,0.08055447134934406,5421.793661579307,17325.04784916132,0.2184006856129481,0.8080459094868088,0.3705570012052077,0.4211282704195283,84.16043787534984
ec09bd7c-2fb9-e911-a2c1-c4346bcb1555.000018,18,3.919656616428504,0.9898435616943009,0.1344204740504572,-0.6121194031292798,1.092417602307308,0.5350326840615516,1.046817699670578,-0.2508930393263735,0.4027234576461315,0.7285781800220965,1.870609020585138,-0.1927286562002962,8.6227539648873,1.195996805471407,8.094882334928226,37.51713077871811,12.35352581952159,0.5216118051520409,3.873556863929588,155.7355930842433,5.778616820806807,21.30275629284191,14.85164636920767,88.1780445607738,0.911431564720855,0.6646390782122753,8825.922372109355,71740.76602295128,0.2335767652425605,0.6114603782166332,0.8265108961070194,0.9031467800852815,83.23462977089783
ec09bd7c-2fb9-e911-a2c1-c4346bcb1555.000019,19,4.224027759309289,0.8758434325150328,2.147029060657511,0.9940584687864744,2.660402239700335,0.5726121629410825,0.22069927318784,-0.9942362243454124,0.9184235763717274,0.5208752840766044,1.274746456424338,0.6984899144349503,16.22503673973231,0.8767517443096928,40.5350486529243,71.85418390391479,4.873032206613328,0.9798622552194697,7.67908472316726,144.6017451986953,1.008301584421636,63.2362630938501,21.65688286434342,32.7078278304804,0.936220739110709,0.2825722396600368,8521.741504363135,18762.09788095399,0.3116494730168632,0.03336105632516215,0.454328135080882,0.9857807719058231,70.96055551673827
ec09bd7c-2fb9-e911-a2c1-c4346bcb1555.000020,20,1.791150526173898,0.2368684608801469,0.4487194245521465,0.9177677697615039,2.067414792087818,-0.201081468228932,0.1769304514521501,0.1191068519796918,2.61825027679247,-0.8321343020605685,1.632206921476608,0.4717072331256382,1.337767384253366,0.6216040438574892,32.96938209088135,74.12549772608801,8.828275947125544,0.1094195921583455,9.844564718919198,70.51352696727008,6.663250412649817,92.45909562369292,30.98959158219616,69.93157123105503,0.1916314491104661,0.4880506976392315,9545.312040156408,76441.11951942873,0.3755259574153014,0.1243751861809546,0.5045575108330033,0.0006423049519308794,89.78572158561056
ec09bd7c-2fb9-e911-a2c1-c4346bcb1555.000021,21,1.156549272457824,0.09632842178747458,2.510846235829236,-0.6611493861975102,1.563193962290091,-0.5193121354086013,2.657078876547622,0.7586013546661334,0.3381467089630523,0.5979699451540201,0.573792991093969,0.5230958262622474,5.182269469416363,1.594912580672312,25.71378478536769,18.91668561809166,9.981528165575247,0.556800623244725,4.168135973777812,127.9038512888904,8.211324918162514,83.4555805440315,81.0194533886991,36.89649289392842,0.05594495379504782,0.6328142276248343,267.5209579746544,42360.88331801957,0.4267176691817203,0.05952073115204781,0.8441192232015572,0.6699538087493867,24.16156121876099
ec09bd7c-2fb9-e911-a2c1-c4346bcb1555.000022,22,4.848237440781022,0.411350241912036,0.6685058027927234,-0.5817535187520853,2.554716403239982,-0.8853298409953821,2.992884147430571,0.04559243294195636,1.799828280475717,-0.03599408380484537,1.714965680185965,0.1123383510851437,9.50992804664038,1.627235070191897,30.6067402256209,94.80623130859371,11.17102942621927,0.06159972915295404,1.624706203705016,80.11283043343575,6.192994769927971,50.12282819332567,63.27078173893462,4.817693881360213,0.4888555904599717,0.04487057015755975,4897.70542167345,47933.23904064953,0.1860450356096394,0.6350966239941201,0.08219640390130045,0.4554886902623069,40.05289718976292
ec09bd7c-2fb9-e911-a2c1-c4346bcb1555.000023,23,1.595183603065334,0.304831799533183,0.02870066491186729,-0.3402916690001496,0.9342175302324962,0.6956670758376557,2.097758436850735,0.6547273041634714,2.916870711606812,0.5392454931165869,0.2388171031987049,0.3623576499079824,17.80103408881327,0.2416681147896206,1.08705317711215,60.66761698454565,11.40634381510542,0.7514783566550941,0.1311875767667083,111.5424145996984,6.15303285192504,33.39776875718806,31.79666918802291,10.99565221217356,0.1374268823046094,0.1232602116024391,8833.624735196023,33382.24409441532,0.3989575564034357,0.3064344456012471,0.5536212733709657,0.014092239647764,38.00629305223035
ec09bd7c-2fb9-e911-a2c1-c4346bcb1555.000024,24,5.517671835256775,0.1275976892125343,1.141210523982294,0.6210621698569925,1.971671133486312,0.01797111053097344,2.918540404685904,-0.4871284584988367,1.357849248157725,0.8555974790278558,2.029267598012447,0.9422358536343269,21.81638136983015,1.550246011296937,28.97222923024684,46.00942587309022,1.880304286223669,0.09892433801355285,3.364347086601752,7.232932316270616,8.193005511208101,78.60625694652289,33.3342217915269,49.4731597805197,0.1845387772002536,0.05308380930491369,8511.099443272771,47363.65804018549,0.07563527642885465,0.8730943614935993,0.07006615280831935,0.08892454928706746,45.85794400478149
ec09bd7c-2fb9-e911-a2c1-c4346bcb1555.000025,25,4.803652679555436,0.5048598257022829,0.2997833351527269,-0.5049721288158311,1.162954287721869,-0.4073823276157885,1.297492307198731,-0.2441597635618105,0.2441048974053306,0.3616279721001778,1.302513718179019,-0.3114553899285036,10.24243138277776,0.6313453528218531,40.87252741462788,74.2527953441191,3.284775721681837,1.158973921989974,5.144030149806627,180.9420915784917,2.342815005913558,97.75229326447008,12.55885148177159,75.38576721169538,0.448707409513438,0.2429042416605038,2727.581620642261,25638.90307595643,0.06958429844083917,0.4274370128717196,0.2890709260531485,0.4513360815230599,74.65707494239967
ec09bd7c-2fb9-e911-a2c1-c4346bcb1555.000026,26,4.309679819013999,0.7623916389224414,2.423027009278538,-0.3101317674521358,1.320093767313103,0.0599096093382645,2.258005942649438,-0.5528174990087527,1.603131676661155,-0.7832052524031115,2.663453595356067,-0.682948663709908,3.501240240862568,1.873743042562874,48.78926893898822,43.51297958086428,19.71602352057593,1.114489155817449,1.966337217031012,43.73494325781205,7.205846387776006,75.04528204279833,9.754215728845743,82.39513662014679,0.4838105094587182,0.4405576705836824,2481.100585859189,98258.09854381497,0.8847723226253481,0.2439178975230219,0.01966672133521216,0.1453641923198666,61.88751774946355
ec09bd7c-2fb9-e911-a2c1-c4346bcb1555.000027,27,3.957017394930758,0.9695828827031151,0.3063873335229254,0.5688039101121682,2.437285582597702,0.8442262707446384,1.511667366571146,0.8524226149476846,2.13739261143934,0.3070197363912686,0.9107284372292741,-0.246537775221604,0.2307781031198418,1.725503945593564,26.37972195631247,23.52711288951791,5.771874314145196,0.3632791741754327,3.729880053812157,83.48695918135988,7.00806909627615,48.75223118835194,99.16785750827124,76.53473429695727,0.09913367048649097,0.2923080388088915,5584.405955841943,69017.57160194156,0.6248430329269954,0.9175797653984478,0.9240722912909942,0.1836423606197419,87.85681895084534
ec09bd7c-2fb9-e911-a2c1-c4346bcb1555.000028,28,3.049198257968705,0.7805915935056343,2.201700114150173,0.3839928248935247,2.251491170344759,0.1332158374513011,0.9962715385290248,0.3057271002172117,1.041549027617168,0.7606870242531276,0.07029882865224882,0.1681360764582953,1.664259235692413,1.366457250991539,45.33008309989293,37.09204241590395,16.32961754711514,1.026750136443362,2.55229106162952,199.4072089977183,7.340605420133408,46.59476116082624,23.01243582718357,20.7357420231066,0.8414655722872133,0.5151814950948915,1009.497368369539,37794.06884153793,0.7446262132906857,0.1774531796431165,0.3506699266463747,0.9395579364874251,66.92107132644962
ec09bd7c-2fb9-e911-a2c1-c4346bcb1555.000029,29,2.034070850276984,0.6784926894912677,1.605825756220721,0.7553963891980253,0.5340740751461159,-0.8650671723630514,1.067924239915554,-0.8358553448292874,0.7541881160728354,0.7444445013181329,1.959561225059869,0.04108450536576802,1.578803140648119,1.990025825491154,11.33890764664859,81.65481607411905,13.74812809107606,1.081609232007865,4.941698460977428,78.69711134174482,9.857507371842832,55.67720971442085,72.02420357722087,92.89292672754567,0.02521263420152354,0.3242526277682397,4843.289559386583,44431.23450380218,0.6337588474191137,0.3198237827086681,0.620187752199267,0.5474197642184284,46.32458718309034
ec09bd7c-2fb9-e911-a2c1-c4346bcb1555.000030,30,2.833364099145114,0.3950674759719425,0.4962272076976934,0.1311633654482767,0.6631045300992094,-0.7466138356348893,1.24468733105789,-0.7616078369241616,0.4612867961938022,0.1210337069928975,1.093003735274203,-0.08273420118197539,19.5891212912984,1.331127880031043,47.99099153085911,9.906556648657102,14.97465030076596,0.8152113626723918,0.7127613692782663,53.00807008440704,2.520063870530149,10.71066012738119,8.907940212182217,38.58831423523169,0.6634263392848776,0.9833067908949209,8603.927629032429,1112.542038664657,0.1793325457882007,0.4493142938574584,0.4791911010765937,0.7503808627543365,32.14036715248132
ec09bd7c-2fb9-e911-a2c1-c4346bcb1555.000031,31,3.842039750043142,0.1669670635725425,2.206573309124461,-0.4526638433090883,0.481941339608664,-0.01291562905425414,2.756439815477864,0.8630000215713458,1.011919920108487,-0.2043064479980129,0.0754883200962473,-0.4057486258243022,6.862349486409167,0.1998023820121883,44.95648005846495,8.983791816520052,8.384379515191643,0.003079972308449475,0.8841070254213999,115.8677608175033,5.578495310298488,82.52710217853675,19.04453685404321,39.39820702807884,0.5850990489987333,0.3487051701632397,1266.782277984487,86687.38977114209,0.4470689174985023,0.8654905705294282,0.1873799987296072,0.3059120776419799,21.61361032776821
ec09bd7c-2fb9-e911-a2c1-c4346bcb1555.000032,32,4.362747083124883,0.05369235946339675,0.6936959818621528,-0.8776085245322162,2.765400697821723,0.9736396512562868,0.6412690468376224,0.7199325011743591,0.5693380317678791,-0.8555207345440402,0.4210847527624394,-0.5736313745089696,26.06387808605592,0.9101722498330928,20.81652049540532,94.16187308588125,10.85724664317931,1.524238484594143,6.112691495547854,74.62504813077456,7.08686474806006,30.94207367292877,51.30076038248308,71.62300913544819,0.2616317617718469,0.9613237907345118,8230.541070016112,80424.03687192455,0.5205923548482946,0.3929296939347055,0.5666643961951462,0.5465819926349381,43.88002849590344
ec09bd7c-2fb9-e911-a2c1-c4346bcb1555.000033,33,5.600039342031657,0.7027699368625319,1.916790586007392,0.5384963112723475,0.3963029098044043,-0.4555468334052997,0.8085312668820187,0.1851135587930379,2.945971594438845,-0.2814490894725857,2.20163684595722,0.7591190823881504,26.48910808347788,0.508951534500974,6.147952394564999,10.64985369295666,17.94491750031256,1.737627747410108,5.886416943097617,89.87506296055128,4.581142668843877,3.456812475424806,42.78841172504361,90.42023835022442,0.1542301362146901,0.137877519074736,7250.525440892534,95918.4793168472,0.7727940921098417,0.8129339695552492,0.1681293764649046,0.2360609317314631,15.41694812394106
ec09bd7c-2fb9-e911-a2c1-c4346bcb1555.000034,34,5.798197358298527,0.836996209476501,0.2036472997408363,-0.2091049852756346,0.8983468925783169,-0.5815434474162313,2.433256047318721,-0.8076691357969641,1.240189461239092,0.3533327265507988,0.02739837306020963,-0.1795633111441541,12.30355712174906,1.682659601807106,21.5865083341079,88.34835368893266,17.40867616257721,0.6390260335354038,7.244866943141798,44.05364356265547,5.430389548347312,69.8892454663424,33.91971921575502,26.43318156565701,0.9242515680609051,0.1425855158802685,374.4017989897882,82251.98286657744,0.01556493103798171,0.6489623851058803,0.770637042090119,0.9227874131724955,50.7854711690114
ec09bd7c-2fb9-e911-a2c1-c4346bcb1555.000035,35,2.102101071108964,0.6060036629789903,1.563531863017632,0.632646326170258,2.239270046557776,-0.3777660088264669,2.62099360570136,-0.4380118518719003,0.6948359860940596,-0.5171430553270999,2.909962306644615,-0.498998344076745,19.033130148288,1.710996999238235,15.42559583762387,7.275302242386488,16.66075918897033,0.3338954350226947,5.408230346417798,25.86300347993952,7.63388681068278,19.58272113790242,97.46272991298311,74.77479012747499,0.8556668098489696,0.4811725597790106,4082.548479088168,43617.13487399875,0.8276982189354046,0.6762821444397598,0.7519951014659512,0.7976838782183093,22.54405820591894
ec09bd7c-2fb9-e911-a2c1-c4346bcb1555.000036,36,4.922318985875028,0.3324723817702838,2.665727943104162,0.5785689515064836,0.07254929868793861,-0.125098779739789,0.06614995175793008,0.05327863951525247,2.388934885298794,-0.5495217105562851,1.684703181280116,0.2024326277886408,25.64566604459419,0.0517417734680602,8.42117545804794,47.93123533868716,4.694843170035822,1.3624638508122,3.585937179680366,160.2771285198044,7.72123375222127,68.77637146129094,6.849301609627681,29.8581266667758,0.2139148635783498,0.5701934017825427,1598.406792750872,68069.62475940392,0.3629596046193097,0.2670765608324672,0.1197176982076093,0.5111924328539633,49.05634417234156
ec09bd7c-2fb9-e911-a2c1-c4346bcb1555.000037,37,2.215721319130434,0.1021652311458177,0.1020553143761568,-0.7720899826345682,2.408800241905684,0.4015177346014847,1.411628223959521,0.2948144050478809,1.751296715603997,-0.2780215621844908,1.702779666123569,-0.778033338928166,2.630577749716684,1.657889348115706,11.0107134762687,82.21250699549061,1.176069008384179,0.5830739479925224,1.511587832717875,34.70167855529795,3.915351087739884,6.458514696896413,80.45463266463913,44.32885573573883,0.6435927536962942,0.6602816162463057,6445.257077859786,32341.14223497151,0.991184082361321,0.7070972339401281,0.05871356250579685,0.2278456561479777,28.28668307674747
ec09bd7c-2fb9-e911-a2c1-c4346bcb1555.000038,38,4.441805504824255,0.2494786571669098,2.498566175761568,-0.5369467669030222,0.4579992714525254,-0.7973309214039292,1.082194293336261,-0.9049099602305148,2.235184691727068,0.6689277134755358,0.2131069589380188,0.05174747963644544,18.85365773362174,1.453185776004852,26.73815347050691,28.33953838844726,18.07874215600963,1.239097090909396,4.40445592003025,186.8959910861186,4.239448821889843,8.111645051410177,41.95509958920809,88.8444036259601,0.3450832263939974,0.9329256684937645,2838.545302397976,55307.84444129356,0.9756152140050574,0.4073936502921878,0.2054916564510889,0.2021345595816295,0.6247642290087031
ec09bd7c-2fb9-e911-a2c1-c4346bcb1555.000039,39,2.906570244642273,0.6118899418714081,0.857266336221161,0.4215236813434369,2.283832954578225,-0.7023659189427189,1.288120994518284,0.8869759742987564,0.5455634675399834,0.8203551090700645,0.5095797177667568,-0.09840736762599311,7.500422028448211,0.3817785834547908,48.85875444371167,96.35793435863442,8.471899218162939,0.2100953486805634,8.373470382586085,121.8572009633749,0.8641093464761438,74.73237685377161,82.44939907753806,25.16607014944892,0.736569950945859,0.5600861353112303,3471.200899045958,77103.26249091626,0.159831036168749,0.4185222920897568,0.4348785317102439,0.8276207320190909,66.10291741463732
ec09bd7c-2fb9-e911-a2c1-c4346bcb1555.000040,40,4.720749445080148,0.01470188643305513,0.7481535001625679,-0.3563048136725181,2.831562235234777,-0.5575729807662158,0.4272738805405647,-0.05038854271515891,1.120745457871259,-0.958515215553272,1.595793906410675,-0.8748180122573908,11.25574724310959,0.0874921292073776,1.433768608802149,91.29682741102076,17.08413743506874,1.268470573882332,2.735457614496132,47.25140882807035,4.446950189516438,71.63561303171912,56.12578775731987,21.63775358926056,0.7722328194537275,0.6979949689340705,5903.004928146593,28765.05045686346,0.7384167072750185,0.8357209458536925,0.7371558814117788,0.7342418579639555,80.02848439173856
ec09bd7c-2fb9-e911-a2c1-c4346bcb1555.000041,41,1.691368899930811,0.2304249648414945,2.875289556352035,0.7788069777788769,1.934519614296495,-0.7159702363503451,1.115505391986467,-0.4299300280443858,1.718352642495652,0.577616115763472,0.1851851404068192,0.7973171956543332,6.548454049100169,0.164439038617153,41.15917762001693,24.93806303854883,6.960503088928974,0.1259863086988074,6.992049168532412,137.3443269544606,5.817463373737715,63.37453416872041,79.45803256319462,86.0546924274335,0.7893426093073999,0.7293921633624353,2990.60820880078,84105.64630196418,0.4213339989120614,0.04848217473273248,0.9736681165277038,0.8404269337061426,71.3324884618722
ec09bd7c-2fb9-e911-a2c1-c4346bcb1555.000042,42,4.764086701748917,0.3701252375642923,0.7809231544985655,0.691613158067532,1.051519517399863,-0.4376059505219615,0.4797015217201922,0.4237347949541446,0.2116523686321297,-0.1930321620654998,2.975791961774745,-0.9747747730817766,20.55787087253104,1.882076464479165,22.20542760158052,26.48773316140399,18.41776185753481,0.380292104416406,7.735778045433661,45.40832178346717,3.993099516558414,0.8234504617796481,32.27099233756735,77.61634216247532,0.7867085131961786,0.5870716106230902,1383.833097601465,89332.255041243,0.3423744370027166,0.8437804221278593,0.5893844908127726,0.05191552555353224,12.01122155681401
ec09bd7c-2fb9-e911-a2c1-c4346bcb1555.000043,43,1.10106221348615,0.7518625541460423,0.8018829615324518,0.852633305675865,2.017923358303002,-0.4741318469056943,2.820913248795256,-0.6321930585086,1.204636828427262,0.6117082280680199,2.139770347870712,-0.4814070738223425,25.41347350558539,0.4213682379063775,27.25315161348396,17.77247867945121,9.349226329004857,1.753366232154876,0.9530400492918576,81.56613936046301,0.2452661200812613,95.50814013389379,4.270096446488783,44.98585979644241,0.3709396316847773,0.1065967210424942,5480.693505025104,99438.70437765587,0.9406966962428512,0.2063962112879592,0.3008681985466732,0.04440667607022492,52.18476060758975
ec09bd7c-2fb9-e911-a2c1-c4346bcb1555.000044,44,3.870812604548841,0.647098003917946,0.4006751929556542,0.7827614819407325,1.263653569708207,-0.7801888240230201,1.320826311306538,0.8239866242459557,1.182835774345114,-0.01212470723022019,0.6734094693217489,-0.6093457567700651,19.96787562848575,0.8398731954893225,41.69584468054375,12.7170622452132,14.53826488797621,1.825000918620758,8.46538690986167,18.87282429063717,8.701198765260454,41.10665808349025,63.40176677387618,31.80145565222692,0.9444205630985447,0.4468533784440399,4494.177954308433,6576.077960858826,0.1328594094018807,0.1293142233103201,0.6021019297886592,0.7591293382137458,75.48819308681658
ec09bd7c-2fb9-e911-a2c1-c4346bcb1555.000045,45,5.128568830160643,0.3554850902241687,1.078569423101146,-0.4241807964100738,0.4028657777580429,0.4701455935547163,0.6586268888712679,0.06768077848493603,0.01853779367543303,-0.4532469829198498,1.514031468269412,-0.9272709116377316,14.08500787982718,1.968894511673422,20.27849611974231,20.13739496280485,18.22319497024418,0.306604013864434,8.13727133551484,130.1901576187946,7.93439116951368,12.2607070919595,71.0741159418065,30.69677565723035,0.6705061258333975,0.03334320358344453,3265.092756553996,16276.82773956355,0.03364743567184632,0.6067755056561724,0.4485350055793629,0.09553673399940368,38.52317564789519
ec09bd7c-2fb9-e911-a2c1-c4346bcb1555.000046,46,1.296605871865392,0.7388179067877744,2.282363745613503,0.2765590737386607,2.379744062144886,-0.9624063942095293,1.893767292906725,0.1083058621307365,1.570162340084207,-0.3062836735584015,0.1385986270129209,0.06781497778458023,27.75525896864795,1.387575613678232,18.23094814608897,91.67287224633931,5.07134575309066,0.2580720435546562,2.594891650831363,16.75480392849808,0.620701089053527,42.47750193386681,64.645488307749,97.47553548057365,0.6789520206940776,0.2404838542247212,3880.140190022001,41086.70049447023,0.6906856824310867,0.9247016971998759,0.5836736698186075,0.08350690307122025,18.48082732956789
ec09bd7c-2fb9-e911-a2c1-c4346bcb1555.000047,47,1.934545541980191,0.8082481325324429,2.841714886733106,0.3635634249870283,2.345357961518272,-0.1073209501816964,2.628221961946049,-0.4841598991036684,2.81165619752875,-0.1029652049637344,1.145087684316967,-0.4671371874753851,10.44740644182412,0.008219667395046207,47.53001214481873,13.37037295402725,19.5395239843108,0.926967794713135,8.944646105381993,57.72626056917942,5.139148247416109,98.7449115317666,99.76269578693704,95.58349367651776,0.5303810509374813,0.8737948928768181,9288.602692237788,61306.62422055956,0.292259391498413,0.9452027691172314,0.387839108499455,0.4232736250010841,63.54623249787556
ec09bd7c-2fb9-e911-a2c1-c4346bcb1555.000048,48,4.649006695391206,0.6249716161292465,1.774946469606526,0.9312646719758528,0.9857349505164139,0.7393669604442725,1.191901988831903,0.6296401263579054,0.07718013630769933,-0.1463651709161987,1.005316392316629,-0.8827892155536797,1.879010862401449,1.31868587162402,24.83871213234811,4.41628961889915,7.041836333312641,1.654317653201913,4.784400181943185,65.04277534201141,9.16173811268259,87.84145432399028,27.56606617412988,18.45618360389187,0.1995401979581602,0.2697100831164684,1038.822241323736,24835.37297748857,0.6312605409813766,0.1882306786389211,0.5116700529114434,0.4814619726694964,44.9326675614879
ec09bd7c-2fb9-e911-a2c1-c4346bcb1555.000049,49,2.782917465962927,0.4643597676386625,1.716128835978099,-0.9780396473035118,1.53593405130284,-0.0513436373855034,1.448723086963073,-0.3061523614809459,2.405365183267081,-0.3249293534468081,2.077518678374668,-0.7248534144011354,29.66134079125205,0.03429552288961261,47.18693852407858,85.07039278933773,19.24860756641437,1.388591025208202,7.513939787777288,184.6341447392442,8.46049362987994,44.54638415030842,89.15762938786112,14.16083306240073,0.7528043028329988,0.3972770627039399,7506.580160931202,9114.091055138153,0.4929266638684502,0.5210456209001293,0.3148703455273533,0.1882051866161855,34.43788548440659
ec09bd7c-2fb9-e911-a2c1-c4346bcb1555.000050,50,1.438397967621289,0.5110851347618915,0.6247154151766406,-0.7883192140065849,0.9823588512184339,-0.2553864018887649,0.7058369216519069,0.5983884292699053,1.054715813980596,0.3879555858092751,0.8730154998186159,0.5654727966099937,24.59907263687319,0.2933455709298267,36.08553713328677,98.00929018990259,8.749685318021537,1.460386819514394,3.165820167655974,9.285651753709741,7.479012545713242,24.22000666458027,85.53411656010427,65.42885872834616,0.1153951543168405,0.7784297408736334,9967.559821530866,95235.7622824613,0.601065569449178,0.8573277924012243,0.4015879728696925,0.243181428958579,56.85931266613484
ec09bd7c-2fb9-e911-a2c1-c4346bcb1555.000051,51,5.624385657629602,0.05563102407233406,2.734695828056957,0.9822517392258181,0.1994483093563352,0.4098807949133059,2.674347188884393,-0.1162241346181394,0.8412686037793833,0.4222479778893777,2.494583151573607,-0.988672585827625,24.85433795659708,1.002200594280519,43.52157932941934,78.68053964747665,5.515447831775773,1.57808210787906,6.840924777907208,85.01931120933487,0.5137626238964944,53.28953618539652,96.39487222677687,40.8979898032429,0.6055794048947127,0.4950898435651757,6964.120571140413,87122.39672084997,0.2613803719123807,0.781106094244829,0.1577328272902254,0.3449945284773877,30.15900047994922
ec09bd7c-2fb9-e911-a2c1-c4346bcb1555.000052,52,2.622002993426557,0.08497454403513642,2.590901026311814,-0.0938435609877184,1.692057709400471,0.1647703295883778,1.850131759566832,-0.1460670441428294,0.9570531065915251,-0.6268494015400474,2.337414560683691,-0.02071512003656162,3.014755721350685,1.697820004480242,13.97392219809956,93.62484415394579,2.592759957440251,1.837820105966151,9.664769001602044,124.9875951841634,8.93323923965016,85.84888640474603,66.78242286808444,81.276787524985,0.1423992958705672,0.6493638043383042,6685.707571448844,9706.674577675714,0.8706456875408648,0.6286939495792943,0.6405452953933658,0.4921014403959623,78.16620544447136
ec09bd7c-2fb9-e911-a2c1-c4346bcb1555.000053,53,5.250831742118073,0.5658444230229189,0.3514000485848039,-0.645435235456973,0.4398307428955117,0.8289541161595191,2.880250775994763,0.6192553574913477,2.300369442456612,-0.2237878466070038,1.056086688778327,0.5070684423919858,11.50466217461672,1.235468396221113,33.31509499261128,55.97145672621176,13.2933951567699,0.7441156017454972,2.854842908652625,95.89239150216129,3.240834815207591,32.11981604783804,11.62249761529491,68.84483737204125,0.8949766993367038,0.0975459042508478,4202.328591657173,63401.91872708437,0.554250750884346,0.6918664641143878,0.3099875805743827,0.3010530867986596,34.27440627118099
ec09bd7c-2fb9-e911-a2c1-c4346bcb1555.000054,54,5.082857211017054,0.7093764941611512,1.269949397372454,-0.6819953050630618,2.678929023956618,0.6039990062008378,2.327881531658107,-0.3601321155970573,1.370166848175967,-0.3564203227062306,0.6907229857196776,-0.9561143762670986,11.00168868520353,0.5788701985948199,16.9629870764136,44.40453829339659,2.159704605304379,0.8347609726333879,3.335549118527823,23.29466721379001,1.657344502035192,47.48084681726701,49.63553965776409,48.07017041921333,0.7789170177689938,0.3732879153381886,9214.657612305093,91120.48798047753,0.5623874446905356,0.784101322223094,0.4187769203248921,0.9988544769538399,67.37365223365221
ec09bd7c-2fb9-e911-a2c1-c4346bcb1555.000055,55,4.514254657030728,0.7200526239925953,0.2243364402350024,0.05132196191032756,0.2191259553394548,-0.9109019003695948,0.1447294076203559,-0.5913283018440858,2.446885879827384,0.4575306902285454,1.191545448355563,-0.5595489647740843,21.38937316674539,1.614136644490615,37.83929687954893,59.72508947791911,15.35483192200229,0.6951076872221429,7.105788004478105,166.2004227987561,5.256989096339196,65.8887348020128,20.37010198791894,91.22485642292281,0.4724640245713814,0.4596046490733375,3672.751877773333,22800.98454432544,0.3535572330520337,0.5685382401128971,0.4074954822618891,0.7042849266245659,14.26678796533998
ec09bd7c-2fb9-e911-a2c1-c4346bcb1555.000056,56,2.854273667054826,0.1338600545004029,2.781215602095418,-0.8914332550667023,1.583266519468757,-0.3717767366149445,2.406798144569676,-0.08218748149730604,2.773391849950641,-0.3598137152161142,1.896717311779399,-0.3821022017678667,23.72571544755204,0.1313788157309492,32.24830241899491,87.12816209501894,3.490758010623626,0.1412728999086647,7.389611363863966,174.0194187704855,9.300897731376605,1.969573503821358,73.66420373585164,93.3391835497572,0.3789276719279236,0.8543857929252522,7605.118797642114,81723.89249144349,0.05155410358200378,0.9913677473908132,0.9337327517368819,0.5781447776908585,1.016041665301146
ec09bd7c-2fb9-e911-a2c1-c4346bcb1555.000057,57,1.013931423971043,0.3460651008696823,2.413338101789506,0.2043129025807706,1.965805688523361,-0.2387210059187792,0.6203737024242149,0.3864785669590303,2.102755284575553,-0.5943249070710516,2.314595934893432,-0.7021323519933691,29.2296292894745,0.780156773382307,5.050051544020608,67.77609015601807,12.84940901798542,1.040260835497579,5.639088126427034,50.08969194853198,8.299915685617327,92.15023522536033,23.92871192062891,27.79327387936074,0.5902200468036584,0.7923936587211459,7460.790262135589,50335.51134899262,0.2751379343814915,0.9030347462478961,0.02811358474021366,0.1365233483195581,88.33386076576882
ec09bd7c-2fb9-e911-a2c1-c4346bcb1555.000058,58,1.77717761425899,0.6918373579239193,1.588765197528574,0.3946434084599324,2.972166163670607,0.3729800945559216,2.03263222020998,0.7487590126769808,1.095994788791456,0.972919153587585,1.49767891360807,-0.7865758963247699,11.82078359847503,1.077525668424985,19.24726395251206,99.48632192747647,18.47243777170012,0.9188887518224266,5.539947923732692,102.396169013266,7.804043892111023,94.74703815634072,71.70678983720403,83.08613335759647,0.4323321020212909,0.8616510396568035,6245.005760167721,93176.939656134,0.5090492945975207,0.5900644541792925,0.9505094727812383,0.537057122606273,24.68005973818418
ec09bd7c-2fb9-e911-a2c1-c4346bcb1555.000059,59,3.486901358629326,0.2781523643323543,2.164492789110498,-0.2632328110841379,1.624857245606971,0.5857706742913409,2.935223855659778,0.9675330272644349,2.715481418503778,0.7081170325192243,1.448395892724581,0.9582866643943917,14.84807076691049,1.492714226681323,7.794026473261619,62.65629190292829,3.150051849554689,0.4472033030821601,2.123491798897597,162.9729013335227,4.894703396819277,89.06303001582468,26.07463055206222,50.83005446687425,0.619555089491269,0.3670576727825186,7835.672411741248,26935.50276437842,0.8423006686619345,0.1571616113624243,0.1048641442560069,0.9103086274067079,33.49817799332295
ec09bd7c-2fb9-e911-a2c1-c4346bcb1555.000060,60,4.519230928009386,0.7125753989465369,2.067707746262661,-0.8127960890404592,2.460096917708251,-0.6004870362899362,0.01677451330438852,0.345674137376389,0.2713142536386514,-0.6192551822726723,2.582587258916321,0.2958918373644681,0.4931241018155366,1.504915661180889,13.31305976361063,57.08021376123926,3.717115709562736,1.398475666408,8.6884938170968,94.86666245977528,2.348240674300091,65.17520069745333,1.182256774565658,66.17781821654359,0.9898882782393212,0.3005545950620918,3091.452294032624,63889.4043428859,0.5809785030384798,0.0151723570946108,0.9585142168735834,0.3890509356273051,11.50099038411464
ec09bd7c-2fb9-e911-a2c1-c4346bcb1555.000061,61,5.212771782443771,0.4494548553839387,0.581552464037503,-0.2906371223103118,1.744463651031954,0.2984602114385699,1.368128392915303,-0.1008999398578547,1.330162277912422,-0.5800521183719518,2.674906314356641,-0.6640866494456046,27.1712035376184,1.524823658632991,24.38190061930795,21.41051594904372,13.7517622946695,0.5751033176648532,5.029157658541514,118.4240535321463,0.6964561928733605,51.57777198221171,58.41160997220995,14.94277943078878,0.8120510645038983,0.005486445234791304,9086.622193233148,78555.17447277831,0.1956163907680285,0.4781400494808877,0.3574346794138504,0.835368258204436,31.47746840503229
ec09bd7c-2fb9-e911-a2c1-c4346bcb1555.000062,62,1.981994999114036,0.4586406811888443,0.3818236638043361,-0.3652275263079789,1.799805794747954,0.8657389118919732,2.176573800001711,0.5683895309531712,0.863780479462211,0.8362634074584729,0.4509079792842103,0.4480696198935932,8.917334789653061,0.1769268753376531,39.70521139241836,70.72119006396355,13.13017547903658,0.4927450854010323,3.63619188814423,134.1743874501472,0.4382214296543885,5.667241943987056,84.54873251231486,81.0673237168362,0.4163907507404884,0.9760410476874906,9037.152744058689,69264.37904517371,0.8539647335032337,0.4666606942190439,0.9904066960889969,0.2941941737286978,59.35866185696585
ec09bd7c-2fb9-e911-a2c1-c4346bcb1555.000063,63,3.028992226230415,0.631816398017951,2.447247639180352,0.339615670812651,0.1407498060470079,0.09209950866978445,0.8436787228237155,0.7664929184910161,2.031547152613321,0.1756341022513608,2.382516995105895,0.3133730749119783,4.082591203282155,1.853659814864383,14.46296084930878,56.29552709217818,6.26320218676265,0.6130391196726508,1.782145067980858,21.30688328563322,6.34239052366198,83.84170312778762,57.55540072863346,19.00242507289868,0.5692244395731215,0.7602369651289062,2061.918470301863,31124.71741982885,0.1056483270332596,0.1824640150322071,0.6271116228747514,0.3548000598270581,37.05041532608224
ec09bd7c-2fb9-e911-a2c1-c4346bcb1555.000064,64,3.745531487469446,0.9618621737222882,2.811060402283633,0.1721448829044341,0.6127934655901202,0.6705511406783644,2.18396901063363,0.1615591748579062,2.358567134959942,-0.02199323027126787,2.947989169468636,0.7945978817443464,13.41423250505733,0.06454581794657965,45.79394370110808,5.32183586637028,14.38593829428664,1.938982587356879,1.093061786274912,67.33275823903206,9.477298640793805,54.91273765882367,29.25092815088489,96.68768863453998,0.7055507012759628,0.9401057959890781,7361.313088389653,65467.18035021442,0.1162457340371371,0.9529365849778728,0.5998073686097828,0.634819057082494,9.921306646672413
ec09bd7c-2fb9-e911-a2c1-c4346bcb1555.000065,65,1.220675979309764,0.8882898006886186,1.386070895991889,-0.9969809850426883,2.859613321420095,-0.07999084602765649,0.8500383283774945,0.7105204011536652,0.6133303920474967,-0.1608538488731885,1.195966352200835,-0.6344246940546805,20.1701041091095,0.6560403461929317,27.72931272664057,41.73377097441794,16.71952336632346,0.9992169917923334,3.967661185478863,32.50012143626753,2.658308008049644,60.14797278924555,5.243107816356082,73.25849409986978,0.3299497862359135,0.7495382123370066,4632.427247723387,42789.63249071621,0.9307749669786484,0.8011406013824033,0.6845546178063879,0.573618204249805,72.29022838399494
ec09bd7c-2fb9-e911-a2c1-c4346bcb1555.000066,66,2.313438460525426,0.03506551644346312,0.005933817502349432,-0.4136256767036511,0.8632880617583731,-0.9917750791592416,0.5606565020016577,-0.6547926583554147,0.1347330314894342,0.5507256571655434,0.3358217224183999,0.9706353847148994,27.92920925492297,0.1003695859882854,42.18318570839383,65.35390189726846,0.4842917766045773,1.588591372329747,6.225264468952965,69.8511096077071,3.837593993134494,27.61425147772807,39.40750734731449,89.67688534667066,0.9014024355753151,0.8835613733127401,436.3893569246529,72724.30111157078,0.4125786404585851,0.8882383551167571,0.2681262547833718,0.397001944425885,61.51058814868006
ec09bd7c-2fb9-e911-a2c1-c4346bcb1555.000067,67,4.685087327827866,0.9061311980452573,1.823407838426958,-0.7465758212978157,0.7685133139139222,0.1758224185318076,1.626524533909,-0.3549037637619696,2.061116195673549,0.6825169357973166,2.763832436502239,-0.7655517514055787,25.22830385887145,0.9479971021993575,5.474486059146862,55.36433749710137,19.49832975240843,1.18356906984085,9.815701321181587,159.2842335241787,5.527955198967648,33.68819745012669,86.72541208226824,57.54646339131467,0.8738607743903485,0.06064745056529809,6897.094852939645,57012.25231033689,0.6665069358517145,0.2149816467086219,0.7757520193727349,0.3351787087070129,3.40131381142549
ec09bd7c-2fb9-e911-a2c1-c4346bcb1555.000068,68,5.551779668049417,0.9819786445632981,2.883173752534417,-0.1334983426824086,1.907344036267725,0.4319352129981537,0.4600761422786956,0.2656788191647217,1.580646586623812,-0.3915667496929264,2.569759362714525,0.4589565657888319,15.07704189715149,0.7836212985695455,23.84378143454204,29.74606855628796,12.153287372478,1.413036823193257,4.22466543343689,76.64000654865212,2.958825893967203,11.63657855168083,90.19485646956457,97.82866156663418,0.8505402746091223,0.5806755193021879,3159.590574610907,56451.32956651763,0.06006199262977329,0.5801615043739007,0.7007692364704707,0.5669164086380739,4.232541431452577
ec09bd7c-2fb9-e911-a2c1-c4346bcb1555.000069,69,3.118173251094177,0.7941357751001309,2.024472128589438,0.01139321844371421,0.01181879679173814,-0.06482224127379588,1.744753866522621,0.2229166218157095,2.282386809235609,0.6334676282917628,2.445966467844185,-0.04861435363822852,26.35021016128012,1.738844946002193,25.34888812165243,99.11143971183583,6.243656390967683,0.1914439233896537,7.308520938182578,87.03728597332753,7.111972510037171,99.62043846513951,53.47425685804369,37.99438884418257,0.2365328120351518,0.470280396509611,3812.561738718482,87960.4768724405,0.2681319974796144,0.6194301987879941,0.03860684573754045,0.4635262270183561,76.00692312463741
ec09bd7c-2fb9-e911-a2c1-c4346bcb1555.000070,70,3.978581525035577,0.4060353495312117,2.957247408566972,0.8216681748601884,2.483780604893996,-0.6634104339707914,0.3318539529550015,0.4027882102874374,0.3139792892851404,0.0002118639587562754,2.63844913056235,0.6705494784464945,18.52763161543074,0.3349767045842667,31.53702320670525,15.3064493537673,15.30901869706601,1.290592634632431,6.381876947995853,3.093282655967171,6.262254287026959,15.31668071090705,41.14442424887152,67.47256296949243,0.9954758622769061,0.6903378963246659,9518.3392642283,74955.73231479511,0.6829832887763013,0.7954805838317724,0.5558396238612888,0.2065188983970566,27.62498278346747
ec09bd7c-2fb9-e911-a2c1-c4346bcb1555.000071,71,1.835368637637041,0.7320403440435209,1.626245580628339,0.2360883621942296,0.8828892022297212,-0.9699599098889109,0.3094363901142929,-0.778833351886723,2.063359647117006,-0.9758489976782818,1.471826050710507,0.9068319900259847,23.21865190795197,1.893697130716491,2.484079512326466,6.091362346126564,16.20797006110051,1.155619179066597,0.2533047341337302,176.6271681036932,2.628630242206361,51.09220324424027,92.03864909964925,16.34365884198419,0.268026432690725,0.9600166848618988,6.381776724131844,46159.06631220144,0.1238936184521279,0.7538889192804044,0.5226358775137637,0.275235493098669,22.78670066983788
ec09bd7c-2fb9-e911-a2c1-c4346bcb1555.000072,72,1.326900970913216,0.9409870480324799,0.2484951085354042,-0.9378871610763714,1.062873423138491,0.2243664683991202,2.389165982881696,0.4865744961809562,2.595981368612601,-0.4523106519598239,0.3651878011108007,-0.1121932282225836,8.180666460824288,1.293916431257551,7.098996175821244,34.79477487792839,11.0327153024128,1.728804226485819,5.940831287030508,15.23520362019507,1.800999321827134,87.07641751391418,18.38370539607348,35.28126721127418,0.2516913644362044,0.2557836659704086,4978.128224857332,85805.18623449907,0.154313118121865,0.664075530040464,0.09629162561822603,0.5237728728772818,19.78556950491964
ec09bd7c-2fb9-e911-a2c1-c4346bcb1555.000073,73,2.071475864113983,0.7999307050598149,1.675218412528797,0.3450736511471189,0.03404606382793906,-0.2994487667352805,1.570592247373005,-0.5182815642936801,0.8832694147530726,0.07551965914389469,2.836996040807099,-0.845069320578164,25.92754435149856,1.931586109324811,36.96494068664467,26.92673227881998,4.028218520292096,0.4118471950739022,8.585419916696402,143.5393088537623,6.593962550069817,73.39535452604919,17.51166894194633,85.81256302539524,0.3981517880356571,0.4076628729815279,4567.571909671246,69940.27911286836,0.6046606751478343,0.3443478766068009,0.9825090162031513,0.8116152533280986,39.56753696082421
ec09bd7c-2fb9-e911-a2c1-c4346bcb1555.000074,74,1.650043734698369,0.04209154873412137,1.880222459906649,-0.2794161878754147,0.2598780979720949,-0.6507332760710631,1.345884990128703,0.6916664120479035,2.494904872145035,-0.9148112673047581,2.394038750813674,0.1043653082324985,9.742072222685483,1.944737919456542,40.19150083847728,66.71253273864478,18.61360838151381,1.322551481109619,1.799019678370594,110.2414308446053,6.520510409444274,4.712981395621393,68.87490752335493,8.037174259127514,0.1648524678880289,0.7869353133988103,8920.758940861871,91647.06751723397,0.8119729946266424,0.4413672159650784,0.4958408665345613,0.7461276898516495,69.54613631672316
ec09bd7c-2fb9-e911-a2c1-c4346bcb1555.000075,75,5.805490354155456,0.5844947934271391,2.568107118820719,-0.6356997100882787,1.178944787313275,0.8880598182206836,0.4160216436377701,-0.2752160128389615,1.68736416500373,0.5887667020394225,2.614379651352901,-0.2633084555398821,2.487083925482952,0.4486137716305592,15.65327917674706,69.34833721622414,10.61808562622568,1.925503004077641,0.2336937175797944,99.87295955961402,1.582167038361362,96.4029265120771,16.33131674101539,24.5990921140525,0.8312115618277799,0.1698200925036989,703.3760290442351,77940.37657261547,0.6791141825827243,0.5016549832536995,0.4737325871137127,0.4941524160794557,64.24291171379099
ec09bd7c-2fb9-e911-a2c1-c4346bcb1555.000076,76,2.491814161224936,0.1519796732331999,1.378274511980009,-0.1436942020687445,2.541121617183596,0.1181411226600009,0.07196236821311337,0.5614074609168311,1.287536006038882,-0.6561587649661736,0.4227747924195505,-0.3483648867406312,21.71450499748864,1.419476886214669,36.45472294710386,33.19613288885449,4.368532803877245,0.6840423927055999,5.348456250730521,114.2261310792959,9.717749039060942,62.00301527996236,92.59820229066847,60.68954259449008,0.1625528019539572,0.2646409923795021,8301.555551136817,75896.94233667121,0.8998160574109769,0.6576697033553914,0.2635425159225525,0.4320466919613238,93.58457578320272
ec09bd7c-2fb9-e911-a2c1-c4346bcb1555.000077,77,4.339776742581465,0.2926729771642025,2.68386376756448,0.7173803663888632,2.101004805549716,0.655999879296169,0.79096400169903,-0.9815826936437423,0.1688966138105044,0.1064154110272266,0.773918534017326,0.8588424260371417,14.39147557074319,0.7145905734998762,35.71830380136545,69.54953501106064,17.55077375208739,0.5423661857904363,4.604101327843985,88.09948821573144,4.338030332217649,16.26189193728316,42.98730352441323,17.45747076915124,0.9679216232072241,0.8298575470347915,2336.802660871016,13682.35037257106,0.3039679490825821,0.4030688395280727,0.6715884857123772,0.7678907597754823,85.09490367813402
ec09bd7c-2fb9-e911-a2c1-c4346bcb1555.000078,78,3.341414869153817,0.30354970868661,1.264727138344736,0.6812274236425637,1.387686948550941,0.9523042042324323,2.76618541670175,0.5038932392278681,0.4394058870580431,0.2832929837793059,2.73210021218714,0.2521071153944077,14.04473474257186,1.226936701322138,10.38521352065818,85.89064497728583,7.620072608028513,0.6527640297959246,3.274522965795714,54.61573991545979,2.97211626281275,79.1837050334232,81.92396711361121,84.0782868709226,0.8034864821145128,0.2156712241770405,8076.801600082065,34454.09529583535,0.9560619955491177,0.9329677567025795,0.8411205234590179,0.7809160129893052,19.48455348364151
ec09bd7c-2fb9-e911-a2c1-c4346bcb1555.000079,79,3.400147979817841,0.1594586463843277,1.48752035044371,-0.7588558944180129,0.3102385708240813,0.9297447922603332,2.899005732300526,-0.7156053624533003,1.845936669153591,-0.6790153980806057,1.564580171969983,0.1748244720913574,17.31793514000316,0.5266970937992935,20.4835110600322,22.59354856001065,6.063263219467866,1.446034706758005,6.712313999194345,100.7860537907338,8.391969035916283,39.01939393999641,14.76077976921001,3.826186935503117,0.6971775638613188,0.06959789518670818,5020.033212039876,3878.407871778717,0.3854397668346516,0.232468903875173,0.9108937529319999,0.4405378175739065,2.673321473928233
ec09bd7c-2fb9-e911-a2c1-c4346bcb1555.000080,80,5.004227470180929,0.5533084002225063,2.305487990719403,0.1958020437439034,1.840496596651534,0.635470319433008,0.09537155883893864,0.7846398524277782,1.767860197037944,-0.3758559874174336,2.229795132034495,0.02528477162337062,24.10124993727891,0.7536506764149646,28.7397664392452,6.83290158529527,0.8209589227166797,1.067575006968205,6.759749026604252,4.106016194692399,3.796307119695013,77.86577339125722,98.43252116323981,91.9356715585123,0.8605350232896009,0.4308082640827961,4426.896102951201,3016.475275978777,0.505779411132156,0.7388700705398744,0.8619166776824733,0.5996029699861073,25.87421506118359
ec09bd7c-2fb9-e911-a2c1-c4346bcb1555.000081,81,5.879450453657223,0.1195908620000485,0.5942382836403862,-0.3992550765381994,0.8341584430199267,-0.6220674154399211,1.523464032299252,-0.9164270431387641,2.738554611705911,-0.4990853589880767,0.1484342403471633,-0.2734905853921155,4.54709883038878,1.142168107543878,12.4616576444014,25.10370613917249,11.8070874609055,0.7081374844248487,4.69847379069555,119.2998788386298,4.208840821883923,54.22183105507037,54.72996556804644,85.15042619306494,0.1186022758532137,0.224068150495041,6820.265150716247,52134.68630430321,0.2215635161798729,0.06318082593056602,0.2459546338233339,0.2511477623135288,29.47925456508827
ec09bd7c-2fb9-e911-a2c1-c4346bcb1555.000082,82,2.924487008408907,0.817166699913157,0.7632824075954704,0.8398820758091154,0.7189140079913735,0.03635849857517903,1.231467177313938,-0.8442142337786451,2.273107315310885,-0.2442036866516679,0.7412952065562367,0.6153365633413868,0.8406996284348277,1.096746532101128,0.1265025791972719,61.06318171280719,8.149712864844371,1.2615652518677,5.248032937236072,33.36610665040391,9.449687461379296,48.1150047580261,21.92381763970418,20.13036373403133,0.2952934510384836,0.7033591628657263,5241.254986012599,59212.14546674926,0.4384453589832426,0.594802228769263,0.3321647662266412,0.6152991181163648,91.72948975099823
ec09bd7c-2fb9-e911-a2c1-c4346bcb1555.000083,83,2.732990052679024,0.418825496614937,1.237241197866113,-0.8574636314976163,2.583848628529823,-0.1503645158221488,2.243086915847766,-0.6606541538931195,2.514867392843512,0.2403211756114827,2.782008101382238,-0.9130064829567882,15.96904244878955,1.836703507297982,8.757923546422465,3.506682455645348,8.99245521367809,1.428882581518411,2.338751111396467,147.3843567575348,5.659964220676283,76.50304811027824,2.609863220409649,0.1050422644119485,0.3275188513544908,0.9881882749409181,6613.726494888211,96133.30268346741,0.9931123168516562,0.7440961581038467,0.1361099901921833,0.6966234509979549,57.51085637534479
ec09bd7c-2fb9-e911-a2c1-c4346bcb1555.000084,84,2.580128958762973,0.9475159430232735,1.030118530576079,0.527966812884527,1.211647683077697,0.1408241379023847,2.482519628334972,-0.1576905617395846,1.4769168705529,0.3192588297760082,0.588822286020009,-0.2165262330371759,22.41456665916312,1.473385481190074,38.10974718323473,14.19109452373009,11.91597489485151,1.673443170896799,2.066487784471511,164.7593336875321,2.079625055280726,81.98448039834224,52.11126427116041,42.37127666121257,0.918690805551159,0.1848889856364821,2378.424633972504,7488.267213709602,0.6103416838441681,0.02310671923406525,0.8939481443819978,0.886383860214826,5.76051791153116
ec09bd7c-2fb9-e911-a2c1-c4346bcb1555.000085,85,2.169790984902631,0.1467401576053268,2.345578861165044,-0.4972438859847287,2.338146929127592,-0.7934699424817611,0.5069098228452162,-0.5103796517405097,1.295812796408798,0.7966775000295723,1.649550441785439,0.1413976240090999,22.79138411889626,0.6679662116430393,6.836785905580848,68.42250910762765,12.71121091717381,0.8881713083923942,0.4528883967006805,39.69841287901234,3.285013466262999,43.80118990298685,34.69764475865961,78.17241375872982,0.03490167370997262,0.331074750401446,7150.304928674206,89034.60237473533,0.7996885251823712,0.1330668761072665,0.7625354975862867,0.5603137687485882,99.61239833520786
ec09bd7c-2fb9-e911-a2c1-c4346bcb1555.000086,86,5.442555052146461,0.01764506676233654,1.934253688847456,-0.1213086793747076,1.466811351409389,0.8114872020320798,0.9438362203829626,-0.5332181303954484,1.696861927795921,-0.8599493023993028,0.8175069670830286,-0.8041105407582934,24.72726186481171,1.017503200578358,34.48389053686643,51.43572275137242,2.763637162964927,0.02142942069700525,9.399605163734075,107.664203256385,6.436958082970412,88.64586109907899,7.454258856825903,47.11396840087156,0.5014748793028136,0.6162626339012524,5717.584811811314,38404.87678254442,0.9839446208111393,0.33480488353402,0.6753236816679054,0.106706445046051,2.1392791700907
ec09bd7c-2fb9-e911-a2c1-c4346bcb1555.000087,87,3.180984944234356,0.6605249762299784,2.763091365393366,-0.5286221184782948,0.101551200152353,-0.8134267339459025,2.317057751513556,0.3688262009412098,1.924384536953664,-0.7204843582824948,1.823722581695229,0.830127936254125,18.31391477452925,1.911642207419521,4.537898596225106,31.01823627761134,17.33712107506626,0.72617991242979,9.519941942831133,55.35967969159645,3.745075161544232,21.88397833371217,58.61707225789843,48.75239992451512,0.2311662066875063,0.7977347928319964,481.512748971927,37269.63836272632,0.9683875104237715,0.1425705035684376,0.7834819741032168,0.366367784956994,80.56527031350653
ec09bd7c-2fb9-e911-a2c1-c4346bcb1555.000088,88,3.422254784117824,0.1866769970622859,1.512497632265082,0.9379246982983449,0.2862977932810833,0.2111474459001603,0.3850110930371645,-0.001311501681444893,0.5291498737759937,0.9183444937061442,0.2979753356263776,-0.8994275986276695,23.45891785928026,0.2114101105285759,14.1195904907077,71.99663608679833,1.659383146206388,1.690698141741921,5.599928851393958,97.64582120373859,4.803252286641764,46.05336816423864,19.74016213071628,27.22127171399067,0.3055315834866299,0.9993914207591986,6147.258367247409,74143.96031167067,0.7903315804201271,0.842180856324105,0.7300234953660591,0.130173545970582,98.58527054693542
ec09bd7c-2fb9-e911-a2c1-c4346bcb1555.000089,89,1.414496169992792,0.4728006599715704,0.5610596409962563,-0.8048206949286617,1.879451650225037,0.1900586881956621,1.764913927907409,-0.1741652918310228,2.894070062934864,-0.761660375744584,0.6547837095756679,0.429365909397676,12.89850719290943,0.5986058871131718,22.59097521796366,63.57348913760573,11.67753879838826,0.2345717298457502,1.25598521192342,134.9470013395711,4.73797496799197,40.5051089491368,27.10938011164513,94.97800521231517,0.08062931315752843,0.925876611040446,195.4735731004003,53576.73698196431,0.3494532293729284,0.8950106599817854,0.4901486599419112,0.01758299367627796,50.52907294369391
ec09bd7c-2fb9-e911-a2c1-c4346bcb1555.000090,90,4.061844569168598,0.9193751843376997,1.3057688457223,0.4454290478813865,1.144321670039483,-0.4844713258129584,2.550557648025263,-0.2141688935459272,2.853543680894425,0.03089860194866034,0.3910717865902792,0.3377947373337555,22.03765042804338,0.5738906786934848,1.815750376868989,38.79554695047307,13.95454977492449,0.3445237770819303,4.007816446997993,29.81873623046601,8.658393828234615,0.2504715214147767,45.5671269872301,0.8375335724217614,0.7423098550863493,0.6414988284723875,3420.8657142517,5789.47077883391,0.5629690664853235,0.2516248523216704,0.0430328064070868,0.3241525361908987,60.44313583212372
ec09bd7c-2fb9-e911-a2c1-c4346bcb1555.000091,91,4.043649651735007,0.08826811698412931,1.99056623485168,-0.7233887375983126,1.677819753543896,-0.3470811533176705,2.149551682149906,-0.3189563343303171,0.6564055883458948,-0.1212866507588413,1.426548175180987,0.9053012832662659,8.867151664381867,0.827426562558789,29.77767797309102,39.62751675793719,5.879800943835757,1.469263691443099,4.372980232046374,38.73869130020722,3.520051710816281,84.45251994885487,88.2190483843421,29.33296801125314,0.4535413487288577,0.7210091869396362,1433.751674731838,38953.01753993487,0.7089611567860312,0.3695743929506518,0.4430180258759838,0.6221071523878191,86.16524502437062
ec09bd7c-2fb9-e911-a2c1-c4346bcb1555.000092,92,5.670254913895596,0.2501650452750916,1.33131235886607,0.2924949183478951,1.658643541350522,0.5240589913970461,1.601902753062356,-0.6949474749041393,0.8159235719482132,-0.9351126515491303,1.049853258495576,0.708680744277491,12.58867315451112,0.02122925562393291,44.67600506521836,42.1997788012728,6.499040067437026,1.849962845320651,3.106835547621471,169.9094782904997,9.254770148346395,23.41080142922981,35.57624730773853,79.499823774789,0.6881354767392445,0.1740701905951379,3553.175863058567,19755.66292755221,0.6527453144297466,0.998642834680998,0.6147155374463081,0.6832717786397061,81.72303342564524
ec09bd7c-2fb9-e911-a2c1-c4346bcb1555.000093,93,4.187381582193414,0.4410260751373233,2.112787442474845,-0.06754773617097731,1.350545766609104,-0.6818180388373278,1.570111505175194,-0.9261073755376259,1.503349072506381,0.03938714747612981,2.866386646915689,0.2487198436951958,5.519963614743754,0.368893166231685,32.71452835039211,57.85796171399748,3.888448978374913,1.970651059633374,8.118555011026974,1.23748074725371,1.94161898710168,57.53648874643673,59.64211238230742,56.06680644982358,0.06839171659813204,0.07323132337619027,4746.621942550041,12238.47363356632,0.8328867664847305,0.1110693641837135,0.1111632276603952,0.2586014535298296,60.13966482662092
ec09bd7c-2fb9-e911-a2c1-c4346bcb1555.000094,94,4.965903910956792,0.5561820007305903,1.476022660775835,-0.04435422316363347,0.6831556113012989,-0.164688511544501,1.163270971548585,0.4217190905890078,2.961730924839951,-0.5715729905937232,1.76756447103262,0.3520219261093056,14.73753167370913,0.8647172958664668,34.32354466370191,66.24370223643666,6.738956806547782,0.4547157156111769,8.62789512135507,27.00644272812474,2.013295948931506,73.57885371468382,28.50082901650334,52.32840906868216,0.1760369387559106,0.6312797829162651,6389.058989986267,49053.5577659245,0.8635385883211334,0.962266980134812,0.6911039084579552,0.4060130828517378,76.79215930075533
ec09bd7c-2fb9-e911-a2c1-c4346bcb1555.000095,95,2.4240779104114,0.3175163026289116,2.630669768770157,-0.8676728475914546,2.699203030103637,-0.2809353775734683,0.2740164374452243,-0.140247385917377,0.5076707997476085,0.4038669602932334,1.244782385773116,-0.04493527466521408,5.029654038162199,0.7408793373238403,17.91767263751679,59.00943182528879,15.60310504568625,1.216657109027629,3.440402527723475,191.5318635624085,5.313661501086315,9.357270617625113,60.60855161863692,68.66721003337881,0.9546144822442411,0.7724182277439479,5669.742629088926,33824.4722561398,0.01938529021822837,0.5520089608771067,0.8702056376214634,0.05960151619691023,36.18932886452442
ec09bd7c-2fb9-e911-a2c1-c4346bcb1555.000096,96,5.701268393934619,0.7820881859285913,1.870352139824945,-0.8360301800620464,1.500390918070428,0.6846634041910376,0.9611975860548261,0.3311279800521096,0.8933902139201034,0.6431229015715674,2.265626200032288,-0.8391889534965192,7.345469712255157,1.038011587353821,44.25206423155545,50.41551835334644,11.37294279625618,0.6579377430138502,7.183019444715263,192.4020505209281,1.785665497805555,81.02538033320235,68.36754465290227,62.63427931469246,0.5405424625843098,0.518547468996376,5781.268956173712,93024.40182939675,0.4582265274593968,0.006391981530583683,0.3953878731932976,0.8451233772067387,8.61241789401996
ec09bd7c-2fb9-e911-a2c1-c4346bcb1555.000097,97,3.545114721150907,0.005917728192082973,1.789231406273021,0.4954605571037838,0.2412622305967073,0.4617225843656563,2.217667013238164,0.319667348894038,2.657813061314092,0.4870702297800871,1.22782251410079,-0.1451544991517122,11.2083611519525,0.4960884089559622,14.94712547847488,97.22154437864123,19.17486412570397,0.2802044643351009,6.91570211600175,182.6051232179288,9.593136340478585,86.14946707960033,48.15786049951634,99.71214849532464,0.8181172161267645,0.6757132682627985,7046.905817772712,83696.64771835518,0.2397340658603518,0.5713510049410369,0.6431940732191664,0.1619487328014009,72.73957412388401
ec09bd7c-2fb9-e911-a2c1-c4346bcb1555.000098,98,5.034086373902151,0.321654092149958,1.698202510837989,0.4613262029792236,0.7392506224422492,-0.3194218628505344,0.5746921582579634,0.9889192563656084,1.997379826672578,-0.07794237311481644,1.153380819538186,-0.4447438536579926,5.751411381361367,0.8093231166644301,12.67571612442718,75.6581313878295,10.1855796423929,0.8993062079828589,6.463185715320645,161.9241690330929,5.982068843816059,28.15719640760395,83.96536437716607,66.63662480103801,0.3595759370397001,0.808444711678722,9299.846769018903,48380.4225204977,0.7783057418408804,0.6464503367408448,0.880108088924302,0.9593426694992574,41.61931653916924
ec09bd7c-2fb9-e911-a2c1-c4346bcb1555.000099,99,1.550118503686415,0.3654810615546153,0.4410438981214465,0.06821225527333286,2.636668651597421,0.355387711955903,2.285386451085078,0.2655581331067127,2.875697224511769,0.6936077801771106,0.2790393070273779,-0.1606617299775296,9.979473606290867,1.752583347895746,23.79530609934625,95.49086851435402,1.516219039087165,1.959320160404201,4.496730553999149,170.3977530448137,4.517869102356297,66.96737589380423,30.19832613269243,64.11974499732237,0.5133725169606259,0.6218540033764594,2121.551047291229,20780.09918882449,0.4856695860330099,0.08287815431967152,0.424646971006485,0.6494220327855665,82.30539034263212
ec09bd7c-2fb9-e911-a2c1-c4346bcb1555.000100,100,1.469300629560746,0.2594143096475502,1.073349244646322,-0.222261901993269,2.919767725241191,0.4458773000621461,0.6011604535167967,-0.03221454754878139,1.466899542320807,-0.6916341028411059,1.792669779593881,0.5458291660711971,27.42749091874298,1.264160176916621,30.31379518104477,47.46377507810197,9.592417275904467,1.553203965809174,1.456739487919684,104.9936442337715,0.3801306102919819,27.30982205678598,5.676300172604728,13.03354137182089,0.2746693200927186,0.01901568084860378,1828.03923891792,31608.37112634334,0.0004102041224822214,0.02891962321983446,0.3624129119813778,0.9814228882951305,8.054605085367156
ec09bd7c-2fb9-e911-a2c1-c4346bcb1555.000101,101,4.884505853422247,0.4230847753078262,1.654185785251614,-0.1590318797882747,2.888990317335108,-0.02004214217882083,1.929463001698037,0.949195739592336,1.411201253142512,0.9938334114620013,0.01262570110118071,0.7204755113134746,28.78303013240132,1.390845628636612,16.61000462789795,48.82283825636492,5.198142735428879,0.3921465212688895,1.651849877119653,113.6219525853354,6.84965246059029,68.28092415877616,77.0043336817453,28.68992388760568,0.6812451394788793,0.4289811427161007,1202.154390171002,60388.08574594334,0.5261533274609215,0.09400062083246816,0.7438387150477506,0.6759750759232652,94.41101191058637
ec09bd7c-2fb9-e911-a2c1-c4346bcb1555.000102,102,2.541390373239298,0.06712467578399046,0.3588691687271376,0.6417846119801807,2.057460188605305,0.00852141299915421,2.3487685618897,-0.2815025777044121,1.392850781144707,-0.7774074747559286,0.110254960836405,-0.424893069806527,16.61241957457633,0.6883634016098209,11.87538949611174,1.105497834367621,19.00506525587581,1.915456030794864,9.245871217495601,72.69418840810954,2.242912555055451,25.78089869611995,77.76988481065177,53.08477219156955,0.9730524964275726,0.008444470705364297,4254.162484026318,36277.49470155375,0.8811561208285146,0.2994992465452072,0.1425670381814347,0.8927610463227613,7.291524380258346
ec09bd7c-2fb9-e911-a2c1-c4346bcb1555.000103,103,3.219815940609079,0.2223963717634574,0.2679689598983052,-0.550941503728281,1.727357622435546,-0.5042136601244457,2.809429034746788,-0.9538262988260798,0.1940143768966197,-0.4734338663431911,2.539675350507123,-0.2307300249151841,2.290519133907944,0.473642744766315,3.846921268101909,64.09535826916087,10.6719316645081,1.35658525697569,5.780873151257374,167.886966338609,7.81805694995526,93.88412390266681,78.38243005604355,54.49342098128629,0.7240128340154647,0.09012863362507909,7705.461277913131,84742.59830758417,0.7003068969566401,0.712275935797185,0.9630879190273709,0.03189312892010125,68.52577412609091
ec09bd7c-2fb9-e911-a2c1-c4346bcb1555.000104,104,4.401725814504313,0.9079241685386434,2.001878242364861,-0.2498789533407194,1.485911488035095,-0.5734655144367709,0.2834775283411092,-0.02426849628889904,0.6477124058069668,0.4710120936080335,0.916948996750399,0.7712293782572424,3.205073600959142,0.93449913957673,27.99276349329081,83.41469604187218,19.94036358475752,0.4804067097488128,1.350178235445599,12.63321269053543,1.506299260602746,58.35600741972039,8.435037000586314,34.78543755036876,0.2487649305280037,0.20875168571006,126.8090134712776,67071.7488647646,0.3252390747621356,0.07665161358350332,0.08919420125308505,0.4088562879016699,35.30728279985068
ec09bd7c-2fb9-e911-a2c1-c4346bcb1555.000105,105,2.984676895833126,0.1163665086767966,2.388087576289819,0.7228047761397454,0.5784330107130727,-0.3927412671424529,2.494735273575408,0.9355391024774877,1.541250242998499,0.05793544202663226,2.705699697325237,0.9848189906509037,19.30398366108567,1.574950075902845,28.48931466359038,2.815058118850165,9.52063105461561,1.6606650433946,1.236300729795101,63.14488385775762,4.926623037442791,30.2838434420047,83.07357578063072,46.3585852786101,0.2204351139412813,0.576184929998574,8039.426621663946,64853.54281675612,0.467957918163611,0.08753857919979381,0.7137228108309263,0.1208638414122106,55.27823703439604
ec09bd7c-2fb9-e911-a2c1-c4346bcb1555.000106,106,4.255436705605003,0.7710080159317232,1.735551389772521,0.799317097496042,2.17483323108978,0.06820948059369059,0.1913286853933838,-0.06827875834763375,0.7935086127100202,0.7704299945759963,2.524235691810475,0.3940616974380382,6.223667690390932,1.082634114067327,39.29178551461194,18.40281984812232,17.79669133237574,0.0810024253194111,8.236745494192537,137.5804210718587,1.211393743282116,17.59579895643956,46.55548309807129,59.87623958106245,0.5732227389047432,0.9027479875506765,9452.729011362248,30064.94676393694,0.04343647773038396,0.9811709332919286,0.9377840275473937,0.6601349578932725,53.94846927213899
ec09bd7c-2fb9-e911-a2c1-c4346bcb1555.000107,107,5.917012312544752,0.07584770712668436,1.439689970216035,0.2982878478930475,2.21646554443675,0.3776825109827084,2.961221887422377,0.4564697477728143,0.471752611512449,0.947714412256357,0.9691987518402,0.2083057828796178,3.917833963658848,0.2328331682759332,3.105214949980125,53.76236926867375,18.80482838530165,0.8594949908205674,4.896574668256058,65.78034973385786,9.092182481794524,72.32742540119983,61.00998251687595,61.9826873242058,0.981034391926202,0.2309841993467239,4315.238161845147,51151.02739474084,0.3740598508256411,0.5253543366862051,0.2332214751624395,0.8718195571798446,97.79534821687051
ec09bd7c-2fb9-e911-a2c1-c4346bcb1555.000108,108,3.703799659880027,0.6546636522434026,1.182539045114314,0.7345110512908799,2.139404497114764,-0.6300133094108009,1.990110281798764,-0.6076160600154896,0.9650499378744477,-0.7439222746135095,2.461079621431053,-0.2907820576292972,12.14399879976271,1.776325716412755,16.23820023928449,16.43264165223645,14.82600628901236,1.13593577426067,2.250758033953636,129.6388770809481,1.38387859087747,42.97085571761114,54.36310707738794,98.85584357038533,0.1077389533606683,0.2790752264682505,8199.366343262636,10344.10264840967,0.7827474451834108,0.9123100701469709,0.8080157634181189,0.06479137153664294,79.29555683552394
ec09bd7c-2fb9-e911-a2c1-c4346bcb1555.000109,109,2.472248661528182,0.266896322996528,0.1822729242029931,-0.08500905567863926,0.1740935878630629,0.6177004959633685,2.519286393315185,0.5875435434045186,2.995879150581646,0.1674763583625416,1.530793295652475,-0.3376924889181144,12.74442133854796,1.180638939710935,23.23748842915564,52.56129386301105,4.075249074606854,0.785509833659124,1.1131104597402,75.68177667873269,5.901361731952312,13.86910559709861,56.6754698887318,72.20056654496501,0.206489992011265,0.463710272201638,7285.613179443886,66176.9183378107,0.1714494369799532,0.7667873864074917,0.3406213870105348,0.5072841561123198,41.11453738459739
ec09bd7c-2fb9-e911-a2c1-c4346bcb1555.000110,110,3.506625916210865,0.4871037282180909,2.933886343982222,-0.3759221861123269,2.937083997381978,0.7689185139741137,1.021988330854047,0.2134756283264381,2.124854539013859,0.1363093569725218,1.846668198691807,-0.5394861424757007,4.300437346691242,0.558341501121259,10.66998257580066,90.17010266889318,4.600060409200199,0.7743498016476479,9.166518165242204,62.47059944592978,5.059960298542521,26.43622078119428,75.12368931230348,6.067336887971629,0.3845485494794489,0.1594882886083505,7902.239291484877,21654.96739903018,0.8473558872562114,0.3762220147806656,0.8866071126175603,0.07538233572200768,73.76747552127722
ec09bd7c-2fb9-e911-a2c1-c4346bcb1555.000111,111,2.17762450504802,0.4978540894300079,2.332583933011585,-0.6057363377555738,0.3307318080293052,-0.2043730295614703,1.730548995769083,-0.339777994261249,0.0374048919397473,0.442133347477117,1.984482826285353,-0.5918089661491728,29.92776186773473,1.814688414140715,13.20564960829287,31.86988514658548,15.09412089269451,1.494077251030589,7.921222400195401,28.3017510448039,7.369466194702154,79.85027245288208,94.07966294467397,23.64341747248012,0.8792559078277001,0.4178755805943551,9858.546815696525,15005.55779199206,0.715147331465494,0.4688720000555449,0.7893527588340397,0.8663724678936024,86.98293978226872
ec09bd7c-2fb9-e911-a2c1-c4346bcb1555.000112,112,5.333368561015114,0.3399434738142302,1.95946961554844,0.8965791247827066,0.5610743296108309,0.2513485661609807,1.66176682744441,-0.3951635652671455,2.764190123811641,0.9338075145973905,0.3127137246021333,0.6469893005177803,16.9352749880475,1.450824252827592,25.88046886550581,8.447415731067414,1.795111631986344,1.999316628553553,5.211310064771908,197.3645688381663,9.014319889916067,16.74181278184548,25.40180100613031,59.23257202643244,0.3153763959415944,0.9125818929107359,4039.092091783497,73046.36506842406,0.7246442268747039,0.5317315631499696,0.2505921717002583,0.2197145071676094,43.21188196654592
ec09bd7c-2fb9-e911-a2c1-c4346bcb1555.000113,113,5.469725042923453,0.02466824045456625,1.828690425078679,0.5976021541664056,0.1172867892653134,0.102635800751151,1.69038395861348,-0.2278939121740046,2.477534071925551,-0.5021490079367912,1.755605833880005,0.5848486057619402,15.59068258032586,1.118400384652212,0.6284071494030914,36.58841261442645,9.769540856314325,0.8111445057268567,4.624243327283357,108.2511106219794,2.882304087734262,38.17715091800112,62.43714464805967,80.28799583386882,0.4015682439804425,0.5406083128138278,6071.957933197465,4789.264872776783,0.1455748416943534,0.5584481012226646,0.2007276926147815,0.7358035548273151,6.961037413521446
ec09bd7c-2fb9-e911-a2c1-c4346bcb1555.000114,114,3.3752985186727,0.9993831534983596,0.9294728869005823,-0.9347757958895853,0.9420502876743733,-0.7331137109343201,0.3567190191455544,0.1965479454061949,0.2993916871593234,-0.3378725484076166,2.102554297343521,0.6804561619873153,9.249762115028057,1.304598432467772,49.71773335158016,35.40785037299948,9.065548303192116,1.508787645044316,2.42846399025068,152.6091663005264,4.133246799084414,23.54096379401591,44.73291454684232,33.35282234728562,0.5506282009200699,0.1903550894480333,5110.02575980256,27797.92462295204,0.5413995255663632,0.2001761358056223,0.9018479128415035,0.3710689873154931,13.34937510593353
ec09bd7c-2fb9-e911-a2c1-c4346bcb1555.000115,115,5.992480149262311,0.5357528220077089,0.06091358938512079,-0.1974788497247422,1.124806063481686,0.2861680993670037,2.571699022550518,0.5275193828665607,1.820982513817873,0.2119210262655229,0.7663740893319657,0.6091611944728452,26.77366425622377,0.358144197531263,3.180123284380233,79.33650896474987,6.638836374607688,1.002411153859109,6.065854148300719,24.64518914006987,5.222462288565618,41.8765053637813,86.10849964327714,87.42539963806433,0.2998006774756504,0.8393183556011845,6291.715181553605,71058.74937712027,0.1002097063846558,0.6972390390387451,0.7973262603768693,0.3125409283826119,69.33387761319364
ec09bd7c-2fb9-e911-a2c1-c4346bcb1555.000116,116,3.301921309666938,0.5403443684019629,1.170954726250986,0.1133282160338449,0.5076535960456809,0.5087409877944211,2.856983677012231,0.1444886896155948,0.5941922580632062,-0.8785412411014941,0.7252611815312356,0.8744842823031924,24.33267928439879,1.050315795394955,46.695817957078,12.48180382776405,7.779131348293298,0.8589463690719107,9.709836185497565,92.31074711629856,0.7206206257024905,29.35255644276389,65.07009539917051,40.57991175001865,0.09044782545745372,0.7536026901422098,1756.466601837849,11720.4140628025,0.5755143302080603,0.7334629820152164,0.9942369328395679,0.5892725148895953,92.65547799218118
ec09bd7c-2fb9-e911-a2c1-c4346bcb1555.000117,117,1.241787482664838,0.8562710953572582,2.263312985434319,-0.6911034636153053,1.808033925956876,-0.7550121127128724,1.898475990274865,0.1346200036263998,2.199656688594948,0.9035515331657507,0.4758157738181551,-0.5228024364519377,27.36498485552481,1.965490986472464,38.97857757958572,45.29748343030239,0.07872492089159003,0.1848086234833516,0.4919918292099004,176.1061813453829,8.834700631221764,9.740720638759063,66.08732790678263,34.23294307193804,0.3529420883889859,0.8457400254100558,8367.499244284858,1867.339469207596,0.8200209674644285,0.8252555943816398,0.1767103542169726,0.689582630979197,57.94042698865422
ec09bd7c-2fb9-e911-a2c1-c4346bcb1555.000118,118,4.601864464780888,0.3897741315729394,2.226577173112389,-0.1744684955782243,0.04890257516067216,-0.1840717015589596,2.444331115312546,0.01130589952863659,2.832609944802139,-0.540631825711663,1.343495460910784,0.5488537532177513,7.929620903882396,1.354596026656662,37.34091939399637,2.076824623688263,13.0512488362494,0.9642877545476108,8.002621394216863,60.69261652092579,8.750704063789996,35.47041871421332,91.14451824381224,50.43336538611952,0.441767947781299,0.8165308231631361,8719.842637930848,12785.10935600896,0.2443241503734097,0.0441665316665952,0.3222625033809494,0.951804598149957,46.89252833394499
ec09bd7c-2fb9-e911-a2c1-c4346bcb1555.000119,119,1.86777202667535,0.5306756284778282,0.8350132086378383,-0.96865074806339,2.31618913453944,0.9893279133909745,0.8813617816637698,0.6608304872995852,1.907627706494264,0.8753350697882731,2.893195216121988,0.7353449274605528,4.811889594376419,0.4612466054527039,46.18615590691913,22.72663900810986,2.378187617783317,1.71807564409613,6.61824008814513,195.0020024386321,0.0257620031874474,12.56330087319697,2.124473461870425,2.002706903205418,0.3394715547460201,0.8821165132618202,6561.133254667267,22233.34820482948,0.08866828786406411,0.2795562620331207,0.1266141358354933,0.3784076558867765,16.04924406478166
ec09bd7c-2fb9-e911-a2c1-c4346bcb1555.000120,120,1.361551034368434,0.8222322121843573,0.9442964350097298,0.04632858880144641,1.306070461975207,0.8163807617575196,0.1233641684897551,0.4470004757622641,1.64282105102394,0.1538760159787655,0.8287031969816261,-0.1251963149591971,21.18516848098209,0.7191420602472588,31.78136446627884,81.20130919968955,13.5757200703207,0.5988195931511974,5.839989367123495,123.2883733386532,3.182533213948818,67.24701182462344,69.63484271451435,10.3328352983977,0.05411953244080824,0.3867477513389195,5191.501719521158,51658.71244269815,0.4824170263143501,0.1532492672750282,0.0003047274513150143,0.269315369396617,96.95746794411322
ec09bd7c-2fb9-e911-a2c1-c4346bcb1555.000121,121,1.941456801057245,0.4767159291655289,2.04698509091906,0.559315156227679,1.240476842486697,0.9660684779043331,0.7018010868763465,-0.4190552397531569,2.642346775375379,0.9619417751051058,0.5162033332742202,-0.8231997257608394,28.9536582201265,1.217889137100125,29.32207318469172,46.20533888867487,16.51067792354801,1.200356424925008,9.038476316129792,195.3517393945839,8.544518071559915,2.417132693922514,67.77206504756074,61.25944272347746,0.7613456912359841,0.3999605206649718,9790.832150048669,25776.72252585669,0.2087962986715403,0.6860378306627251,0.8533938415324472,0.8137205238998281,65.17593520483206
ec09bd7c-2fb9-e911-a2c1-c4346bcb1555.000122,122,3.582890990234468,0.2055298290304152,1.349615361338548,0.5054799024855272,1.414044639097503,-0.5406030265851219,0.921943863214785,0.8360006789987202,2.342221861753511,0.2678289569625434,0.6210288328288586,0.2666485239847958,3.638964331223458,1.165421409309587,9.467588609228192,27.60448465314517,14.27049217390003,1.803869409126524,0.003516195140388168,146.039609432344,3.393852676587926,77.2951628147324,47.03561211292377,11.89974227892997,0.4281105965925907,0.5370048404367485,923.5983778638267,90555.32540792723,0.3348682701244329,0.2234992589892023,0.6581132661426023,0.5168706063690123,49.87323485336334
ec09bd7c-2fb9-e911-a2c1-c4346bcb1555.000123,123,2.254954803857594,0.8952486408998332,0.5349197676189237,-0.3263424212584141,2.602585343012643,-0.04146899499528434,1.463198512748433,-0.7947921884133735,1.448939006334431,-0.6593510733539225,1.575150630944707,-0.4063022884990096,16.76723533805915,1.789921953470938,42.33095949948754,32.65684877769542,14.06471074541835,1.874689072251798,9.12356551946744,179.0912899431677,3.644223741763082,37.36817800574219,3.136792482162177,41.78821565224025,0.5192870426528579,0.3138091220528884,1974.691649133117,23716.54272522015,0.08476427300687445,0.2877553457387232,0.8344569827235039,0.6272049332212913,94.67657224199999
ec09bd7c-2fb9-e911-a2c1-c4346bcb1555.000124,124,4.583823247497874,0.8465415648361733,0.7213882166818645,0.6714217698038449,0.7831230411504304,0.3324115265260916,2.055718418561264,0.09181684190874417,1.875500800011736,-0.7990049567668757,1.017145467072605,-0.0005501190464218819,17.3946496867597,0.2611544128740351,22.96578476548909,61.83364070816597,0.4465808654149162,1.096198391886068,9.604669580218644,49.87955034053141,4.630437066098573,91.32765809351355,16.88627137206895,9.842726133095631,0.6111216606126956,0.3093609248739153,5332.166953397158,54659.46424624485,0.5921140071901612,0.4927580037314517,0.2142508363041067,0.7950990662855152,95.34563960881883
ec09bd7c-2fb9-e911-a2c1-c4346bcb1555.000125,125,3.640332150089646,0.5213020936543135,2.106680725475417,-0.575014225085035,1.867765043947271,0.27516716017931,1.799650182014599,-0.7349438045643786,1.157867854625029,-0.7103541525271022,0.559307894462508,-0.748102849008299,18.21359400827453,1.653896897091237,43.31629747016243,0.5673286405790747,10.40757153924906,0.9377386707018022,7.598269672844824,149.9942105923862,6.058721803942232,34.58676293421908,74.57631777682737,74.16293202463027,0.5568687736439228,0.3779959102753992,2207.00634321233,8152.251478954103,0.4730259630638666,0.4878511633088487,0.2235321926126796,0.2187063372581952,53.68875430161913
ec09bd7c-2fb9-e911-a2c1-c4346bcb1555.000126,126,1.132238703263483,0.7451344975301256,0.0795075892958054,-0.4782439934350143,2.514587984799812,0.703605254792427,0.03783033439478682,-0.4660964099445496,1.961266182828451,-0.8223228184005613,2.350413059472122,0.6293036541177084,0.9895239783032597,0.8590348537334193,6.514505836920555,49.99118457541608,10.08609906589878,1.778904484728402,9.319755342591577,40.97299540381836,1.296534427938878,7.297440100253592,49.21585435576413,70.78408249188534,0.7267169623382028,0.5992283473803035,3298.870062220452,80745.26026536885,0.5362945637827077,0.7631972103038855,0.1562273099991273,0.4718812132479598,85.79409945226769
ec09bd7c-2fb9-e911-a2c1-c4346bcb1555.000127,127,2.714933677038554,0.2183987957305991,2.718028075384705,0.8715397670318197,2.978771040541532,-0.8550176987996292,2.736137720746656,-0.3839341216023389,0.7289510569410791,-0.9403192059178334,1.915696367657593,-0.7165334599651398,5.965441826444435,1.581704726429733,17.45985870405238,40.18400301850688,3.021141155935566,1.222392484960166,0.5959977395185446,172.6972727545752,6.885059374869443,96.9324500425136,0.4613246086985809,56.31424798247502,0.4940348774655762,0.1958965057402773,2561.328377733365,40443.29674572789,0.6452430656255956,0.5452146463926584,0.5321166669016991,0.1525769015547211,20.97717421710401
