Sample,Run_Number,Sim_Id
9,462946,974bf86d-4aff-e911-a2c3-c4346bcb1551
14,560388,9c4bf86d-4aff-e911-a2c3-c4346bcb1551
5,269595,934bf86d-4aff-e911-a2c3-c4346bcb1551
59,49521,b64bf86d-4aff-e911-a2c3-c4346bcb1551
24,759211,bb4bf86d-4aff-e911-a2c3-c4346bcb1551
28,215932,bf4bf86d-4aff-e911-a2c3-c4346bcb1551
30,788262,c14bf86d-4aff-e911-a2c3-c4346bcb1551
34,609096,c54bf86d-4aff-e911-a2c3-c4346bcb1551
38,355226,c94bf86d-4aff-e911-a2c3-c4346bcb1551
39,552460,ca4bf86d-4aff-e911-a2c3-c4346bcb1551
83,380306,ce4bf86d-4aff-e911-a2c3-c4346bcb1551
85,916503,d04bf86d-4aff-e911-a2c3-c4346bcb1551
89,487900,d44bf86d-4aff-e911-a2c3-c4346bcb1551
93,879945,d84bf86d-4aff-e911-a2c3-c4346bcb1551
101,682024,dd4bf86d-4aff-e911-a2c3-c4346bcb1551
104,429879,e34bf86d-4aff-e911-a2c3-c4346bcb1551
108,292376,e74bf86d-4aff-e911-a2c3-c4346bcb1551
113,785290,ec4bf86d-4aff-e911-a2c3-c4346bcb1551
119,973972,f24bf86d-4aff-e911-a2c3-c4346bcb1551
125,401120,fb4bf86d-4aff-e911-a2c3-c4346bcb1551
127,79092,ff4bf86d-4aff-e911-a2c3-c4346bcb1551
60,337415,f64bf86d-4aff-e911-a2c3-c4346bcb1551
68,880561,034cf86d-4aff-e911-a2c3-c4346bcb1551
72,223465,074cf86d-4aff-e911-a2c3-c4346bcb1551
77,810111,0c4cf86d-4aff-e911-a2c3-c4346bcb1551
41,992396,a34bf86d-4aff-e911-a2c3-c4346bcb1551
45,169379,a74bf86d-4aff-e911-a2c3-c4346bcb1551
50,544842,ac4bf86d-4aff-e911-a2c3-c4346bcb1551
10,472416,984bf86d-4aff-e911-a2c3-c4346bcb1551
0,780347,8e4bf86d-4aff-e911-a2c3-c4346bcb1551
15,377585,9d4bf86d-4aff-e911-a2c3-c4346bcb1551
2,634698,904bf86d-4aff-e911-a2c3-c4346bcb1551
6,102949,944bf86d-4aff-e911-a2c3-c4346bcb1551
56,447237,b34bf86d-4aff-e911-a2c3-c4346bcb1551
20,29440,b74bf86d-4aff-e911-a2c3-c4346bcb1551
25,34259,bc4bf86d-4aff-e911-a2c3-c4346bcb1551
31,793127,c24bf86d-4aff-e911-a2c3-c4346bcb1551
35,173040,c64bf86d-4aff-e911-a2c3-c4346bcb1551
80,380254,cb4bf86d-4aff-e911-a2c3-c4346bcb1551
84,54137,cf4bf86d-4aff-e911-a2c3-c4346bcb1551
86,590441,d14bf86d-4aff-e911-a2c3-c4346bcb1551
90,820686,d54bf86d-4aff-e911-a2c3-c4346bcb1551
94,544344,d94bf86d-4aff-e911-a2c3-c4346bcb1551
95,109710,da4bf86d-4aff-e911-a2c3-c4346bcb1551
97,657857,de4bf86d-4aff-e911-a2c3-c4346bcb1551
98,830791,e04bf86d-4aff-e911-a2c3-c4346bcb1551
105,975200,e44bf86d-4aff-e911-a2c3-c4346bcb1551
109,829264,e84bf86d-4aff-e911-a2c3-c4346bcb1551
114,772527,ed4bf86d-4aff-e911-a2c3-c4346bcb1551
120,218436,f34bf86d-4aff-e911-a2c3-c4346bcb1551
123,526210,f74bf86d-4aff-e911-a2c3-c4346bcb1551
65,323,004cf86d-4aff-e911-a2c3-c4346bcb1551
69,153273,044cf86d-4aff-e911-a2c3-c4346bcb1551
63,374265,fc4bf86d-4aff-e911-a2c3-c4346bcb1551
73,123122,084cf86d-4aff-e911-a2c3-c4346bcb1551
78,119918,0d4cf86d-4aff-e911-a2c3-c4346bcb1551
18,111119,a04bf86d-4aff-e911-a2c3-c4346bcb1551
42,717034,a44bf86d-4aff-e911-a2c3-c4346bcb1551
46,87421,a84bf86d-4aff-e911-a2c3-c4346bcb1551
51,758930,ad4bf86d-4aff-e911-a2c3-c4346bcb1551
11,647177,994bf86d-4aff-e911-a2c3-c4346bcb1551
12,381342,9a4bf86d-4aff-e911-a2c3-c4346bcb1551
1,140260,8f4bf86d-4aff-e911-a2c3-c4346bcb1551
3,597504,914bf86d-4aff-e911-a2c3-c4346bcb1551
7,929134,954bf86d-4aff-e911-a2c3-c4346bcb1551
52,246664,ae4bf86d-4aff-e911-a2c3-c4346bcb1551
54,21158,b04bf86d-4aff-e911-a2c3-c4346bcb1551
57,305888,b44bf86d-4aff-e911-a2c3-c4346bcb1551
21,680275,b84bf86d-4aff-e911-a2c3-c4346bcb1551
26,650078,bd4bf86d-4aff-e911-a2c3-c4346bcb1551
32,641763,c34bf86d-4aff-e911-a2c3-c4346bcb1551
36,859280,c74bf86d-4aff-e911-a2c3-c4346bcb1551
81,540604,cc4bf86d-4aff-e911-a2c3-c4346bcb1551
87,671459,d24bf86d-4aff-e911-a2c3-c4346bcb1551
91,373165,d64bf86d-4aff-e911-a2c3-c4346bcb1551
100,418784,db4bf86d-4aff-e911-a2c3-c4346bcb1551
102,614476,df4bf86d-4aff-e911-a2c3-c4346bcb1551
103,316134,e14bf86d-4aff-e911-a2c3-c4346bcb1551
106,105397,e54bf86d-4aff-e911-a2c3-c4346bcb1551
110,931726,e94bf86d-4aff-e911-a2c3-c4346bcb1551
111,848554,ea4bf86d-4aff-e911-a2c3-c4346bcb1551
117,884441,f04bf86d-4aff-e911-a2c3-c4346bcb1551
115,991116,ee4bf86d-4aff-e911-a2c3-c4346bcb1551
121,517795,f44bf86d-4aff-e911-a2c3-c4346bcb1551
126,515900,fd4bf86d-4aff-e911-a2c3-c4346bcb1551
66,657756,014cf86d-4aff-e911-a2c3-c4346bcb1551
61,712348,f84bf86d-4aff-e911-a2c3-c4346bcb1551
70,712722,054cf86d-4aff-e911-a2c3-c4346bcb1551
74,625635,094cf86d-4aff-e911-a2c3-c4346bcb1551
75,443873,0a4cf86d-4aff-e911-a2c3-c4346bcb1551
79,286930,0e4cf86d-4aff-e911-a2c3-c4346bcb1551
16,277556,9e4bf86d-4aff-e911-a2c3-c4346bcb1551
19,145471,a14bf86d-4aff-e911-a2c3-c4346bcb1551
43,655788,a54bf86d-4aff-e911-a2c3-c4346bcb1551
47,851726,a94bf86d-4aff-e911-a2c3-c4346bcb1551
48,171055,aa4bf86d-4aff-e911-a2c3-c4346bcb1551
8,980260,964bf86d-4aff-e911-a2c3-c4346bcb1551
13,647903,9b4bf86d-4aff-e911-a2c3-c4346bcb1551
4,482431,924bf86d-4aff-e911-a2c3-c4346bcb1551
53,984941,af4bf86d-4aff-e911-a2c3-c4346bcb1551
55,169124,b14bf86d-4aff-e911-a2c3-c4346bcb1551
58,723628,b54bf86d-4aff-e911-a2c3-c4346bcb1551
22,903224,b94bf86d-4aff-e911-a2c3-c4346bcb1551
23,881203,ba4bf86d-4aff-e911-a2c3-c4346bcb1551
27,436860,be4bf86d-4aff-e911-a2c3-c4346bcb1551
29,161830,c04bf86d-4aff-e911-a2c3-c4346bcb1551
33,350682,c44bf86d-4aff-e911-a2c3-c4346bcb1551
37,794068,c84bf86d-4aff-e911-a2c3-c4346bcb1551
82,790327,cd4bf86d-4aff-e911-a2c3-c4346bcb1551
88,995265,d34bf86d-4aff-e911-a2c3-c4346bcb1551
92,172820,d74bf86d-4aff-e911-a2c3-c4346bcb1551
96,867729,dc4bf86d-4aff-e911-a2c3-c4346bcb1551
99,187734,e24bf86d-4aff-e911-a2c3-c4346bcb1551
107,844007,e64bf86d-4aff-e911-a2c3-c4346bcb1551
112,369883,eb4bf86d-4aff-e911-a2c3-c4346bcb1551
116,766437,ef4bf86d-4aff-e911-a2c3-c4346bcb1551
118,892060,f14bf86d-4aff-e911-a2c3-c4346bcb1551
122,882382,f54bf86d-4aff-e911-a2c3-c4346bcb1551
124,685884,f94bf86d-4aff-e911-a2c3-c4346bcb1551
64,116938,fe4bf86d-4aff-e911-a2c3-c4346bcb1551
67,899617,024cf86d-4aff-e911-a2c3-c4346bcb1551
62,196130,fa4bf86d-4aff-e911-a2c3-c4346bcb1551
71,593607,064cf86d-4aff-e911-a2c3-c4346bcb1551
76,267343,0b4cf86d-4aff-e911-a2c3-c4346bcb1551
17,34334,9f4bf86d-4aff-e911-a2c3-c4346bcb1551
40,562982,a24bf86d-4aff-e911-a2c3-c4346bcb1551
44,825168,a64bf86d-4aff-e911-a2c3-c4346bcb1551
49,71594,ab4bf86d-4aff-e911-a2c3-c4346bcb1551
